UNITID,EFFYALEV,EFFYLEV,LSTUDY,XEYTOTLT,EFYTOTLT,XEYTOTLM,EFYTOTLM,XEYTOTLW,EFYTOTLW,XEFYAIAT,EFYAIANT,XEFYAIAM,EFYAIANM,XEFYAIAW,EFYAIANW,XEFYASIT,EFYASIAT,XEFYASIM,EFYASIAM,XEFYASIW,EFYASIAW,XEFYBKAT,EFYBKAAT,XEFYBKAM,EFYBKAAM,XEFYBKAW,EFYBKAAW,XEFYHIST,EFYHISPT,XEFYHISM,EFYHISPM,XEFYHISW,EFYHISPW,XEFYNHPT,EFYNHPIT,XEFYNHPM,EFYNHPIM,XEFYNHPW,EFYNHPIW,XEFYWHIT,EFYWHITT,XEFYWHIM,EFYWHITM,XEFYWHIW,EFYWHITW,XEFY2MOT,EFY2MORT,XEFY2MOM,EFY2MORM,XEFY2MOW,EFY2MORW,XEYUNKNT,EFYUNKNT,XEYUNKNM,EFYUNKNM,XEYUNKNW,EFYUNKNW,XEYNRALT,EFYNRALT,XEYNRALM,EFYNRALM,XEYNRALW,EFYNRALW,XEFYGUUN,EFYGUUN,XEFYGUKN,EFYGUKN,YEAR
222567,1,1,999,R,7842,R,3235,R,4607,R,53,R,22,R,31,R,760,R,320,R,440,R,1487,R,571,R,916,R,2977,R,1173,R,1804,R,8,R,5,R,3,R,2326,R,1042,R,1284,R,0,R,0,R,0,R,163,R,81,R,82,R,68,R,21,R,47,R,0.0,R,7842.0,2025
222567,2,2,1,R,7842,R,3235,R,4607,R,53,R,22,R,31,R,760,R,320,R,440,R,1487,R,571,R,916,R,2977,R,1173,R,1804,R,8,R,5,R,3,R,2326,R,1042,R,1284,R,0,R,0,R,0,R,163,R,81,R,82,R,68,R,21,R,47,R,0.0,R,7842.0,2025
222567,3,-2,1,R,4104,R,1688,R,2416,R,31,R,14,R,17,R,230,R,93,R,137,R,769,R,315,R,454,R,1670,R,628,R,1042,R,5,R,4,R,1,R,1278,R,586,R,692,R,0,R,0,R,0,R,77,R,38,R,39,R,44,R,10,R,34,A,,A,,2025
222567,4,-2,1,R,1005,R,500,R,505,R,9,R,4,R,5,R,69,R,30,R,39,R,161,R,91,R,70,R,434,R,193,R,241,R,1,R,1,R,0,R,309,R,170,R,139,R,0,R,0,R,0,R,20,R,10,R,10,R,2,R,1,R,1,A,,A,,2025
222567,5,-2,1,R,3099,R,1188,R,1911,R,22,R,10,R,12,R,161,R,63,R,98,R,608,R,224,R,384,R,1236,R,435,R,801,R,4,R,3,R,1,R,969,R,416,R,553,R,0,R,0,R,0,R,57,R,28,R,29,R,42,R,9,R,33,A,,A,,2025
222567,11,-2,1,R,3738,R,1547,R,2191,R,22,R,8,R,14,R,530,R,227,R,303,R,718,R,256,R,462,R,1307,R,545,R,762,R,3,R,1,R,2,R,1048,R,456,R,592,R,0,R,0,R,0,R,86,R,43,R,43,R,24,R,11,R,13,A,,A,,2025
222567,19,-2,1,R,579,R,194,R,385,R,8,R,3,R,5,R,28,R,14,R,14,R,169,R,39,R,130,R,175,R,48,R,127,R,1,R,1,R,0,R,177,R,81,R,96,R,0,R,0,R,0,R,10,R,5,R,5,R,11,R,3,R,8,A,,A,,2025
222567,20,-2,1,R,2520,R,994,R,1526,R,14,R,7,R,7,R,133,R,49,R,84,R,439,R,185,R,254,R,1061,R,387,R,674,R,3,R,2,R,1,R,792,R,335,R,457,R,0,R,0,R,0,R,47,R,23,R,24,R,31,R,6,R,25,A,,A,,2025
222567,21,-2,999,R,2286,R,979,R,1307,R,23,R,9,R,14,R,204,R,79,R,125,R,409,R,154,R,255,R,860,R,337,R,523,R,3,R,3,R,0,R,710,R,366,R,344,R,0,R,0,R,0,R,50,R,22,R,28,R,27,R,9,R,18,A,,A,,2025
222567,22,-2,1,R,2286,R,979,R,1307,R,23,R,9,R,14,R,204,R,79,R,125,R,409,R,154,R,255,R,860,R,337,R,523,R,3,R,3,R,0,R,710,R,366,R,344,R,0,R,0,R,0,R,50,R,22,R,28,R,27,R,9,R,18,A,,A,,2025
222567,23,-2,1,R,1487,R,665,R,822,R,14,R,6,R,8,R,86,R,37,R,49,R,253,R,108,R,145,R,580,R,229,R,351,R,3,R,3,R,0,R,493,R,258,R,235,R,0,R,0,R,0,R,36,R,18,R,18,R,22,R,6,R,16,A,,A,,2025
222567,24,-2,1,R,532,R,260,R,272,R,9,R,4,R,5,R,45,R,19,R,26,R,75,R,39,R,36,R,219,R,98,R,121,R,1,R,1,R,0,R,171,R,94,R,77,R,0,R,0,R,0,R,12,R,5,R,7,R,0,R,0,R,0,A,,A,,2025
222567,25,-2,1,R,955,R,405,R,550,R,5,R,2,R,3,R,41,R,18,R,23,R,178,R,69,R,109,R,361,R,131,R,230,R,2,R,2,R,0,R,322,R,164,R,158,R,0,R,0,R,0,R,24,R,13,R,11,R,22,R,6,R,16,A,,A,,2025
222567,31,-2,1,R,799,R,314,R,485,R,9,R,3,R,6,R,118,R,42,R,76,R,156,R,46,R,110,R,280,R,108,R,172,R,0,R,0,R,0,R,217,R,108,R,109,R,0,R,0,R,0,R,14,R,4,R,10,R,5,R,3,R,2,A,,A,,2025
222567,39,-2,1,R,257,R,110,R,147,R,3,R,1,R,2,R,10,R,6,R,4,R,64,R,20,R,44,R,78,R,27,R,51,R,1,R,1,R,0,R,89,R,49,R,40,R,0,R,0,R,0,R,6,R,4,R,2,R,6,R,2,R,4,A,,A,,2025
222567,40,-2,1,R,698,R,295,R,403,R,2,R,1,R,1,R,31,R,12,R,19,R,114,R,49,R,65,R,283,R,104,R,179,R,1,R,1,R,0,R,233,R,115,R,118,R,0,R,0,R,0,R,18,R,9,R,9,R,16,R,4,R,12,A,,A,,2025
222567,41,-2,999,R,5556,R,2256,R,3300,R,30,R,13,R,17,R,556,R,241,R,315,R,1078,R,417,R,661,R,2117,R,836,R,1281,R,5,R,2,R,3,R,1616,R,676,R,940,R,0,R,0,R,0,R,113,R,59,R,54,R,41,R,12,R,29,A,,A,,2025
222567,42,-2,1,R,5556,R,2256,R,3300,R,30,R,13,R,17,R,556,R,241,R,315,R,1078,R,417,R,661,R,2117,R,836,R,1281,R,5,R,2,R,3,R,1616,R,676,R,940,R,0,R,0,R,0,R,113,R,59,R,54,R,41,R,12,R,29,A,,A,,2025
222567,43,-2,1,R,2617,R,1023,R,1594,R,17,R,8,R,9,R,144,R,56,R,88,R,516,R,207,R,309,R,1090,R,399,R,691,R,2,R,1,R,1,R,785,R,328,R,457,R,0,R,0,R,0,R,41,R,20,R,21,R,22,R,4,R,18,A,,A,,2025
222567,44,-2,1,R,473,R,240,R,233,R,0,R,0,R,0,R,24,R,11,R,13,R,86,R,52,R,34,R,215,R,95,R,120,R,0,R,0,R,0,R,138,R,76,R,62,R,0,R,0,R,0,R,8,R,5,R,3,R,2,R,1,R,1,A,,A,,2025
222567,45,-2,1,R,2144,R,783,R,1361,R,17,R,8,R,9,R,120,R,45,R,75,R,430,R,155,R,275,R,875,R,304,R,571,R,2,R,1,R,1,R,647,R,252,R,395,R,0,R,0,R,0,R,33,R,15,R,18,R,20,R,3,R,17,A,,A,,2025
222567,51,-2,1,R,2939,R,1233,R,1706,R,13,R,5,R,8,R,412,R,185,R,227,R,562,R,210,R,352,R,1027,R,437,R,590,R,3,R,1,R,2,R,831,R,348,R,483,R,0,R,0,R,0,R,72,R,39,R,33,R,19,R,8,R,11,A,,A,,2025
222567,59,-2,1,R,322,R,84,R,238,R,5,R,2,R,3,R,18,R,8,R,10,R,105,R,19,R,86,R,97,R,21,R,76,R,0,R,0,R,0,R,88,R,32,R,56,R,0,R,0,R,0,R,4,R,1,R,3,R,5,R,1,R,4,A,,A,,2025
222567,60,-2,1,R,1822,R,699,R,1123,R,12,R,6,R,6,R,102,R,37,R,65,R,325,R,136,R,189,R,778,R,283,R,495,R,2,R,1,R,1,R,559,R,220,R,339,R,0,R,0,R,0,R,29,R,14,R,15,R,15,R,2,R,13,A,,A,,2025
222576,1,1,999,R,12016,R,4356,R,7660,R,71,R,32,R,39,R,364,R,139,R,225,R,660,R,266,R,394,R,5752,R,1960,R,3792,R,7,R,1,R,6,R,4475,R,1704,R,2771,R,309,R,101,R,208,R,378,R,153,R,225,Z,0,Z,0,Z,0,R,0.0,R,12016.0,2025
222576,2,2,1,R,12016,R,4356,R,7660,R,71,R,32,R,39,R,364,R,139,R,225,R,660,R,266,R,394,R,5752,R,1960,R,3792,R,7,R,1,R,6,R,4475,R,1704,R,2771,R,309,R,101,R,208,R,378,R,153,R,225,Z,0,Z,0,Z,0,R,0.0,R,12016.0,2025
222576,3,-2,1,R,9549,R,3313,R,6236,R,53,R,20,R,33,R,294,R,109,R,185,R,595,R,239,R,356,R,4797,R,1570,R,3227,R,7,R,1,R,6,R,3311,R,1199,R,2112,R,245,R,78,R,167,R,247,R,97,R,150,Z,0,Z,0,Z,0,A,,A,,2025
222576,4,-2,1,R,2010,R,854,R,1156,R,11,R,3,R,8,R,71,R,31,R,40,R,115,R,52,R,63,R,1032,R,439,R,593,R,2,R,1,R,1,R,644,R,284,R,360,R,55,R,18,R,37,R,80,R,26,R,54,Z,0,Z,0,Z,0,A,,A,,2025
222576,5,-2,1,R,7539,R,2459,R,5080,R,42,R,17,R,25,R,223,R,78,R,145,R,480,R,187,R,293,R,3765,R,1131,R,2634,R,5,Z,0,R,5,R,2667,R,915,R,1752,R,190,R,60,R,130,R,167,R,71,R,96,Z,0,Z,0,Z,0,A,,A,,2025
222576,11,-2,1,R,2467,R,1043,R,1424,R,18,R,12,R,6,R,70,R,30,R,40,R,65,R,27,R,38,R,955,R,390,R,565,Z,0,Z,0,Z,0,R,1164,R,505,R,659,R,64,R,23,R,41,R,131,R,56,R,75,Z,0,Z,0,Z,0,A,,A,,2025
222576,19,-2,1,R,276,R,100,R,176,R,1,R,1,Z,0,R,8,R,4,R,4,R,24,R,16,R,8,R,111,R,32,R,79,Z,0,Z,0,Z,0,R,116,R,39,R,77,R,8,R,4,R,4,R,8,R,4,R,4,Z,0,Z,0,Z,0,A,,A,,2025
222576,20,-2,1,R,7263,R,2359,R,4904,R,41,R,16,R,25,R,215,R,74,R,141,R,456,R,171,R,285,R,3654,R,1099,R,2555,R,5,Z,0,R,5,R,2551,R,876,R,1675,R,182,R,56,R,126,R,159,R,67,R,92,Z,0,Z,0,Z,0,A,,A,,2025
222576,21,-2,999,R,4215,R,1684,R,2531,R,27,R,12,R,15,R,133,R,55,R,78,R,232,R,109,R,123,R,2055,R,789,R,1266,R,3,R,1,R,2,R,1527,R,626,R,901,R,101,R,37,R,64,R,137,R,55,R,82,Z,0,Z,0,Z,0,A,,A,,2025
222576,22,-2,1,R,4215,R,1684,R,2531,R,27,R,12,R,15,R,133,R,55,R,78,R,232,R,109,R,123,R,2055,R,789,R,1266,R,3,R,1,R,2,R,1527,R,626,R,901,R,101,R,37,R,64,R,137,R,55,R,82,Z,0,Z,0,Z,0,A,,A,,2025
222576,23,-2,1,R,3996,R,1603,R,2393,R,26,R,11,R,15,R,126,R,51,R,75,R,228,R,107,R,121,R,1992,R,764,R,1228,R,3,R,1,R,2,R,1397,R,580,R,817,R,97,R,37,R,60,R,127,R,52,R,75,Z,0,Z,0,Z,0,A,,A,,2025
222576,24,-2,1,R,1178,R,535,R,643,R,8,R,2,R,6,R,43,R,23,R,20,R,53,R,24,R,29,R,617,R,278,R,339,R,2,R,1,R,1,R,378,R,180,R,198,R,30,R,11,R,19,R,47,R,16,R,31,Z,0,Z,0,Z,0,A,,A,,2025
222576,25,-2,1,R,2818,R,1068,R,1750,R,18,R,9,R,9,R,83,R,28,R,55,R,175,R,83,R,92,R,1375,R,486,R,889,R,1,Z,0,R,1,R,1019,R,400,R,619,R,67,R,26,R,41,R,80,R,36,R,44,Z,0,Z,0,Z,0,A,,A,,2025
222576,31,-2,1,R,219,R,81,R,138,R,1,R,1,Z,0,R,7,R,4,R,3,R,4,R,2,R,2,R,63,R,25,R,38,Z,0,Z,0,Z,0,R,130,R,46,R,84,R,4,Z,0,R,4,R,10,R,3,R,7,Z,0,Z,0,Z,0,A,,A,,2025
222576,39,-2,1,R,63,R,33,R,30,Z,0,Z,0,Z,0,R,3,R,2,R,1,R,8,R,6,R,2,R,18,R,9,R,9,Z,0,Z,0,Z,0,R,29,R,13,R,16,R,2,R,1,R,1,R,3,R,2,R,1,Z,0,Z,0,Z,0,A,,A,,2025
222576,40,-2,1,R,2755,R,1035,R,1720,R,18,R,9,R,9,R,80,R,26,R,54,R,167,R,77,R,90,R,1357,R,477,R,880,R,1,Z,0,R,1,R,990,R,387,R,603,R,65,R,25,R,40,R,77,R,34,R,43,Z,0,Z,0,Z,0,A,,A,,2025
222576,41,-2,999,R,7801,R,2672,R,5129,R,44,R,20,R,24,R,231,R,84,R,147,R,428,R,157,R,271,R,3697,R,1171,R,2526,R,4,Z,0,R,4,R,2948,R,1078,R,1870,R,208,R,64,R,144,R,241,R,98,R,143,Z,0,Z,0,Z,0,A,,A,,2025
222576,42,-2,1,R,7801,R,2672,R,5129,R,44,R,20,R,24,R,231,R,84,R,147,R,428,R,157,R,271,R,3697,R,1171,R,2526,R,4,Z,0,R,4,R,2948,R,1078,R,1870,R,208,R,64,R,144,R,241,R,98,R,143,Z,0,Z,0,Z,0,A,,A,,2025
222576,43,-2,1,R,5553,R,1710,R,3843,R,27,R,9,R,18,R,168,R,58,R,110,R,367,R,132,R,235,R,2805,R,806,R,1999,R,4,Z,0,R,4,R,1914,R,619,R,1295,R,148,R,41,R,107,R,120,R,45,R,75,Z,0,Z,0,Z,0,A,,A,,2025
222576,44,-2,1,R,832,R,319,R,513,R,3,R,1,R,2,R,28,R,8,R,20,R,62,R,28,R,34,R,415,R,161,R,254,Z,0,Z,0,Z,0,R,266,R,104,R,162,R,25,R,7,R,18,R,33,R,10,R,23,Z,0,Z,0,Z,0,A,,A,,2025
222576,45,-2,1,R,4721,R,1391,R,3330,R,24,R,8,R,16,R,140,R,50,R,90,R,305,R,104,R,201,R,2390,R,645,R,1745,R,4,Z,0,R,4,R,1648,R,515,R,1133,R,123,R,34,R,89,R,87,R,35,R,52,Z,0,Z,0,Z,0,A,,A,,2025
222576,51,-2,1,R,2248,R,962,R,1286,R,17,R,11,R,6,R,63,R,26,R,37,R,61,R,25,R,36,R,892,R,365,R,527,Z,0,Z,0,Z,0,R,1034,R,459,R,575,R,60,R,23,R,37,R,121,R,53,R,68,Z,0,Z,0,Z,0,A,,A,,2025
222576,59,-2,1,R,213,R,67,R,146,R,1,R,1,Z,0,R,5,R,2,R,3,R,16,R,10,R,6,R,93,R,23,R,70,Z,0,Z,0,Z,0,R,87,R,26,R,61,R,6,R,3,R,3,R,5,R,2,R,3,Z,0,Z,0,Z,0,A,,A,,2025
222576,60,-2,1,R,4508,R,1324,R,3184,R,23,R,7,R,16,R,135,R,48,R,87,R,289,R,94,R,195,R,2297,R,622,R,1675,R,4,Z,0,R,4,R,1561,R,489,R,1072,R,117,R,31,R,86,R,82,R,33,R,49,Z,0,Z,0,Z,0,A,,A,,2025
222822,1,1,999,R,5510,R,1896,R,3614,R,36,R,11,R,25,R,52,R,20,R,32,R,803,R,212,R,591,R,1771,R,640,R,1131,R,5,R,3,R,2,R,2469,R,871,R,1598,R,144,R,44,R,100,R,116,R,47,R,69,R,114,R,48,R,66,R,0.0,R,5510.0,2025
222822,2,2,1,R,5510,R,1896,R,3614,R,36,R,11,R,25,R,52,R,20,R,32,R,803,R,212,R,591,R,1771,R,640,R,1131,R,5,R,3,R,2,R,2469,R,871,R,1598,R,144,R,44,R,100,R,116,R,47,R,69,R,114,R,48,R,66,R,0.0,R,5510.0,2025
222822,3,-2,1,R,3465,R,1022,R,2443,R,29,R,8,R,21,R,18,R,3,R,15,R,574,R,128,R,446,R,1137,R,353,R,784,R,2,R,0,R,2,R,1476,R,451,R,1025,R,89,R,22,R,67,R,40,R,12,R,28,R,100,R,45,R,55,A,,A,,2025
222822,4,-2,1,R,1011,R,396,R,615,R,6,R,3,R,3,R,4,R,0,R,4,R,146,R,51,R,95,R,370,R,152,R,218,R,1,R,0,R,1,R,402,R,157,R,245,R,29,R,5,R,24,R,15,R,6,R,9,R,38,R,22,R,16,A,,A,,2025
222822,5,-2,1,R,2454,R,626,R,1828,R,23,R,5,R,18,R,14,R,3,R,11,R,428,R,77,R,351,R,767,R,201,R,566,R,1,R,0,R,1,R,1074,R,294,R,780,R,60,R,17,R,43,R,25,R,6,R,19,R,62,R,23,R,39,A,,A,,2025
222822,11,-2,1,R,2045,R,874,R,1171,R,7,R,3,R,4,R,34,R,17,R,17,R,229,R,84,R,145,R,634,R,287,R,347,R,3,R,3,R,0,R,993,R,420,R,573,R,55,R,22,R,33,R,76,R,35,R,41,R,14,R,3,R,11,A,,A,,2025
222822,19,-2,1,R,335,R,91,R,244,R,2,R,0,R,2,R,1,R,0,R,1,R,82,R,23,R,59,R,62,R,13,R,49,R,1,R,0,R,1,R,166,R,49,R,117,R,9,R,2,R,7,R,2,R,2,R,0,R,10,R,2,R,8,A,,A,,2025
222822,20,-2,1,R,2119,R,535,R,1584,R,21,R,5,R,16,R,13,R,3,R,10,R,346,R,54,R,292,R,705,R,188,R,517,R,0,R,0,R,0,R,908,R,245,R,663,R,51,R,15,R,36,R,23,R,4,R,19,R,52,R,21,R,31,A,,A,,2025
222822,21,-2,999,R,1586,R,551,R,1035,R,12,R,6,R,6,R,8,R,3,R,5,R,211,R,63,R,148,R,523,R,173,R,350,R,1,R,0,R,1,R,693,R,254,R,439,R,50,R,14,R,36,R,23,R,7,R,16,R,65,R,31,R,34,A,,A,,2025
222822,22,-2,1,R,1586,R,551,R,1035,R,12,R,6,R,6,R,8,R,3,R,5,R,211,R,63,R,148,R,523,R,173,R,350,R,1,R,0,R,1,R,693,R,254,R,439,R,50,R,14,R,36,R,23,R,7,R,16,R,65,R,31,R,34,A,,A,,2025
222822,23,-2,1,R,1424,R,486,R,938,R,12,R,6,R,6,R,4,R,0,R,4,R,190,R,57,R,133,R,473,R,155,R,318,R,1,R,0,R,1,R,624,R,221,R,403,R,45,R,12,R,33,R,17,R,5,R,12,R,58,R,30,R,28,A,,A,,2025
222822,24,-2,1,R,575,R,217,R,358,R,3,R,2,R,1,R,3,R,0,R,3,R,69,R,23,R,46,R,197,R,73,R,124,R,1,R,0,R,1,R,242,R,93,R,149,R,19,R,5,R,14,R,11,R,4,R,7,R,30,R,17,R,13,A,,A,,2025
222822,25,-2,1,R,849,R,269,R,580,R,9,R,4,R,5,R,1,R,0,R,1,R,121,R,34,R,87,R,276,R,82,R,194,R,0,R,0,R,0,R,382,R,128,R,254,R,26,R,7,R,19,R,6,R,1,R,5,R,28,R,13,R,15,A,,A,,2025
222822,31,-2,1,R,162,R,65,R,97,R,0,R,0,R,0,R,4,R,3,R,1,R,21,R,6,R,15,R,50,R,18,R,32,R,0,R,0,R,0,R,69,R,33,R,36,R,5,R,2,R,3,R,6,R,2,R,4,R,7,R,1,R,6,A,,A,,2025
222822,39,-2,1,R,114,R,41,R,73,R,1,R,0,R,1,R,0,R,0,R,0,R,26,R,12,R,14,R,23,R,8,R,15,R,0,R,0,R,0,R,54,R,19,R,35,R,5,R,1,R,4,R,0,R,0,R,0,R,5,R,1,R,4,A,,A,,2025
222822,40,-2,1,R,735,R,228,R,507,R,8,R,4,R,4,R,1,R,0,R,1,R,95,R,22,R,73,R,253,R,74,R,179,R,0,R,0,R,0,R,328,R,109,R,219,R,21,R,6,R,15,R,6,R,1,R,5,R,23,R,12,R,11,A,,A,,2025
222822,41,-2,999,R,3924,R,1345,R,2579,R,24,R,5,R,19,R,44,R,17,R,27,R,592,R,149,R,443,R,1248,R,467,R,781,R,4,R,3,R,1,R,1776,R,617,R,1159,R,94,R,30,R,64,R,93,R,40,R,53,R,49,R,17,R,32,A,,A,,2025
222822,42,-2,1,R,3924,R,1345,R,2579,R,24,R,5,R,19,R,44,R,17,R,27,R,592,R,149,R,443,R,1248,R,467,R,781,R,4,R,3,R,1,R,1776,R,617,R,1159,R,94,R,30,R,64,R,93,R,40,R,53,R,49,R,17,R,32,A,,A,,2025
222822,43,-2,1,R,2041,R,536,R,1505,R,17,R,2,R,15,R,14,R,3,R,11,R,384,R,71,R,313,R,664,R,198,R,466,R,1,R,0,R,1,R,852,R,230,R,622,R,44,R,10,R,34,R,23,R,7,R,16,R,42,R,15,R,27,A,,A,,2025
222822,44,-2,1,R,436,R,179,R,257,R,3,R,1,R,2,R,1,R,0,R,1,R,77,R,28,R,49,R,173,R,79,R,94,R,0,R,0,R,0,R,160,R,64,R,96,R,10,R,0,R,10,R,4,R,2,R,2,R,8,R,5,R,3,A,,A,,2025
222822,45,-2,1,R,1605,R,357,R,1248,R,14,R,1,R,13,R,13,R,3,R,10,R,307,R,43,R,264,R,491,R,119,R,372,R,1,R,0,R,1,R,692,R,166,R,526,R,34,R,10,R,24,R,19,R,5,R,14,R,34,R,10,R,24,A,,A,,2025
222822,51,-2,1,R,1883,R,809,R,1074,R,7,R,3,R,4,R,30,R,14,R,16,R,208,R,78,R,130,R,584,R,269,R,315,R,3,R,3,R,0,R,924,R,387,R,537,R,50,R,20,R,30,R,70,R,33,R,37,R,7,R,2,R,5,A,,A,,2025
222822,59,-2,1,R,221,R,50,R,171,R,1,R,0,R,1,R,1,R,0,R,1,R,56,R,11,R,45,R,39,R,5,R,34,R,1,R,0,R,1,R,112,R,30,R,82,R,4,R,1,R,3,R,2,R,2,R,0,R,5,R,1,R,4,A,,A,,2025
222822,60,-2,1,R,1384,R,307,R,1077,R,13,R,1,R,12,R,12,R,3,R,9,R,251,R,32,R,219,R,452,R,114,R,338,R,0,R,0,R,0,R,580,R,136,R,444,R,30,R,9,R,21,R,17,R,3,R,14,R,29,R,9,R,20,A,,A,,2025
222831,1,1,999,R,13149,R,5360,R,7789,R,39,R,15,R,24,R,216,R,107,R,109,R,714,R,316,R,398,R,4847,R,1862,R,2985,R,13,R,4,R,9,R,6440,R,2687,R,3753,R,423,R,177,R,246,R,84,R,31,R,53,R,373,R,161,R,212,R,0.0,R,13149.0,2025
222831,2,2,1,R,10634,R,4574,R,6060,R,36,R,15,R,21,R,158,R,81,R,77,R,468,R,229,R,239,R,4064,R,1637,R,2427,R,11,R,4,R,7,R,5169,R,2295,R,2874,R,338,R,147,R,191,R,56,R,24,R,32,R,334,R,142,R,192,R,0.0,R,10634.0,2025
222831,3,-2,1,R,6237,R,2705,R,3532,R,20,R,9,R,11,R,81,R,40,R,41,R,369,R,190,R,179,R,2581,R,1018,R,1563,R,7,R,3,R,4,R,2647,R,1191,R,1456,R,214,R,99,R,115,R,43,R,20,R,23,R,275,R,135,R,140,A,,A,,2025
222831,4,-2,1,R,1586,R,692,R,894,R,9,R,3,R,6,R,14,R,8,R,6,R,84,R,51,R,33,R,661,R,252,R,409,R,2,Z,0,R,2,R,672,R,312,R,360,R,55,R,23,R,32,R,9,R,7,R,2,R,80,R,36,R,44,A,,A,,2025
222831,5,-2,1,R,4651,R,2013,R,2638,R,11,R,6,R,5,R,67,R,32,R,35,R,285,R,139,R,146,R,1920,R,766,R,1154,R,5,R,3,R,2,R,1975,R,879,R,1096,R,159,R,76,R,83,R,34,R,13,R,21,R,195,R,99,R,96,A,,A,,2025
222831,11,-2,1,R,4397,R,1869,R,2528,R,16,R,6,R,10,R,77,R,41,R,36,R,99,R,39,R,60,R,1483,R,619,R,864,R,4,R,1,R,3,R,2522,R,1104,R,1418,R,124,R,48,R,76,R,13,R,4,R,9,R,59,R,7,R,52,A,,A,,2025
222831,12,4,3,R,2515,R,786,R,1729,R,3,Z,0,R,3,R,58,R,26,R,32,R,246,R,87,R,159,R,783,R,225,R,558,R,2,Z,0,R,2,R,1271,R,392,R,879,R,85,R,30,R,55,R,28,R,7,R,21,R,39,R,19,R,20,R,0.0,R,2515.0,2025
222831,19,-2,1,R,699,R,278,R,421,R,3,Z,0,R,3,R,9,R,5,R,4,R,55,R,25,R,30,R,271,R,88,R,183,Z,0,Z,0,Z,0,R,268,R,122,R,146,R,24,R,13,R,11,R,9,R,3,R,6,R,60,R,22,R,38,A,,A,,2025
222831,20,-2,1,R,3952,R,1735,R,2217,R,8,R,6,R,2,R,58,R,27,R,31,R,230,R,114,R,116,R,1649,R,678,R,971,R,5,R,3,R,2,R,1707,R,757,R,950,R,135,R,63,R,72,R,25,R,10,R,15,R,135,R,77,R,58,A,,A,,2025
222831,21,-2,999,R,7025,R,2802,R,4223,R,21,R,8,R,13,R,100,R,50,R,50,R,449,R,216,R,233,R,2721,R,1012,R,1709,R,9,R,3,R,6,R,3079,R,1236,R,1843,R,236,R,103,R,133,R,46,R,19,R,27,R,364,R,155,R,209,A,,A,,2025
222831,22,-2,1,R,5683,R,2416,R,3267,R,19,R,8,R,11,R,72,R,39,R,33,R,325,R,167,R,158,R,2302,R,896,R,1406,R,7,R,3,R,4,R,2400,R,1055,R,1345,R,191,R,90,R,101,R,35,R,17,R,18,R,332,R,141,R,191,A,,A,,2025
222831,23,-2,1,R,5467,R,2353,R,3114,R,19,R,8,R,11,R,68,R,37,R,31,R,323,R,166,R,157,R,2244,R,874,R,1370,R,7,R,3,R,4,R,2309,R,1025,R,1284,R,189,R,89,R,100,R,35,R,17,R,18,R,273,R,134,R,139,A,,A,,2025
222831,24,-2,1,R,1559,R,683,R,876,R,9,R,3,R,6,R,14,R,8,R,6,R,84,R,51,R,33,R,647,R,247,R,400,R,2,Z,0,R,2,R,660,R,308,R,352,R,54,R,23,R,31,R,9,R,7,R,2,R,80,R,36,R,44,A,,A,,2025
222831,25,-2,1,R,3908,R,1670,R,2238,R,10,R,5,R,5,R,54,R,29,R,25,R,239,R,115,R,124,R,1597,R,627,R,970,R,5,R,3,R,2,R,1649,R,717,R,932,R,135,R,66,R,69,R,26,R,10,R,16,R,193,R,98,R,95,A,,A,,2025
222831,31,-2,1,R,216,R,63,R,153,Z,0,Z,0,Z,0,R,4,R,2,R,2,R,2,R,1,R,1,R,58,R,22,R,36,Z,0,Z,0,Z,0,R,91,R,30,R,61,R,2,R,1,R,1,Z,0,Z,0,Z,0,R,59,R,7,R,52,A,,A,,2025
222831,32,-2,3,R,1342,R,386,R,956,R,2,Z,0,R,2,R,28,R,11,R,17,R,124,R,49,R,75,R,419,R,116,R,303,R,2,Z,0,R,2,R,679,R,181,R,498,R,45,R,13,R,32,R,11,R,2,R,9,R,32,R,14,R,18,A,,A,,2025
222831,39,-2,1,R,554,R,216,R,338,R,3,Z,0,R,3,R,7,R,4,R,3,R,45,R,22,R,23,R,201,R,65,R,136,Z,0,Z,0,Z,0,R,213,R,92,R,121,R,19,R,9,R,10,R,6,R,2,R,4,R,60,R,22,R,38,A,,A,,2025
222831,40,-2,1,R,3354,R,1454,R,1900,R,7,R,5,R,2,R,47,R,25,R,22,R,194,R,93,R,101,R,1396,R,562,R,834,R,5,R,3,R,2,R,1436,R,625,R,811,R,116,R,57,R,59,R,20,R,8,R,12,R,133,R,76,R,57,A,,A,,2025
222831,41,-2,999,R,6124,R,2558,R,3566,R,18,R,7,R,11,R,116,R,57,R,59,R,265,R,100,R,165,R,2126,R,850,R,1276,R,4,R,1,R,3,R,3361,R,1451,R,1910,R,187,R,74,R,113,R,38,R,12,R,26,R,9,R,6,R,3,A,,A,,2025
222831,42,-2,1,R,4951,R,2158,R,2793,R,17,R,7,R,10,R,86,R,42,R,44,R,143,R,62,R,81,R,1762,R,741,R,1021,R,4,R,1,R,3,R,2769,R,1240,R,1529,R,147,R,57,R,90,R,21,R,7,R,14,R,2,R,1,R,1,A,,A,,2025
222831,43,-2,1,R,770,R,352,R,418,R,1,R,1,Z,0,R,13,R,3,R,10,R,46,R,24,R,22,R,337,R,144,R,193,Z,0,Z,0,Z,0,R,338,R,166,R,172,R,25,R,10,R,15,R,8,R,3,R,5,R,2,R,1,R,1,A,,A,,2025
222831,44,-2,1,R,27,R,9,R,18,Z,0,Z,0,Z,0,Z,0,Z,0,Z,0,Z,0,Z,0,Z,0,R,14,R,5,R,9,Z,0,Z,0,Z,0,R,12,R,4,R,8,R,1,Z,0,R,1,Z,0,Z,0,Z,0,Z,0,Z,0,Z,0,A,,A,,2025
222831,45,-2,1,R,743,R,343,R,400,R,1,R,1,Z,0,R,13,R,3,R,10,R,46,R,24,R,22,R,323,R,139,R,184,Z,0,Z,0,Z,0,R,326,R,162,R,164,R,24,R,10,R,14,R,8,R,3,R,5,R,2,R,1,R,1,A,,A,,2025
222831,51,-2,1,R,4181,R,1806,R,2375,R,16,R,6,R,10,R,73,R,39,R,34,R,97,R,38,R,59,R,1425,R,597,R,828,R,4,R,1,R,3,R,2431,R,1074,R,1357,R,122,R,47,R,75,R,13,R,4,R,9,Z,0,Z,0,Z,0,A,,A,,2025
222831,52,-2,3,R,1173,R,400,R,773,R,1,Z,0,R,1,R,30,R,15,R,15,R,122,R,38,R,84,R,364,R,109,R,255,Z,0,Z,0,Z,0,R,592,R,211,R,381,R,40,R,17,R,23,R,17,R,5,R,12,R,7,R,5,R,2,A,,A,,2025
222831,59,-2,1,R,145,R,62,R,83,Z,0,Z,0,Z,0,R,2,R,1,R,1,R,10,R,3,R,7,R,70,R,23,R,47,Z,0,Z,0,Z,0,R,55,R,30,R,25,R,5,R,4,R,1,R,3,R,1,R,2,Z,0,Z,0,Z,0,A,,A,,2025
222831,60,-2,1,R,598,R,281,R,317,R,1,R,1,Z,0,R,11,R,2,R,9,R,36,R,21,R,15,R,253,R,116,R,137,Z,0,Z,0,Z,0,R,271,R,132,R,139,R,19,R,6,R,13,R,5,R,2,R,3,R,2,R,1,R,1,A,,A,,2025
222992,1,1,999,R,63513,R,27109,R,36404,R,225,R,101,R,124,R,6524,R,2930,R,3594,R,5586,R,2025,R,3561,R,24744,R,9936,R,14808,R,108,R,51,R,57,R,22790,R,10525,R,12265,R,2458,R,1067,R,1391,R,237,R,111,R,126,R,841,R,363,R,478,R,0.0,R,63513.0,2025
222992,2,2,1,R,63513,R,27109,R,36404,R,225,R,101,R,124,R,6524,R,2930,R,3594,R,5586,R,2025,R,3561,R,24744,R,9936,R,14808,R,108,R,51,R,57,R,22790,R,10525,R,12265,R,2458,R,1067,R,1391,R,237,R,111,R,126,R,841,R,363,R,478,R,0.0,R,63513.0,2025
222992,3,-2,1,R,46801,R,19778,R,27023,R,160,R,71,R,89,R,3530,R,1549,R,1981,R,4605,R,1664,R,2941,R,19194,R,7568,R,11626,R,80,R,33,R,47,R,16466,R,7687,R,8779,R,1789,R,772,R,1017,R,187,R,89,R,98,R,790,R,345,R,445,A,,A,,2025
222992,4,-2,1,R,8441,R,3866,R,4575,R,21,R,10,R,11,R,436,R,215,R,221,R,632,R,264,R,368,R,4218,R,1804,R,2414,R,8,R,3,R,5,R,2635,R,1345,R,1290,R,340,R,151,R,189,R,15,R,6,R,9,R,136,R,68,R,68,A,,A,,2025
222992,5,-2,1,R,38360,R,15912,R,22448,R,139,R,61,R,78,R,3094,R,1334,R,1760,R,3973,R,1400,R,2573,R,14976,R,5764,R,9212,R,72,R,30,R,42,R,13831,R,6342,R,7489,R,1449,R,621,R,828,R,172,R,83,R,89,R,654,R,277,R,377,A,,A,,2025
222992,11,-2,1,R,16712,R,7331,R,9381,R,65,R,30,R,35,R,2994,R,1381,R,1613,R,981,R,361,R,620,R,5550,R,2368,R,3182,R,28,R,18,R,10,R,6324,R,2838,R,3486,R,669,R,295,R,374,R,50,R,22,R,28,R,51,R,18,R,33,A,,A,,2025
222992,19,-2,1,R,10721,R,4443,R,6278,R,36,R,18,R,18,R,1067,R,476,R,591,R,1270,R,432,R,838,R,3496,R,1371,R,2125,R,20,R,6,R,14,R,4092,R,1823,R,2269,R,490,R,206,R,284,R,15,R,10,R,5,R,235,R,101,R,134,A,,A,,2025
222992,20,-2,1,R,27639,R,11469,R,16170,R,103,R,43,R,60,R,2027,R,858,R,1169,R,2703,R,968,R,1735,R,11480,R,4393,R,7087,R,52,R,24,R,28,R,9739,R,4519,R,5220,R,959,R,415,R,544,R,157,R,73,R,84,R,419,R,176,R,243,A,,A,,2025
222992,21,-2,999,R,12123,R,5782,R,6341,R,50,R,29,R,21,R,780,R,376,R,404,R,1205,R,481,R,724,R,4938,R,2222,R,2716,R,24,R,10,R,14,R,4156,R,2204,R,1952,R,500,R,241,R,259,R,30,R,19,R,11,R,440,R,200,R,240,A,,A,,2025
222992,22,-2,1,R,12123,R,5782,R,6341,R,50,R,29,R,21,R,780,R,376,R,404,R,1205,R,481,R,724,R,4938,R,2222,R,2716,R,24,R,10,R,14,R,4156,R,2204,R,1952,R,500,R,241,R,259,R,30,R,19,R,11,R,440,R,200,R,240,A,,A,,2025
222992,23,-2,1,R,11217,R,5312,R,5905,R,46,R,25,R,21,R,678,R,325,R,353,R,1111,R,446,R,665,R,4601,R,2055,R,2546,R,21,R,7,R,14,R,3823,R,2012,R,1811,R,483,R,233,R,250,R,26,R,16,R,10,R,428,R,193,R,235,A,,A,,2025
222992,24,-2,1,R,3441,R,1577,R,1864,R,10,R,6,R,4,R,200,R,95,R,105,R,223,R,84,R,139,R,1632,R,700,R,932,R,4,R,1,R,3,R,1133,R,577,R,556,R,152,R,71,R,81,R,4,R,1,R,3,R,83,R,42,R,41,A,,A,,2025
222992,25,-2,1,R,7776,R,3735,R,4041,R,36,R,19,R,17,R,478,R,230,R,248,R,888,R,362,R,526,R,2969,R,1355,R,1614,R,17,R,6,R,11,R,2690,R,1435,R,1255,R,331,R,162,R,169,R,22,R,15,R,7,R,345,R,151,R,194,A,,A,,2025
222992,31,-2,1,R,906,R,470,R,436,R,4,R,4,Z,0,R,102,R,51,R,51,R,94,R,35,R,59,R,337,R,167,R,170,R,3,R,3,Z,0,R,333,R,192,R,141,R,17,R,8,R,9,R,4,R,3,R,1,R,12,R,7,R,5,A,,A,,2025
222992,39,-2,1,R,1912,R,917,R,995,R,12,R,7,R,5,R,85,R,43,R,42,R,283,R,103,R,180,R,655,R,317,R,338,R,6,R,1,R,5,R,652,R,346,R,306,R,97,R,45,R,52,R,2,R,1,R,1,R,120,R,54,R,66,A,,A,,2025
222992,40,-2,1,R,5864,R,2818,R,3046,R,24,R,12,R,12,R,393,R,187,R,206,R,605,R,259,R,346,R,2314,R,1038,R,1276,R,11,R,5,R,6,R,2038,R,1089,R,949,R,234,R,117,R,117,R,20,R,14,R,6,R,225,R,97,R,128,A,,A,,2025
222992,41,-2,999,R,51390,R,21327,R,30063,R,175,R,72,R,103,R,5744,R,2554,R,3190,R,4381,R,1544,R,2837,R,19806,R,7714,R,12092,R,84,R,41,R,43,R,18634,R,8321,R,10313,R,1958,R,826,R,1132,R,207,R,92,R,115,R,401,R,163,R,238,A,,A,,2025
222992,42,-2,1,R,51390,R,21327,R,30063,R,175,R,72,R,103,R,5744,R,2554,R,3190,R,4381,R,1544,R,2837,R,19806,R,7714,R,12092,R,84,R,41,R,43,R,18634,R,8321,R,10313,R,1958,R,826,R,1132,R,207,R,92,R,115,R,401,R,163,R,238,A,,A,,2025
222992,43,-2,1,R,35584,R,14466,R,21118,R,114,R,46,R,68,R,2852,R,1224,R,1628,R,3494,R,1218,R,2276,R,14593,R,5513,R,9080,R,59,R,26,R,33,R,12643,R,5675,R,6968,R,1306,R,539,R,767,R,161,R,73,R,88,R,362,R,152,R,210,A,,A,,2025
222992,44,-2,1,R,5000,R,2289,R,2711,R,11,R,4,R,7,R,236,R,120,R,116,R,409,R,180,R,229,R,2586,R,1104,R,1482,R,4,R,2,R,2,R,1502,R,768,R,734,R,188,R,80,R,108,R,11,R,5,R,6,R,53,R,26,R,27,A,,A,,2025
222992,45,-2,1,R,30584,R,12177,R,18407,R,103,R,42,R,61,R,2616,R,1104,R,1512,R,3085,R,1038,R,2047,R,12007,R,4409,R,7598,R,55,R,24,R,31,R,11141,R,4907,R,6234,R,1118,R,459,R,659,R,150,R,68,R,82,R,309,R,126,R,183,A,,A,,2025
222992,51,-2,1,R,15806,R,6861,R,8945,R,61,R,26,R,35,R,2892,R,1330,R,1562,R,887,R,326,R,561,R,5213,R,2201,R,3012,R,25,R,15,R,10,R,5991,R,2646,R,3345,R,652,R,287,R,365,R,46,R,19,R,27,R,39,R,11,R,28,A,,A,,2025
222992,59,-2,1,R,8809,R,3526,R,5283,R,24,R,11,R,13,R,982,R,433,R,549,R,987,R,329,R,658,R,2841,R,1054,R,1787,R,14,R,5,R,9,R,3440,R,1477,R,1963,R,393,R,161,R,232,R,13,R,9,R,4,R,115,R,47,R,68,A,,A,,2025
222992,60,-2,1,R,21775,R,8651,R,13124,R,79,R,31,R,48,R,1634,R,671,R,963,R,2098,R,709,R,1389,R,9166,R,3355,R,5811,R,41,R,19,R,22,R,7701,R,3430,R,4271,R,725,R,298,R,427,R,137,R,59,R,78,R,194,R,79,R,115,A,,A,,2025
223320,1,1,999,R,4829,R,1703,R,3126,R,14,R,7,R,7,R,47,R,24,R,23,R,104,R,48,R,56,R,3687,R,1239,R,2448,R,8,R,4,R,4,R,785,R,302,R,483,R,6,R,1,R,5,R,176,R,76,R,100,R,2,R,2,R,0,R,4.0,R,4825.0,2025
223320,2,2,1,R,4829,R,1703,R,3126,R,14,R,7,R,7,R,47,R,24,R,23,R,104,R,48,R,56,R,3687,R,1239,R,2448,R,8,R,4,R,4,R,785,R,302,R,483,R,6,R,1,R,5,R,176,R,76,R,100,R,2,R,2,R,0,R,4.0,R,4825.0,2025
223320,3,-2,1,R,2118,R,615,R,1503,R,7,R,3,R,4,R,24,R,10,R,14,R,64,R,29,R,35,R,1610,R,417,R,1193,R,5,R,3,R,2,R,346,R,117,R,229,R,3,R,0,R,3,R,57,R,34,R,23,R,2,R,2,R,0,A,,A,,2025
223320,4,-2,1,R,614,R,223,R,391,R,2,R,1,R,1,R,3,R,1,R,2,R,27,R,19,R,8,R,467,R,147,R,320,R,1,R,1,R,0,R,88,R,40,R,48,R,1,R,0,R,1,R,25,R,14,R,11,R,0,R,0,R,0,A,,A,,2025
223320,5,-2,1,R,1504,R,392,R,1112,R,5,R,2,R,3,R,21,R,9,R,12,R,37,R,10,R,27,R,1143,R,270,R,873,R,4,R,2,R,2,R,258,R,77,R,181,R,2,R,0,R,2,R,32,R,20,R,12,R,2,R,2,R,0,A,,A,,2025
223320,11,-2,1,R,2711,R,1088,R,1623,R,7,R,4,R,3,R,23,R,14,R,9,R,40,R,19,R,21,R,2077,R,822,R,1255,R,3,R,1,R,2,R,439,R,185,R,254,R,3,R,1,R,2,R,119,R,42,R,77,R,0,R,0,R,0,A,,A,,2025
223320,19,-2,1,R,342,R,90,R,252,R,1,R,1,R,0,R,8,R,3,R,5,R,19,R,6,R,13,R,235,R,50,R,185,R,3,R,2,R,1,R,71,R,24,R,47,R,1,R,0,R,1,R,4,R,4,R,0,R,0,R,0,R,0,A,,A,,2025
223320,20,-2,1,R,1162,R,302,R,860,R,4,R,1,R,3,R,13,R,6,R,7,R,18,R,4,R,14,R,908,R,220,R,688,R,1,R,0,R,1,R,187,R,53,R,134,R,1,R,0,R,1,R,28,R,16,R,12,R,2,R,2,R,0,A,,A,,2025
223320,21,-2,999,R,1043,R,385,R,658,R,3,R,1,R,2,R,12,R,5,R,7,R,45,R,25,R,20,R,754,R,244,R,510,R,5,R,2,R,3,R,175,R,75,R,100,R,0,R,0,R,0,R,47,R,31,R,16,R,2,R,2,R,0,A,,A,,2025
223320,22,-2,1,R,1043,R,385,R,658,R,3,R,1,R,2,R,12,R,5,R,7,R,45,R,25,R,20,R,754,R,244,R,510,R,5,R,2,R,3,R,175,R,75,R,100,R,0,R,0,R,0,R,47,R,31,R,16,R,2,R,2,R,0,A,,A,,2025
223320,23,-2,1,R,882,R,331,R,551,R,3,R,1,R,2,R,9,R,3,R,6,R,40,R,23,R,17,R,635,R,208,R,427,R,4,R,2,R,2,R,146,R,63,R,83,R,0,R,0,R,0,R,43,R,29,R,14,R,2,R,2,R,0,A,,A,,2025
223320,24,-2,1,R,372,R,159,R,213,R,2,R,1,R,1,R,2,R,0,R,2,R,23,R,16,R,7,R,270,R,100,R,170,R,0,R,0,R,0,R,53,R,29,R,24,R,0,R,0,R,0,R,22,R,13,R,9,R,0,R,0,R,0,A,,A,,2025
223320,25,-2,1,R,510,R,172,R,338,R,1,R,0,R,1,R,7,R,3,R,4,R,17,R,7,R,10,R,365,R,108,R,257,R,4,R,2,R,2,R,93,R,34,R,59,R,0,R,0,R,0,R,21,R,16,R,5,R,2,R,2,R,0,A,,A,,2025
223320,31,-2,1,R,161,R,54,R,107,R,0,R,0,R,0,R,3,R,2,R,1,R,5,R,2,R,3,R,119,R,36,R,83,R,1,R,0,R,1,R,29,R,12,R,17,R,0,R,0,R,0,R,4,R,2,R,2,R,0,R,0,R,0,A,,A,,2025
223320,39,-2,1,R,133,R,49,R,84,R,0,R,0,R,0,R,3,R,1,R,2,R,9,R,5,R,4,R,81,R,24,R,57,R,3,R,2,R,1,R,33,R,13,R,20,R,0,R,0,R,0,R,4,R,4,R,0,R,0,R,0,R,0,A,,A,,2025
223320,40,-2,1,R,377,R,123,R,254,R,1,R,0,R,1,R,4,R,2,R,2,R,8,R,2,R,6,R,284,R,84,R,200,R,1,R,0,R,1,R,60,R,21,R,39,R,0,R,0,R,0,R,17,R,12,R,5,R,2,R,2,R,0,A,,A,,2025
223320,41,-2,999,R,3786,R,1318,R,2468,R,11,R,6,R,5,R,35,R,19,R,16,R,59,R,23,R,36,R,2933,R,995,R,1938,R,3,R,2,R,1,R,610,R,227,R,383,R,6,R,1,R,5,R,129,R,45,R,84,R,0,R,0,R,0,A,,A,,2025
223320,42,-2,1,R,3786,R,1318,R,2468,R,11,R,6,R,5,R,35,R,19,R,16,R,59,R,23,R,36,R,2933,R,995,R,1938,R,3,R,2,R,1,R,610,R,227,R,383,R,6,R,1,R,5,R,129,R,45,R,84,R,0,R,0,R,0,A,,A,,2025
223320,43,-2,1,R,1236,R,284,R,952,R,4,R,2,R,2,R,15,R,7,R,8,R,24,R,6,R,18,R,975,R,209,R,766,R,1,R,1,R,0,R,200,R,54,R,146,R,3,R,0,R,3,R,14,R,5,R,9,R,0,R,0,R,0,A,,A,,2025
223320,44,-2,1,R,242,R,64,R,178,R,0,R,0,R,0,R,1,R,1,R,0,R,4,R,3,R,1,R,197,R,47,R,150,R,1,R,1,R,0,R,35,R,11,R,24,R,1,R,0,R,1,R,3,R,1,R,2,R,0,R,0,R,0,A,,A,,2025
223320,45,-2,1,R,994,R,220,R,774,R,4,R,2,R,2,R,14,R,6,R,8,R,20,R,3,R,17,R,778,R,162,R,616,R,0,R,0,R,0,R,165,R,43,R,122,R,2,R,0,R,2,R,11,R,4,R,7,R,0,R,0,R,0,A,,A,,2025
223320,51,-2,1,R,2550,R,1034,R,1516,R,7,R,4,R,3,R,20,R,12,R,8,R,35,R,17,R,18,R,1958,R,786,R,1172,R,2,R,1,R,1,R,410,R,173,R,237,R,3,R,1,R,2,R,115,R,40,R,75,R,0,R,0,R,0,A,,A,,2025
223320,59,-2,1,R,209,R,41,R,168,R,1,R,1,R,0,R,5,R,2,R,3,R,10,R,1,R,9,R,154,R,26,R,128,R,0,R,0,R,0,R,38,R,11,R,27,R,1,R,0,R,1,R,0,R,0,R,0,R,0,R,0,R,0,A,,A,,2025
223320,60,-2,1,R,785,R,179,R,606,R,3,R,1,R,2,R,9,R,4,R,5,R,10,R,2,R,8,R,624,R,136,R,488,R,0,R,0,R,0,R,127,R,32,R,95,R,1,R,0,R,1,R,11,R,4,R,7,R,0,R,0,R,0,A,,A,,2025
223427,1,1,999,R,28083,R,12738,R,15345,R,174,R,84,R,90,R,1137,R,615,R,522,R,2040,R,945,R,1095,R,6705,R,2762,R,3943,R,19,R,9,R,10,R,15588,R,7237,R,8351,R,998,R,488,R,510,R,1289,R,521,R,768,R,133,R,77,R,56,R,0.0,R,28083.0,2025
223427,2,2,1,R,28083,R,12738,R,15345,R,174,R,84,R,90,R,1137,R,615,R,522,R,2040,R,945,R,1095,R,6705,R,2762,R,3943,R,19,R,9,R,10,R,15588,R,7237,R,8351,R,998,R,488,R,510,R,1289,R,521,R,768,R,133,R,77,R,56,R,0.0,R,28083.0,2025
223427,3,-2,1,R,21580,R,10573,R,11007,R,116,R,65,R,51,R,965,R,555,R,410,R,1557,R,772,R,785,R,5092,R,2281,R,2811,R,16,R,8,R,8,R,12426,R,6130,R,6296,R,858,R,451,R,407,R,417,R,234,R,183,R,133,R,77,R,56,A,,A,,2025
223427,4,-2,1,R,6542,R,3419,R,3123,R,34,R,20,R,14,R,328,R,211,R,117,R,670,R,381,R,289,R,1603,R,759,R,844,R,3,R,2,R,1,R,3457,R,1789,R,1668,R,243,R,129,R,114,R,135,R,87,R,48,R,69,R,41,R,28,A,,A,,2025
223427,5,-2,1,R,15038,R,7154,R,7884,R,82,R,45,R,37,R,637,R,344,R,293,R,887,R,391,R,496,R,3489,R,1522,R,1967,R,13,R,6,R,7,R,8969,R,4341,R,4628,R,615,R,322,R,293,R,282,R,147,R,135,R,64,R,36,R,28,A,,A,,2025
223427,11,-2,1,R,6503,R,2165,R,4338,R,58,R,19,R,39,R,172,R,60,R,112,R,483,R,173,R,310,R,1613,R,481,R,1132,R,3,R,1,R,2,R,3162,R,1107,R,2055,R,140,R,37,R,103,R,872,R,287,R,585,R,0,R,0,R,0,A,,A,,2025
223427,19,-2,1,R,3467,R,1617,R,1850,R,17,R,8,R,9,R,223,R,119,R,104,R,196,R,95,R,101,R,715,R,314,R,401,R,3,R,2,R,1,R,2073,R,956,R,1117,R,143,R,72,R,71,R,82,R,44,R,38,R,15,R,7,R,8,A,,A,,2025
223427,20,-2,1,R,11571,R,5537,R,6034,R,65,R,37,R,28,R,414,R,225,R,189,R,691,R,296,R,395,R,2774,R,1208,R,1566,R,10,R,4,R,6,R,6896,R,3385,R,3511,R,472,R,250,R,222,R,200,R,103,R,97,R,49,R,29,R,20,A,,A,,2025
223427,21,-2,999,R,11241,R,5688,R,5553,R,67,R,40,R,27,R,388,R,220,R,168,R,1024,R,549,R,475,R,2655,R,1226,R,1429,R,10,R,4,R,6,R,6284,R,3216,R,3068,R,455,R,240,R,215,R,254,R,140,R,114,R,104,R,53,R,51,A,,A,,2025
223427,22,-2,1,R,11241,R,5688,R,5553,R,67,R,40,R,27,R,388,R,220,R,168,R,1024,R,549,R,475,R,2655,R,1226,R,1429,R,10,R,4,R,6,R,6284,R,3216,R,3068,R,455,R,240,R,215,R,254,R,140,R,114,R,104,R,53,R,51,A,,A,,2025
223427,23,-2,1,R,10871,R,5527,R,5344,R,66,R,39,R,27,R,380,R,216,R,164,R,987,R,535,R,452,R,2489,R,1161,R,1328,R,9,R,4,R,5,R,6159,R,3151,R,3008,R,451,R,240,R,211,R,226,R,128,R,98,R,104,R,53,R,51,A,,A,,2025
223427,24,-2,1,R,4058,R,2080,R,1978,R,21,R,13,R,8,R,97,R,51,R,46,R,513,R,302,R,211,R,998,R,465,R,533,R,3,R,2,R,1,R,2139,R,1090,R,1049,R,151,R,78,R,73,R,88,R,56,R,32,R,48,R,23,R,25,A,,A,,2025
223427,25,-2,1,R,6813,R,3447,R,3366,R,45,R,26,R,19,R,283,R,165,R,118,R,474,R,233,R,241,R,1491,R,696,R,795,R,6,R,2,R,4,R,4020,R,2061,R,1959,R,300,R,162,R,138,R,138,R,72,R,66,R,56,R,30,R,26,A,,A,,2025
223427,31,-2,1,R,370,R,161,R,209,R,1,R,1,R,0,R,8,R,4,R,4,R,37,R,14,R,23,R,166,R,65,R,101,R,1,R,0,R,1,R,125,R,65,R,60,R,4,R,0,R,4,R,28,R,12,R,16,R,0,R,0,R,0,A,,A,,2025
223427,39,-2,1,R,1710,R,832,R,878,R,8,R,3,R,5,R,108,R,58,R,50,R,102,R,57,R,45,R,358,R,168,R,190,R,2,R,1,R,1,R,1001,R,479,R,522,R,80,R,43,R,37,R,37,R,17,R,20,R,14,R,6,R,8,A,,A,,2025
223427,40,-2,1,R,5103,R,2615,R,2488,R,37,R,23,R,14,R,175,R,107,R,68,R,372,R,176,R,196,R,1133,R,528,R,605,R,4,R,1,R,3,R,3019,R,1582,R,1437,R,220,R,119,R,101,R,101,R,55,R,46,R,42,R,24,R,18,A,,A,,2025
223427,41,-2,999,R,16842,R,7050,R,9792,R,107,R,44,R,63,R,749,R,395,R,354,R,1016,R,396,R,620,R,4050,R,1536,R,2514,R,9,R,5,R,4,R,9304,R,4021,R,5283,R,543,R,248,R,295,R,1035,R,381,R,654,R,29,R,24,R,5,A,,A,,2025
223427,42,-2,1,R,16842,R,7050,R,9792,R,107,R,44,R,63,R,749,R,395,R,354,R,1016,R,396,R,620,R,4050,R,1536,R,2514,R,9,R,5,R,4,R,9304,R,4021,R,5283,R,543,R,248,R,295,R,1035,R,381,R,654,R,29,R,24,R,5,A,,A,,2025
223427,43,-2,1,R,10709,R,5046,R,5663,R,50,R,26,R,24,R,585,R,339,R,246,R,570,R,237,R,333,R,2603,R,1120,R,1483,R,7,R,4,R,3,R,6267,R,2979,R,3288,R,407,R,211,R,196,R,191,R,106,R,85,R,29,R,24,R,5,A,,A,,2025
223427,44,-2,1,R,2484,R,1339,R,1145,R,13,R,7,R,6,R,231,R,160,R,71,R,157,R,79,R,78,R,605,R,294,R,311,R,0,R,0,R,0,R,1318,R,699,R,619,R,92,R,51,R,41,R,47,R,31,R,16,R,21,R,18,R,3,A,,A,,2025
223427,45,-2,1,R,8225,R,3707,R,4518,R,37,R,19,R,18,R,354,R,179,R,175,R,413,R,158,R,255,R,1998,R,826,R,1172,R,7,R,4,R,3,R,4949,R,2280,R,2669,R,315,R,160,R,155,R,144,R,75,R,69,R,8,R,6,R,2,A,,A,,2025
223427,51,-2,1,R,6133,R,2004,R,4129,R,57,R,18,R,39,R,164,R,56,R,108,R,446,R,159,R,287,R,1447,R,416,R,1031,R,2,R,1,R,1,R,3037,R,1042,R,1995,R,136,R,37,R,99,R,844,R,275,R,569,R,0,R,0,R,0,A,,A,,2025
223427,59,-2,1,R,1757,R,785,R,972,R,9,R,5,R,4,R,115,R,61,R,54,R,94,R,38,R,56,R,357,R,146,R,211,R,1,R,1,R,0,R,1072,R,477,R,595,R,63,R,29,R,34,R,45,R,27,R,18,R,1,R,1,R,0,A,,A,,2025
223427,60,-2,1,R,6468,R,2922,R,3546,R,28,R,14,R,14,R,239,R,118,R,121,R,319,R,120,R,199,R,1641,R,680,R,961,R,6,R,3,R,3,R,3877,R,1803,R,2074,R,252,R,131,R,121,R,99,R,48,R,51,R,7,R,5,R,2,A,,A,,2025
223506,1,1,999,R,5540,R,2489,R,3051,R,27,R,12,R,15,R,85,R,41,R,44,R,420,R,192,R,228,R,2436,R,1061,R,1375,R,6,R,1,R,5,R,2086,R,977,R,1109,R,160,R,70,R,90,R,220,R,95,R,125,R,100,R,40,R,60,R,1.0,R,5539.0,2025
223506,2,2,1,R,5540,R,2489,R,3051,R,27,R,12,R,15,R,85,R,41,R,44,R,420,R,192,R,228,R,2436,R,1061,R,1375,R,6,R,1,R,5,R,2086,R,977,R,1109,R,160,R,70,R,90,R,220,R,95,R,125,R,100,R,40,R,60,R,1.0,R,5539.0,2025
223506,3,-2,1,R,3780,R,1734,R,2046,R,18,R,8,R,10,R,43,R,23,R,20,R,335,R,157,R,178,R,1718,R,757,R,961,R,5,R,1,R,4,R,1318,R,643,R,675,R,100,R,42,R,58,R,157,R,67,R,90,R,86,R,36,R,50,A,,A,,2025
223506,4,-2,1,R,845,R,415,R,430,R,5,R,2,R,3,R,8,R,6,R,2,R,62,R,30,R,32,R,417,R,206,R,211,R,1,R,0,R,1,R,269,R,136,R,133,R,24,R,10,R,14,R,47,R,22,R,25,R,12,R,3,R,9,A,,A,,2025
223506,5,-2,1,R,2935,R,1319,R,1616,R,13,R,6,R,7,R,35,R,17,R,18,R,273,R,127,R,146,R,1301,R,551,R,750,R,4,R,1,R,3,R,1049,R,507,R,542,R,76,R,32,R,44,R,110,R,45,R,65,R,74,R,33,R,41,A,,A,,2025
223506,11,-2,1,R,1760,R,755,R,1005,R,9,R,4,R,5,R,42,R,18,R,24,R,85,R,35,R,50,R,718,R,304,R,414,R,1,R,0,R,1,R,768,R,334,R,434,R,60,R,28,R,32,R,63,R,28,R,35,R,14,R,4,R,10,A,,A,,2025
223506,19,-2,1,R,282,R,135,R,147,R,2,R,0,R,2,R,17,R,10,R,7,R,54,R,28,R,26,R,75,R,32,R,43,R,1,R,0,R,1,R,97,R,46,R,51,R,14,R,6,R,8,R,18,R,10,R,8,R,4,R,3,R,1,A,,A,,2025
223506,20,-2,1,R,2653,R,1184,R,1469,R,11,R,6,R,5,R,18,R,7,R,11,R,219,R,99,R,120,R,1226,R,519,R,707,R,3,R,1,R,2,R,952,R,461,R,491,R,62,R,26,R,36,R,92,R,35,R,57,R,70,R,30,R,40,A,,A,,2025
223506,21,-2,999,R,898,R,408,R,490,R,7,R,3,R,4,R,10,R,6,R,4,R,81,R,33,R,48,R,359,R,160,R,199,R,1,R,0,R,1,R,378,R,181,R,197,R,13,R,9,R,4,R,29,R,11,R,18,R,20,R,5,R,15,A,,A,,2025
223506,22,-2,1,R,898,R,408,R,490,R,7,R,3,R,4,R,10,R,6,R,4,R,81,R,33,R,48,R,359,R,160,R,199,R,1,R,0,R,1,R,378,R,181,R,197,R,13,R,9,R,4,R,29,R,11,R,18,R,20,R,5,R,15,A,,A,,2025
223506,23,-2,1,R,823,R,372,R,451,R,7,R,3,R,4,R,9,R,6,R,3,R,78,R,33,R,45,R,332,R,143,R,189,R,1,R,0,R,1,R,339,R,163,R,176,R,11,R,8,R,3,R,29,R,11,R,18,R,17,R,5,R,12,A,,A,,2025
223506,24,-2,1,R,226,R,103,R,123,R,4,R,1,R,3,R,1,R,1,R,0,R,18,R,6,R,12,R,102,R,44,R,58,R,0,R,0,R,0,R,87,R,45,R,42,R,2,R,2,R,0,R,10,R,4,R,6,R,2,R,0,R,2,A,,A,,2025
223506,25,-2,1,R,597,R,269,R,328,R,3,R,2,R,1,R,8,R,5,R,3,R,60,R,27,R,33,R,230,R,99,R,131,R,1,R,0,R,1,R,252,R,118,R,134,R,9,R,6,R,3,R,19,R,7,R,12,R,15,R,5,R,10,A,,A,,2025
223506,31,-2,1,R,75,R,36,R,39,R,0,R,0,R,0,R,1,R,0,R,1,R,3,R,0,R,3,R,27,R,17,R,10,R,0,R,0,R,0,R,39,R,18,R,21,R,2,R,1,R,1,R,0,R,0,R,0,R,3,R,0,R,3,A,,A,,2025
223506,39,-2,1,R,55,R,26,R,29,R,0,R,0,R,0,R,1,R,1,R,0,R,6,R,3,R,3,R,17,R,7,R,10,R,0,R,0,R,0,R,26,R,12,R,14,R,1,R,1,R,0,R,3,R,2,R,1,R,1,R,0,R,1,A,,A,,2025
223506,40,-2,1,R,542,R,243,R,299,R,3,R,2,R,1,R,7,R,4,R,3,R,54,R,24,R,30,R,213,R,92,R,121,R,1,R,0,R,1,R,226,R,106,R,120,R,8,R,5,R,3,R,16,R,5,R,11,R,14,R,5,R,9,A,,A,,2025
223506,41,-2,999,R,4642,R,2081,R,2561,R,20,R,9,R,11,R,75,R,35,R,40,R,339,R,159,R,180,R,2077,R,901,R,1176,R,5,R,1,R,4,R,1708,R,796,R,912,R,147,R,61,R,86,R,191,R,84,R,107,R,80,R,35,R,45,A,,A,,2025
223506,42,-2,1,R,4642,R,2081,R,2561,R,20,R,9,R,11,R,75,R,35,R,40,R,339,R,159,R,180,R,2077,R,901,R,1176,R,5,R,1,R,4,R,1708,R,796,R,912,R,147,R,61,R,86,R,191,R,84,R,107,R,80,R,35,R,45,A,,A,,2025
223506,43,-2,1,R,2957,R,1362,R,1595,R,11,R,5,R,6,R,34,R,17,R,17,R,257,R,124,R,133,R,1386,R,614,R,772,R,4,R,1,R,3,R,979,R,480,R,499,R,89,R,34,R,55,R,128,R,56,R,72,R,69,R,31,R,38,A,,A,,2025
223506,44,-2,1,R,619,R,312,R,307,R,1,R,1,R,0,R,7,R,5,R,2,R,44,R,24,R,20,R,315,R,162,R,153,R,1,R,0,R,1,R,182,R,91,R,91,R,22,R,8,R,14,R,37,R,18,R,19,R,10,R,3,R,7,A,,A,,2025
223506,45,-2,1,R,2338,R,1050,R,1288,R,10,R,4,R,6,R,27,R,12,R,15,R,213,R,100,R,113,R,1071,R,452,R,619,R,3,R,1,R,2,R,797,R,389,R,408,R,67,R,26,R,41,R,91,R,38,R,53,R,59,R,28,R,31,A,,A,,2025
223506,51,-2,1,R,1685,R,719,R,966,R,9,R,4,R,5,R,41,R,18,R,23,R,82,R,35,R,47,R,691,R,287,R,404,R,1,R,0,R,1,R,729,R,316,R,413,R,58,R,27,R,31,R,63,R,28,R,35,R,11,R,4,R,7,A,,A,,2025
223506,59,-2,1,R,227,R,109,R,118,R,2,R,0,R,2,R,16,R,9,R,7,R,48,R,25,R,23,R,58,R,25,R,33,R,1,R,0,R,1,R,71,R,34,R,37,R,13,R,5,R,8,R,15,R,8,R,7,R,3,R,3,R,0,A,,A,,2025
223506,60,-2,1,R,2111,R,941,R,1170,R,8,R,4,R,4,R,11,R,3,R,8,R,165,R,75,R,90,R,1013,R,427,R,586,R,2,R,1,R,1,R,726,R,355,R,371,R,54,R,21,R,33,R,76,R,30,R,46,R,56,R,25,R,31,A,,A,,2025
223816,1,1,999,R,13654,R,6140,R,7514,R,81,R,33,R,48,R,607,R,239,R,368,R,3619,R,1558,R,2061,R,4073,R,1829,R,2244,R,202,R,78,R,124,R,3536,R,1660,R,1876,R,712,R,294,R,418,R,783,R,427,R,356,R,41,R,22,R,19,R,0.0,R,13654.0,2025
223816,2,2,1,R,13654,R,6140,R,7514,R,81,R,33,R,48,R,607,R,239,R,368,R,3619,R,1558,R,2061,R,4073,R,1829,R,2244,R,202,R,78,R,124,R,3536,R,1660,R,1876,R,712,R,294,R,418,R,783,R,427,R,356,R,41,R,22,R,19,R,0.0,R,13654.0,2025
223816,3,-2,1,R,10798,R,4932,R,5866,R,64,R,30,R,34,R,466,R,178,R,288,R,3040,R,1340,R,1700,R,3163,R,1446,R,1717,R,146,R,62,R,84,R,2829,R,1333,R,1496,R,522,R,218,R,304,R,534,R,308,R,226,R,34,R,17,R,17,A,,A,,2025
223816,4,-2,1,R,2501,R,1257,R,1244,R,18,R,7,R,11,R,87,R,45,R,42,R,711,R,330,R,381,R,736,R,355,R,381,R,37,R,16,R,21,R,570,R,302,R,268,R,125,R,55,R,70,R,208,R,141,R,67,R,9,R,6,R,3,A,,A,,2025
223816,5,-2,1,R,8297,R,3675,R,4622,R,46,R,23,R,23,R,379,R,133,R,246,R,2329,R,1010,R,1319,R,2427,R,1091,R,1336,R,109,R,46,R,63,R,2259,R,1031,R,1228,R,397,R,163,R,234,R,326,R,167,R,159,R,25,R,11,R,14,A,,A,,2025
223816,11,-2,1,R,2856,R,1208,R,1648,R,17,R,3,R,14,R,141,R,61,R,80,R,579,R,218,R,361,R,910,R,383,R,527,R,56,R,16,R,40,R,707,R,327,R,380,R,190,R,76,R,114,R,249,R,119,R,130,R,7,R,5,R,2,A,,A,,2025
223816,19,-2,1,R,1409,R,547,R,862,R,6,R,3,R,3,R,58,R,14,R,44,R,369,R,134,R,235,R,365,R,149,R,216,R,18,R,9,R,9,R,392,R,149,R,243,R,91,R,34,R,57,R,97,R,49,R,48,R,13,R,6,R,7,A,,A,,2025
223816,20,-2,1,R,6888,R,3128,R,3760,R,40,R,20,R,20,R,321,R,119,R,202,R,1960,R,876,R,1084,R,2062,R,942,R,1120,R,91,R,37,R,54,R,1867,R,882,R,985,R,306,R,129,R,177,R,229,R,118,R,111,R,12,R,5,R,7,A,,A,,2025
223816,21,-2,999,R,3971,R,1567,R,2404,R,37,R,14,R,23,R,209,R,62,R,147,R,1044,R,421,R,623,R,1178,R,439,R,739,R,72,R,30,R,42,R,1018,R,425,R,593,R,213,R,80,R,133,R,171,R,82,R,89,R,29,R,14,R,15,A,,A,,2025
223816,22,-2,1,R,3971,R,1567,R,2404,R,37,R,14,R,23,R,209,R,62,R,147,R,1044,R,421,R,623,R,1178,R,439,R,739,R,72,R,30,R,42,R,1018,R,425,R,593,R,213,R,80,R,133,R,171,R,82,R,89,R,29,R,14,R,15,A,,A,,2025
223816,23,-2,1,R,3319,R,1307,R,2012,R,29,R,14,R,15,R,170,R,47,R,123,R,892,R,370,R,522,R,949,R,350,R,599,R,54,R,24,R,30,R,880,R,356,R,524,R,170,R,58,R,112,R,147,R,74,R,73,R,28,R,14,R,14,A,,A,,2025
223816,24,-2,1,R,999,R,409,R,590,R,9,R,4,R,5,R,41,R,13,R,28,R,278,R,115,R,163,R,302,R,117,R,185,R,21,R,9,R,12,R,222,R,92,R,130,R,56,R,18,R,38,R,64,R,36,R,28,R,6,R,5,R,1,A,,A,,2025
223816,25,-2,1,R,2320,R,898,R,1422,R,20,R,10,R,10,R,129,R,34,R,95,R,614,R,255,R,359,R,647,R,233,R,414,R,33,R,15,R,18,R,658,R,264,R,394,R,114,R,40,R,74,R,83,R,38,R,45,R,22,R,9,R,13,A,,A,,2025
223816,31,-2,1,R,652,R,260,R,392,R,8,R,0,R,8,R,39,R,15,R,24,R,152,R,51,R,101,R,229,R,89,R,140,R,18,R,6,R,12,R,138,R,69,R,69,R,43,R,22,R,21,R,24,R,8,R,16,R,1,R,0,R,1,A,,A,,2025
223816,39,-2,1,R,555,R,179,R,376,R,3,R,2,R,1,R,24,R,5,R,19,R,131,R,38,R,93,R,124,R,39,R,85,R,8,R,4,R,4,R,166,R,58,R,108,R,44,R,11,R,33,R,42,R,16,R,26,R,13,R,6,R,7,A,,A,,2025
223816,40,-2,1,R,1765,R,719,R,1046,R,17,R,8,R,9,R,105,R,29,R,76,R,483,R,217,R,266,R,523,R,194,R,329,R,25,R,11,R,14,R,492,R,206,R,286,R,70,R,29,R,41,R,41,R,22,R,19,R,9,R,3,R,6,A,,A,,2025
223816,41,-2,999,R,9683,R,4573,R,5110,R,44,R,19,R,25,R,398,R,177,R,221,R,2575,R,1137,R,1438,R,2895,R,1390,R,1505,R,130,R,48,R,82,R,2518,R,1235,R,1283,R,499,R,214,R,285,R,612,R,345,R,267,R,12,R,8,R,4,A,,A,,2025
223816,42,-2,1,R,9683,R,4573,R,5110,R,44,R,19,R,25,R,398,R,177,R,221,R,2575,R,1137,R,1438,R,2895,R,1390,R,1505,R,130,R,48,R,82,R,2518,R,1235,R,1283,R,499,R,214,R,285,R,612,R,345,R,267,R,12,R,8,R,4,A,,A,,2025
223816,43,-2,1,R,7479,R,3625,R,3854,R,35,R,16,R,19,R,296,R,131,R,165,R,2148,R,970,R,1178,R,2214,R,1096,R,1118,R,92,R,38,R,54,R,1949,R,977,R,972,R,352,R,160,R,192,R,387,R,234,R,153,R,6,R,3,R,3,A,,A,,2025
223816,44,-2,1,R,1502,R,848,R,654,R,9,R,3,R,6,R,46,R,32,R,14,R,433,R,215,R,218,R,434,R,238,R,196,R,16,R,7,R,9,R,348,R,210,R,138,R,69,R,37,R,32,R,144,R,105,R,39,R,3,R,1,R,2,A,,A,,2025
223816,45,-2,1,R,5977,R,2777,R,3200,R,26,R,13,R,13,R,250,R,99,R,151,R,1715,R,755,R,960,R,1780,R,858,R,922,R,76,R,31,R,45,R,1601,R,767,R,834,R,283,R,123,R,160,R,243,R,129,R,114,R,3,R,2,R,1,A,,A,,2025
223816,51,-2,1,R,2204,R,948,R,1256,R,9,R,3,R,6,R,102,R,46,R,56,R,427,R,167,R,260,R,681,R,294,R,387,R,38,R,10,R,28,R,569,R,258,R,311,R,147,R,54,R,93,R,225,R,111,R,114,R,6,R,5,R,1,A,,A,,2025
223816,59,-2,1,R,854,R,368,R,486,R,3,R,1,R,2,R,34,R,9,R,25,R,238,R,96,R,142,R,241,R,110,R,131,R,10,R,5,R,5,R,226,R,91,R,135,R,47,R,23,R,24,R,55,R,33,R,22,R,0,R,0,R,0,A,,A,,2025
223816,60,-2,1,R,5123,R,2409,R,2714,R,23,R,12,R,11,R,216,R,90,R,126,R,1477,R,659,R,818,R,1539,R,748,R,791,R,66,R,26,R,40,R,1375,R,676,R,699,R,236,R,100,R,136,R,188,R,96,R,92,R,3,R,2,R,1,A,,A,,2025
223898,1,1,999,R,4228,R,1588,R,2640,R,11,R,4,R,7,R,70,R,28,R,42,R,359,R,173,R,186,R,1182,R,386,R,796,R,31,R,12,R,19,R,2117,R,811,R,1306,R,199,R,84,R,115,R,230,R,79,R,151,R,29,R,11,R,18,R,0.0,R,4228.0,2025
223898,2,2,1,R,4228,R,1588,R,2640,R,11,R,4,R,7,R,70,R,28,R,42,R,359,R,173,R,186,R,1182,R,386,R,796,R,31,R,12,R,19,R,2117,R,811,R,1306,R,199,R,84,R,115,R,230,R,79,R,151,R,29,R,11,R,18,R,0.0,R,4228.0,2025
223898,3,-2,1,R,2444,R,892,R,1552,R,4,R,2,R,2,R,53,R,21,R,32,R,323,R,161,R,162,R,706,R,200,R,506,R,15,R,6,R,9,R,1099,R,408,R,691,R,116,R,50,R,66,R,101,R,34,R,67,R,27,R,10,R,17,A,,A,,2025
223898,4,-2,1,R,718,R,281,R,437,R,2,R,2,R,0,R,13,R,7,R,6,R,82,R,45,R,37,R,211,R,62,R,149,R,7,R,3,R,4,R,322,R,129,R,193,R,35,R,17,R,18,R,28,R,11,R,17,R,18,R,5,R,13,A,,A,,2025
223898,5,-2,1,R,1726,R,611,R,1115,R,2,R,0,R,2,R,40,R,14,R,26,R,241,R,116,R,125,R,495,R,138,R,357,R,8,R,3,R,5,R,777,R,279,R,498,R,81,R,33,R,48,R,73,R,23,R,50,R,9,R,5,R,4,A,,A,,2025
223898,11,-2,1,R,1784,R,696,R,1088,R,7,R,2,R,5,R,17,R,7,R,10,R,36,R,12,R,24,R,476,R,186,R,290,R,16,R,6,R,10,R,1018,R,403,R,615,R,83,R,34,R,49,R,129,R,45,R,84,R,2,R,1,R,1,A,,A,,2025
223898,19,-2,1,R,445,R,188,R,257,R,0,R,0,R,0,R,11,R,5,R,6,R,73,R,44,R,29,R,116,R,38,R,78,R,0,R,0,R,0,R,210,R,84,R,126,R,20,R,10,R,10,R,12,R,5,R,7,R,3,R,2,R,1,A,,A,,2025
223898,20,-2,1,R,1281,R,423,R,858,R,2,R,0,R,2,R,29,R,9,R,20,R,168,R,72,R,96,R,379,R,100,R,279,R,8,R,3,R,5,R,567,R,195,R,372,R,61,R,23,R,38,R,61,R,18,R,43,R,6,R,3,R,3,A,,A,,2025
223898,21,-2,999,R,1615,R,626,R,989,R,4,R,2,R,2,R,34,R,13,R,21,R,215,R,113,R,102,R,434,R,144,R,290,R,8,R,5,R,3,R,748,R,280,R,468,R,85,R,39,R,46,R,60,R,20,R,40,R,27,R,10,R,17,A,,A,,2025
223898,22,-2,1,R,1615,R,626,R,989,R,4,R,2,R,2,R,34,R,13,R,21,R,215,R,113,R,102,R,434,R,144,R,290,R,8,R,5,R,3,R,748,R,280,R,468,R,85,R,39,R,46,R,60,R,20,R,40,R,27,R,10,R,17,A,,A,,2025
223898,23,-2,1,R,1389,R,542,R,847,R,3,R,2,R,1,R,29,R,11,R,18,R,209,R,112,R,97,R,370,R,123,R,247,R,8,R,5,R,3,R,625,R,234,R,391,R,67,R,29,R,38,R,51,R,16,R,35,R,27,R,10,R,17,A,,A,,2025
223898,24,-2,1,R,512,R,209,R,303,R,2,R,2,R,0,R,8,R,4,R,4,R,68,R,41,R,27,R,141,R,46,R,95,R,5,R,2,R,3,R,227,R,90,R,137,R,25,R,12,R,13,R,18,R,7,R,11,R,18,R,5,R,13,A,,A,,2025
223898,25,-2,1,R,877,R,333,R,544,R,1,R,0,R,1,R,21,R,7,R,14,R,141,R,71,R,70,R,229,R,77,R,152,R,3,R,3,R,0,R,398,R,144,R,254,R,42,R,17,R,25,R,33,R,9,R,24,R,9,R,5,R,4,A,,A,,2025
223898,31,-2,1,R,226,R,84,R,142,R,1,R,0,R,1,R,5,R,2,R,3,R,6,R,1,R,5,R,64,R,21,R,43,R,0,R,0,R,0,R,123,R,46,R,77,R,18,R,10,R,8,R,9,R,4,R,5,R,0,R,0,R,0,A,,A,,2025
223898,39,-2,1,R,230,R,114,R,116,R,0,R,0,R,0,R,5,R,2,R,3,R,53,R,33,R,20,R,51,R,23,R,28,R,0,R,0,R,0,R,102,R,45,R,57,R,11,R,7,R,4,R,5,R,2,R,3,R,3,R,2,R,1,A,,A,,2025
223898,40,-2,1,R,647,R,219,R,428,R,1,R,0,R,1,R,16,R,5,R,11,R,88,R,38,R,50,R,178,R,54,R,124,R,3,R,3,R,0,R,296,R,99,R,197,R,31,R,10,R,21,R,28,R,7,R,21,R,6,R,3,R,3,A,,A,,2025
223898,41,-2,999,R,2613,R,962,R,1651,R,7,R,2,R,5,R,36,R,15,R,21,R,144,R,60,R,84,R,748,R,242,R,506,R,23,R,7,R,16,R,1369,R,531,R,838,R,114,R,45,R,69,R,170,R,59,R,111,R,2,R,1,R,1,A,,A,,2025
223898,42,-2,1,R,2613,R,962,R,1651,R,7,R,2,R,5,R,36,R,15,R,21,R,144,R,60,R,84,R,748,R,242,R,506,R,23,R,7,R,16,R,1369,R,531,R,838,R,114,R,45,R,69,R,170,R,59,R,111,R,2,R,1,R,1,A,,A,,2025
223898,43,-2,1,R,1055,R,350,R,705,R,1,R,0,R,1,R,24,R,10,R,14,R,114,R,49,R,65,R,336,R,77,R,259,R,7,R,1,R,6,R,474,R,174,R,300,R,49,R,21,R,28,R,50,R,18,R,32,R,0,R,0,R,0,A,,A,,2025
223898,44,-2,1,R,206,R,72,R,134,R,0,R,0,R,0,R,5,R,3,R,2,R,14,R,4,R,10,R,70,R,16,R,54,R,2,R,1,R,1,R,95,R,39,R,56,R,10,R,5,R,5,R,10,R,4,R,6,R,0,R,0,R,0,A,,A,,2025
223898,45,-2,1,R,849,R,278,R,571,R,1,R,0,R,1,R,19,R,7,R,12,R,100,R,45,R,55,R,266,R,61,R,205,R,5,R,0,R,5,R,379,R,135,R,244,R,39,R,16,R,23,R,40,R,14,R,26,R,0,R,0,R,0,A,,A,,2025
223898,51,-2,1,R,1558,R,612,R,946,R,6,R,2,R,4,R,12,R,5,R,7,R,30,R,11,R,19,R,412,R,165,R,247,R,16,R,6,R,10,R,895,R,357,R,538,R,65,R,24,R,41,R,120,R,41,R,79,R,2,R,1,R,1,A,,A,,2025
223898,59,-2,1,R,215,R,74,R,141,R,0,R,0,R,0,R,6,R,3,R,3,R,20,R,11,R,9,R,65,R,15,R,50,R,0,R,0,R,0,R,108,R,39,R,69,R,9,R,3,R,6,R,7,R,3,R,4,R,0,R,0,R,0,A,,A,,2025
223898,60,-2,1,R,634,R,204,R,430,R,1,R,0,R,1,R,13,R,4,R,9,R,80,R,34,R,46,R,201,R,46,R,155,R,5,R,0,R,5,R,271,R,96,R,175,R,30,R,13,R,17,R,33,R,11,R,22,R,0,R,0,R,0,A,,A,,2025
223922,1,1,999,R,2631,R,1333,R,1298,R,43,R,22,R,21,R,26,R,11,R,15,R,341,R,239,R,102,R,631,R,273,R,358,R,2,R,1,R,1,R,1301,R,653,R,648,R,82,R,45,R,37,R,117,R,37,R,80,R,88,R,52,R,36,R,0.0,R,2631.0,2025
223922,2,2,1,R,2631,R,1333,R,1298,R,43,R,22,R,21,R,26,R,11,R,15,R,341,R,239,R,102,R,631,R,273,R,358,R,2,R,1,R,1,R,1301,R,653,R,648,R,82,R,45,R,37,R,117,R,37,R,80,R,88,R,52,R,36,R,0.0,R,2631.0,2025
223922,3,-2,1,R,1270,R,679,R,591,R,25,R,10,R,15,R,13,R,4,R,9,R,110,R,59,R,51,R,280,R,130,R,150,R,0,R,0,R,0,R,686,R,408,R,278,R,32,R,17,R,15,R,82,R,26,R,56,R,42,R,25,R,17,A,,A,,2025
223922,4,-2,1,R,490,R,269,R,221,R,11,R,6,R,5,R,3,R,1,R,2,R,27,R,14,R,13,R,118,R,56,R,62,R,0,R,0,R,0,R,247,R,165,R,82,R,25,R,13,R,12,R,38,R,3,R,35,R,21,R,11,R,10,A,,A,,2025
223922,5,-2,1,R,780,R,410,R,370,R,14,R,4,R,10,R,10,R,3,R,7,R,83,R,45,R,38,R,162,R,74,R,88,R,0,R,0,R,0,R,439,R,243,R,196,R,7,R,4,R,3,R,44,R,23,R,21,R,21,R,14,R,7,A,,A,,2025
223922,11,-2,1,R,1361,R,654,R,707,R,18,R,12,R,6,R,13,R,7,R,6,R,231,R,180,R,51,R,351,R,143,R,208,R,2,R,1,R,1,R,615,R,245,R,370,R,50,R,28,R,22,R,35,R,11,R,24,R,46,R,27,R,19,A,,A,,2025
223922,19,-2,1,R,93,R,52,R,41,R,2,R,1,R,1,R,1,R,0,R,1,R,13,R,10,R,3,R,19,R,7,R,12,R,0,R,0,R,0,R,51,R,28,R,23,R,1,R,1,R,0,R,1,R,1,R,0,R,5,R,4,R,1,A,,A,,2025
223922,20,-2,1,R,687,R,358,R,329,R,12,R,3,R,9,R,9,R,3,R,6,R,70,R,35,R,35,R,143,R,67,R,76,R,0,R,0,R,0,R,388,R,215,R,173,R,6,R,3,R,3,R,43,R,22,R,21,R,16,R,10,R,6,A,,A,,2025
223922,21,-2,999,R,615,R,258,R,357,R,10,R,4,R,6,R,8,R,1,R,7,R,37,R,20,R,17,R,154,R,51,R,103,R,0,R,0,R,0,R,336,R,145,R,191,R,11,R,5,R,6,R,22,R,10,R,12,R,37,R,22,R,15,A,,A,,2025
223922,22,-2,1,R,615,R,258,R,357,R,10,R,4,R,6,R,8,R,1,R,7,R,37,R,20,R,17,R,154,R,51,R,103,R,0,R,0,R,0,R,336,R,145,R,191,R,11,R,5,R,6,R,22,R,10,R,12,R,37,R,22,R,15,A,,A,,2025
223922,23,-2,1,R,612,R,256,R,356,R,10,R,4,R,6,R,8,R,1,R,7,R,37,R,20,R,17,R,154,R,51,R,103,R,0,R,0,R,0,R,333,R,143,R,190,R,11,R,5,R,6,R,22,R,10,R,12,R,37,R,22,R,15,A,,A,,2025
223922,24,-2,1,R,198,R,94,R,104,R,2,R,2,R,0,R,1,R,0,R,1,R,12,R,5,R,7,R,51,R,21,R,30,R,0,R,0,R,0,R,99,R,51,R,48,R,10,R,4,R,6,R,2,R,0,R,2,R,21,R,11,R,10,A,,A,,2025
223922,25,-2,1,R,414,R,162,R,252,R,8,R,2,R,6,R,7,R,1,R,6,R,25,R,15,R,10,R,103,R,30,R,73,R,0,R,0,R,0,R,234,R,92,R,142,R,1,R,1,R,0,R,20,R,10,R,10,R,16,R,11,R,5,A,,A,,2025
223922,31,-2,1,R,3,R,2,R,1,R,0,R,0,R,0,R,0,R,0,R,0,R,0,R,0,R,0,R,0,R,0,R,0,R,0,R,0,R,0,R,3,R,2,R,1,R,0,R,0,R,0,R,0,R,0,R,0,R,0,R,0,R,0,A,,A,,2025
223922,39,-2,1,R,55,R,31,R,24,R,2,R,1,R,1,R,1,R,0,R,1,R,5,R,5,R,0,R,10,R,4,R,6,R,0,R,0,R,0,R,31,R,16,R,15,R,1,R,1,R,0,R,0,R,0,R,0,R,5,R,4,R,1,A,,A,,2025
223922,40,-2,1,R,359,R,131,R,228,R,6,R,1,R,5,R,6,R,1,R,5,R,20,R,10,R,10,R,93,R,26,R,67,R,0,R,0,R,0,R,203,R,76,R,127,R,0,R,0,R,0,R,20,R,10,R,10,R,11,R,7,R,4,A,,A,,2025
223922,41,-2,999,R,2016,R,1075,R,941,R,33,R,18,R,15,R,18,R,10,R,8,R,304,R,219,R,85,R,477,R,222,R,255,R,2,R,1,R,1,R,965,R,508,R,457,R,71,R,40,R,31,R,95,R,27,R,68,R,51,R,30,R,21,A,,A,,2025
223922,42,-2,1,R,2016,R,1075,R,941,R,33,R,18,R,15,R,18,R,10,R,8,R,304,R,219,R,85,R,477,R,222,R,255,R,2,R,1,R,1,R,965,R,508,R,457,R,71,R,40,R,31,R,95,R,27,R,68,R,51,R,30,R,21,A,,A,,2025
223922,43,-2,1,R,658,R,423,R,235,R,15,R,6,R,9,R,5,R,3,R,2,R,73,R,39,R,34,R,126,R,79,R,47,R,0,R,0,R,0,R,353,R,265,R,88,R,21,R,12,R,9,R,60,R,16,R,44,R,5,R,3,R,2,A,,A,,2025
223922,44,-2,1,R,292,R,175,R,117,R,9,R,4,R,5,R,2,R,1,R,1,R,15,R,9,R,6,R,67,R,35,R,32,R,0,R,0,R,0,R,148,R,114,R,34,R,15,R,9,R,6,R,36,R,3,R,33,R,0,R,0,R,0,A,,A,,2025
223922,45,-2,1,R,366,R,248,R,118,R,6,R,2,R,4,R,3,R,2,R,1,R,58,R,30,R,28,R,59,R,44,R,15,R,0,R,0,R,0,R,205,R,151,R,54,R,6,R,3,R,3,R,24,R,13,R,11,R,5,R,3,R,2,A,,A,,2025
223922,51,-2,1,R,1358,R,652,R,706,R,18,R,12,R,6,R,13,R,7,R,6,R,231,R,180,R,51,R,351,R,143,R,208,R,2,R,1,R,1,R,612,R,243,R,369,R,50,R,28,R,22,R,35,R,11,R,24,R,46,R,27,R,19,A,,A,,2025
223922,59,-2,1,R,38,R,21,R,17,R,0,R,0,R,0,R,0,R,0,R,0,R,8,R,5,R,3,R,9,R,3,R,6,R,0,R,0,R,0,R,20,R,12,R,8,R,0,R,0,R,0,R,1,R,1,R,0,R,0,R,0,R,0,A,,A,,2025
223922,60,-2,1,R,328,R,227,R,101,R,6,R,2,R,4,R,3,R,2,R,1,R,50,R,25,R,25,R,50,R,41,R,9,R,0,R,0,R,0,R,185,R,139,R,46,R,6,R,3,R,3,R,23,R,12,R,11,R,5,R,3,R,2,A,,A,,2025
224110,1,1,999,R,12214,R,5227,R,6987,R,78,R,29,R,49,R,682,R,336,R,346,R,1189,R,424,R,765,R,3029,R,1218,R,1811,R,17,R,7,R,10,R,5816,R,2554,R,3262,R,551,R,224,R,327,R,263,R,127,R,136,R,589,R,308,R,281,R,0.0,R,12214.0,2025
224110,2,2,1,R,12214,R,5227,R,6987,R,78,R,29,R,49,R,682,R,336,R,346,R,1189,R,424,R,765,R,3029,R,1218,R,1811,R,17,R,7,R,10,R,5816,R,2554,R,3262,R,551,R,224,R,327,R,263,R,127,R,136,R,589,R,308,R,281,R,0.0,R,12214.0,2025
224110,3,-2,1,R,9198,R,3951,R,5247,R,60,R,20,R,40,R,372,R,177,R,195,R,1040,R,358,R,682,R,2336,R,936,R,1400,R,12,R,4,R,8,R,4278,R,1917,R,2361,R,380,R,159,R,221,R,176,R,91,R,85,R,544,R,289,R,255,A,,A,,2025
224110,4,-2,1,R,1783,R,845,R,938,R,16,R,6,R,10,R,48,R,32,R,16,R,125,R,57,R,68,R,530,R,212,R,318,R,1,R,0,R,1,R,843,R,422,R,421,R,81,R,42,R,39,R,41,R,22,R,19,R,98,R,52,R,46,A,,A,,2025
224110,5,-2,1,R,7415,R,3106,R,4309,R,44,R,14,R,30,R,324,R,145,R,179,R,915,R,301,R,614,R,1806,R,724,R,1082,R,11,R,4,R,7,R,3435,R,1495,R,1940,R,299,R,117,R,182,R,135,R,69,R,66,R,446,R,237,R,209,A,,A,,2025
224110,11,-2,1,R,3016,R,1276,R,1740,R,18,R,9,R,9,R,310,R,159,R,151,R,149,R,66,R,83,R,693,R,282,R,411,R,5,R,3,R,2,R,1538,R,637,R,901,R,171,R,65,R,106,R,87,R,36,R,51,R,45,R,19,R,26,A,,A,,2025
224110,19,-2,1,R,1761,R,775,R,986,R,5,R,0,R,5,R,83,R,42,R,41,R,264,R,75,R,189,R,329,R,140,R,189,R,3,R,1,R,2,R,720,R,328,R,392,R,76,R,30,R,46,R,35,R,16,R,19,R,246,R,143,R,103,A,,A,,2025
224110,20,-2,1,R,5654,R,2331,R,3323,R,39,R,14,R,25,R,241,R,103,R,138,R,651,R,226,R,425,R,1477,R,584,R,893,R,8,R,3,R,5,R,2715,R,1167,R,1548,R,223,R,87,R,136,R,100,R,53,R,47,R,200,R,94,R,106,A,,A,,2025
224110,21,-2,999,R,3978,R,1812,R,2166,R,30,R,8,R,22,R,138,R,67,R,71,R,389,R,134,R,255,R,1015,R,434,R,581,R,6,R,1,R,5,R,1793,R,865,R,928,R,163,R,64,R,99,R,69,R,38,R,31,R,375,R,201,R,174,A,,A,,2025
224110,22,-2,1,R,3978,R,1812,R,2166,R,30,R,8,R,22,R,138,R,67,R,71,R,389,R,134,R,255,R,1015,R,434,R,581,R,6,R,1,R,5,R,1793,R,865,R,928,R,163,R,64,R,99,R,69,R,38,R,31,R,375,R,201,R,174,A,,A,,2025
224110,23,-2,1,R,3881,R,1775,R,2106,R,29,R,8,R,21,R,124,R,62,R,62,R,387,R,134,R,253,R,1000,R,427,R,573,R,6,R,1,R,5,R,1737,R,842,R,895,R,158,R,63,R,95,R,66,R,37,R,29,R,374,R,201,R,173,A,,A,,2025
224110,24,-2,1,R,1131,R,533,R,598,R,8,R,2,R,6,R,29,R,17,R,12,R,76,R,34,R,42,R,347,R,140,R,207,R,1,R,0,R,1,R,536,R,272,R,264,R,56,R,27,R,29,R,20,R,11,R,9,R,58,R,30,R,28,A,,A,,2025
224110,25,-2,1,R,2750,R,1242,R,1508,R,21,R,6,R,15,R,95,R,45,R,50,R,311,R,100,R,211,R,653,R,287,R,366,R,5,R,1,R,4,R,1201,R,570,R,631,R,102,R,36,R,66,R,46,R,26,R,20,R,316,R,171,R,145,A,,A,,2025
224110,31,-2,1,R,97,R,37,R,60,R,1,R,0,R,1,R,14,R,5,R,9,R,2,R,0,R,2,R,15,R,7,R,8,R,0,R,0,R,0,R,56,R,23,R,33,R,5,R,1,R,4,R,3,R,1,R,2,R,1,R,0,R,1,A,,A,,2025
224110,39,-2,1,R,703,R,360,R,343,R,3,R,0,R,3,R,16,R,9,R,7,R,87,R,25,R,62,R,114,R,55,R,59,R,1,R,0,R,1,R,233,R,126,R,107,R,24,R,8,R,16,R,8,R,5,R,3,R,217,R,132,R,85,A,,A,,2025
224110,40,-2,1,R,2047,R,882,R,1165,R,18,R,6,R,12,R,79,R,36,R,43,R,224,R,75,R,149,R,539,R,232,R,307,R,4,R,1,R,3,R,968,R,444,R,524,R,78,R,28,R,50,R,38,R,21,R,17,R,99,R,39,R,60,A,,A,,2025
224110,41,-2,999,R,8236,R,3415,R,4821,R,48,R,21,R,27,R,544,R,269,R,275,R,800,R,290,R,510,R,2014,R,784,R,1230,R,11,R,6,R,5,R,4023,R,1689,R,2334,R,388,R,160,R,228,R,194,R,89,R,105,R,214,R,107,R,107,A,,A,,2025
224110,42,-2,1,R,8236,R,3415,R,4821,R,48,R,21,R,27,R,544,R,269,R,275,R,800,R,290,R,510,R,2014,R,784,R,1230,R,11,R,6,R,5,R,4023,R,1689,R,2334,R,388,R,160,R,228,R,194,R,89,R,105,R,214,R,107,R,107,A,,A,,2025
224110,43,-2,1,R,5317,R,2176,R,3141,R,31,R,12,R,19,R,248,R,115,R,133,R,653,R,224,R,429,R,1336,R,509,R,827,R,6,R,3,R,3,R,2541,R,1075,R,1466,R,222,R,96,R,126,R,110,R,54,R,56,R,170,R,88,R,82,A,,A,,2025
224110,44,-2,1,R,652,R,312,R,340,R,8,R,4,R,4,R,19,R,15,R,4,R,49,R,23,R,26,R,183,R,72,R,111,R,0,R,0,R,0,R,307,R,150,R,157,R,25,R,15,R,10,R,21,R,11,R,10,R,40,R,22,R,18,A,,A,,2025
224110,45,-2,1,R,4665,R,1864,R,2801,R,23,R,8,R,15,R,229,R,100,R,129,R,604,R,201,R,403,R,1153,R,437,R,716,R,6,R,3,R,3,R,2234,R,925,R,1309,R,197,R,81,R,116,R,89,R,43,R,46,R,130,R,66,R,64,A,,A,,2025
224110,51,-2,1,R,2919,R,1239,R,1680,R,17,R,9,R,8,R,296,R,154,R,142,R,147,R,66,R,81,R,678,R,275,R,403,R,5,R,3,R,2,R,1482,R,614,R,868,R,166,R,64,R,102,R,84,R,35,R,49,R,44,R,19,R,25,A,,A,,2025
224110,59,-2,1,R,1058,R,415,R,643,R,2,R,0,R,2,R,67,R,33,R,34,R,177,R,50,R,127,R,215,R,85,R,130,R,2,R,1,R,1,R,487,R,202,R,285,R,52,R,22,R,30,R,27,R,11,R,16,R,29,R,11,R,18,A,,A,,2025
224110,60,-2,1,R,3607,R,1449,R,2158,R,21,R,8,R,13,R,162,R,67,R,95,R,427,R,151,R,276,R,938,R,352,R,586,R,4,R,2,R,2,R,1747,R,723,R,1024,R,145,R,59,R,86,R,62,R,32,R,30,R,101,R,55,R,46,A,,A,,2025
224147,1,1,999,R,13579,R,5399,R,8180,R,37,R,16,R,21,R,594,R,274,R,320,R,668,R,271,R,397,R,6433,R,2290,R,4143,R,11,R,4,R,7,R,4542,R,1891,R,2651,R,381,R,164,R,217,R,186,R,90,R,96,R,727,R,399,R,328,R,0.0,R,13579.0,2025
224147,2,2,1,R,9232,R,3660,R,5572,R,20,R,8,R,12,R,268,R,130,R,138,R,343,R,141,R,202,R,4973,R,1808,R,3165,R,8,R,4,R,4,R,3058,R,1299,R,1759,R,294,R,128,R,166,R,104,R,57,R,47,R,164,R,85,R,79,R,0.0,R,9232.0,2025
224147,3,-2,1,R,8939,R,3526,R,5413,R,19,R,8,R,11,R,252,R,122,R,130,R,340,R,140,R,200,R,4837,R,1748,R,3089,R,7,R,4,R,3,R,2948,R,1250,R,1698,R,288,R,126,R,162,R,85,R,44,R,41,R,163,R,84,R,79,A,,A,,2025
224147,4,-2,1,R,2268,R,904,R,1364,R,2,R,0,R,2,R,70,R,33,R,37,R,91,R,39,R,52,R,1241,R,457,R,784,R,2,R,0,R,2,R,727,R,314,R,413,R,85,R,39,R,46,R,21,R,10,R,11,R,29,R,12,R,17,A,,A,,2025
224147,5,-2,1,R,6671,R,2622,R,4049,R,17,R,8,R,9,R,182,R,89,R,93,R,249,R,101,R,148,R,3596,R,1291,R,2305,R,5,R,4,R,1,R,2221,R,936,R,1285,R,203,R,87,R,116,R,64,R,34,R,30,R,134,R,72,R,62,A,,A,,2025
224147,11,-2,1,R,293,R,134,R,159,R,1,R,0,R,1,R,16,R,8,R,8,R,3,R,1,R,2,R,136,R,60,R,76,R,1,R,0,R,1,R,110,R,49,R,61,R,6,R,2,R,4,R,19,R,13,R,6,R,1,R,1,R,0,A,,A,,2025
224147,12,4,3,R,4347,R,1739,R,2608,R,17,R,8,R,9,R,326,R,144,R,182,R,325,R,130,R,195,R,1460,R,482,R,978,R,3,R,0,R,3,R,1484,R,592,R,892,R,87,R,36,R,51,R,82,R,33,R,49,R,563,R,314,R,249,R,0.0,R,4347.0,2025
224147,19,-2,1,R,886,R,345,R,541,R,2,R,2,R,0,R,16,R,8,R,8,R,29,R,9,R,20,R,439,R,156,R,283,R,1,R,0,R,1,R,342,R,140,R,202,R,29,R,12,R,17,R,11,R,9,R,2,R,17,R,9,R,8,A,,A,,2025
224147,20,-2,1,R,5785,R,2277,R,3508,R,15,R,6,R,9,R,166,R,81,R,85,R,220,R,92,R,128,R,3157,R,1135,R,2022,R,4,R,4,R,0,R,1879,R,796,R,1083,R,174,R,75,R,99,R,53,R,25,R,28,R,117,R,63,R,54,A,,A,,2025
224147,21,-2,999,R,8834,R,3533,R,5301,R,19,R,9,R,10,R,291,R,131,R,160,R,369,R,141,R,228,R,4340,R,1574,R,2766,R,7,R,4,R,3,R,2824,R,1167,R,1657,R,277,R,121,R,156,R,83,R,43,R,40,R,624,R,343,R,281,A,,A,,2025
224147,22,-2,1,R,7278,R,2883,R,4395,R,14,R,5,R,9,R,220,R,107,R,113,R,274,R,111,R,163,R,3893,R,1428,R,2465,R,6,R,4,R,2,R,2413,R,1011,R,1402,R,243,R,106,R,137,R,62,R,32,R,30,R,153,R,79,R,74,A,,A,,2025
224147,23,-2,1,R,7275,R,2882,R,4393,R,14,R,5,R,9,R,220,R,107,R,113,R,274,R,111,R,163,R,3892,R,1428,R,2464,R,6,R,4,R,2,R,2411,R,1010,R,1401,R,243,R,106,R,137,R,62,R,32,R,30,R,153,R,79,R,74,A,,A,,2025
224147,24,-2,1,R,2203,R,871,R,1332,R,2,R,0,R,2,R,69,R,32,R,37,R,85,R,37,R,48,R,1206,R,439,R,767,R,2,R,0,R,2,R,708,R,304,R,404,R,82,R,37,R,45,R,21,R,10,R,11,R,28,R,12,R,16,A,,A,,2025
224147,25,-2,1,R,5072,R,2011,R,3061,R,12,R,5,R,7,R,151,R,75,R,76,R,189,R,74,R,115,R,2686,R,989,R,1697,R,4,R,4,R,0,R,1703,R,706,R,997,R,161,R,69,R,92,R,41,R,22,R,19,R,125,R,67,R,58,A,,A,,2025
224147,31,-2,1,R,3,R,1,R,2,R,0,R,0,R,0,R,0,R,0,R,0,R,0,R,0,R,0,R,1,R,0,R,1,R,0,R,0,R,0,R,2,R,1,R,1,R,0,R,0,R,0,R,0,R,0,R,0,R,0,R,0,R,0,A,,A,,2025
224147,32,-2,3,R,1556,R,650,R,906,R,5,R,4,R,1,R,71,R,24,R,47,R,95,R,30,R,65,R,447,R,146,R,301,R,1,R,0,R,1,R,411,R,156,R,255,R,34,R,15,R,19,R,21,R,11,R,10,R,471,R,264,R,207,A,,A,,2025
224147,39,-2,1,R,596,R,239,R,357,R,1,R,1,R,0,R,13,R,7,R,6,R,22,R,6,R,16,R,289,R,111,R,178,R,0,R,0,R,0,R,223,R,88,R,135,R,25,R,11,R,14,R,6,R,6,R,0,R,17,R,9,R,8,A,,A,,2025
224147,40,-2,1,R,4476,R,1772,R,2704,R,11,R,4,R,7,R,138,R,68,R,70,R,167,R,68,R,99,R,2397,R,878,R,1519,R,4,R,4,R,0,R,1480,R,618,R,862,R,136,R,58,R,78,R,35,R,16,R,19,R,108,R,58,R,50,A,,A,,2025
224147,41,-2,999,R,4745,R,1866,R,2879,R,18,R,7,R,11,R,303,R,143,R,160,R,299,R,130,R,169,R,2093,R,716,R,1377,R,4,R,0,R,4,R,1718,R,724,R,994,R,104,R,43,R,61,R,103,R,47,R,56,R,103,R,56,R,47,A,,A,,2025
224147,42,-2,1,R,1954,R,777,R,1177,R,6,R,3,R,3,R,48,R,23,R,25,R,69,R,30,R,39,R,1080,R,380,R,700,R,2,R,0,R,2,R,645,R,288,R,357,R,51,R,22,R,29,R,42,R,25,R,17,R,11,R,6,R,5,A,,A,,2025
224147,43,-2,1,R,1664,R,644,R,1020,R,5,R,3,R,2,R,32,R,15,R,17,R,66,R,29,R,37,R,945,R,320,R,625,R,1,R,0,R,1,R,537,R,240,R,297,R,45,R,20,R,25,R,23,R,12,R,11,R,10,R,5,R,5,A,,A,,2025
224147,44,-2,1,R,65,R,33,R,32,R,0,R,0,R,0,R,1,R,1,R,0,R,6,R,2,R,4,R,35,R,18,R,17,R,0,R,0,R,0,R,19,R,10,R,9,R,3,R,2,R,1,R,0,R,0,R,0,R,1,R,0,R,1,A,,A,,2025
224147,45,-2,1,R,1599,R,611,R,988,R,5,R,3,R,2,R,31,R,14,R,17,R,60,R,27,R,33,R,910,R,302,R,608,R,1,R,0,R,1,R,518,R,230,R,288,R,42,R,18,R,24,R,23,R,12,R,11,R,9,R,5,R,4,A,,A,,2025
224147,51,-2,1,R,290,R,133,R,157,R,1,R,0,R,1,R,16,R,8,R,8,R,3,R,1,R,2,R,135,R,60,R,75,R,1,R,0,R,1,R,108,R,48,R,60,R,6,R,2,R,4,R,19,R,13,R,6,R,1,R,1,R,0,A,,A,,2025
224147,52,-2,3,R,2791,R,1089,R,1702,R,12,R,4,R,8,R,255,R,120,R,135,R,230,R,100,R,130,R,1013,R,336,R,677,R,2,R,0,R,2,R,1073,R,436,R,637,R,53,R,21,R,32,R,61,R,22,R,39,R,92,R,50,R,42,A,,A,,2025
224147,59,-2,1,R,290,R,106,R,184,R,1,R,1,R,0,R,3,R,1,R,2,R,7,R,3,R,4,R,150,R,45,R,105,R,1,R,0,R,1,R,119,R,52,R,67,R,4,R,1,R,3,R,5,R,3,R,2,R,0,R,0,R,0,A,,A,,2025
224147,60,-2,1,R,1309,R,505,R,804,R,4,R,2,R,2,R,28,R,13,R,15,R,53,R,24,R,29,R,760,R,257,R,503,R,0,R,0,R,0,R,399,R,178,R,221,R,38,R,17,R,21,R,18,R,9,R,9,R,9,R,5,R,4,A,,A,,2025
224350,1,1,999,R,14049,R,6059,R,7990,R,24,R,12,R,12,R,297,R,142,R,155,R,287,R,113,R,174,R,10079,R,4256,R,5823,R,14,R,6,R,8,R,2601,R,1105,R,1496,R,105,R,41,R,64,R,191,R,90,R,101,R,451,R,294,R,157,R,0.0,R,14049.0,2025
224350,2,2,1,R,14049,R,6059,R,7990,R,24,R,12,R,12,R,297,R,142,R,155,R,287,R,113,R,174,R,10079,R,4256,R,5823,R,14,R,6,R,8,R,2601,R,1105,R,1496,R,105,R,41,R,64,R,191,R,90,R,101,R,451,R,294,R,157,R,0.0,R,14049.0,2025
224350,3,-2,1,R,9256,R,3597,R,5659,R,11,R,5,R,6,R,156,R,68,R,88,R,205,R,82,R,123,R,6869,R,2620,R,4249,R,10,R,6,R,4,R,1672,R,668,R,1004,R,74,R,25,R,49,R,103,R,40,R,63,R,156,R,83,R,73,A,,A,,2025
224350,4,-2,1,R,1249,R,548,R,701,R,1,R,1,R,0,R,12,R,7,R,5,R,27,R,9,R,18,R,926,R,387,R,539,R,4,R,2,R,2,R,213,R,111,R,102,R,12,R,6,R,6,R,20,R,9,R,11,R,34,R,16,R,18,A,,A,,2025
224350,5,-2,1,R,8007,R,3049,R,4958,R,10,R,4,R,6,R,144,R,61,R,83,R,178,R,73,R,105,R,5943,R,2233,R,3710,R,6,R,4,R,2,R,1459,R,557,R,902,R,62,R,19,R,43,R,83,R,31,R,52,R,122,R,67,R,55,A,,A,,2025
224350,11,-2,1,R,4793,R,2462,R,2331,R,13,R,7,R,6,R,141,R,74,R,67,R,82,R,31,R,51,R,3210,R,1636,R,1574,R,4,R,0,R,4,R,929,R,437,R,492,R,31,R,16,R,15,R,88,R,50,R,38,R,295,R,211,R,84,A,,A,,2025
224350,19,-2,1,R,551,R,216,R,335,R,2,R,1,R,1,R,11,R,5,R,6,R,23,R,15,R,8,R,325,R,126,R,199,R,0,R,0,R,0,R,166,R,63,R,103,R,9,R,2,R,7,R,9,R,2,R,7,R,6,R,2,R,4,A,,A,,2025
224350,20,-2,1,R,7456,R,2833,R,4623,R,8,R,3,R,5,R,133,R,56,R,77,R,155,R,58,R,97,R,5618,R,2107,R,3511,R,6,R,4,R,2,R,1293,R,494,R,799,R,53,R,17,R,36,R,74,R,29,R,45,R,116,R,65,R,51,A,,A,,2025
224350,21,-2,999,R,2994,R,1462,R,1532,R,4,R,4,R,0,R,45,R,20,R,25,R,59,R,21,R,38,R,2231,R,1068,R,1163,R,1,R,1,R,0,R,501,R,249,R,252,R,20,R,11,R,9,R,43,R,22,R,21,R,90,R,66,R,24,A,,A,,2025
224350,22,-2,1,R,2994,R,1462,R,1532,R,4,R,4,R,0,R,45,R,20,R,25,R,59,R,21,R,38,R,2231,R,1068,R,1163,R,1,R,1,R,0,R,501,R,249,R,252,R,20,R,11,R,9,R,43,R,22,R,21,R,90,R,66,R,24,A,,A,,2025
224350,23,-2,1,R,2348,R,1117,R,1231,R,2,R,2,R,0,R,25,R,10,R,15,R,48,R,16,R,32,R,1767,R,825,R,942,R,1,R,1,R,0,R,405,R,200,R,205,R,17,R,10,R,7,R,29,R,14,R,15,R,54,R,39,R,15,A,,A,,2025
224350,24,-2,1,R,440,R,205,R,235,R,0,Z,0,R,0,R,6,R,3,R,3,R,9,R,3,R,6,R,323,R,142,R,181,R,1,R,1,R,0,R,70,R,39,R,31,R,6,R,3,R,3,R,9,R,5,R,4,R,16,R,9,R,7,A,,A,,2025
224350,25,-2,1,R,1908,R,912,R,996,R,2,R,2,R,0,R,19,R,7,R,12,R,39,R,13,R,26,R,1444,R,683,R,761,R,0,R,0,R,0,R,335,R,161,R,174,R,11,R,7,R,4,R,20,R,9,R,11,R,38,R,30,R,8,A,,A,,2025
224350,31,-2,1,R,646,R,345,R,301,R,2,R,2,R,0,R,20,R,10,R,10,R,11,R,5,R,6,R,464,R,243,R,221,R,0,R,0,R,0,R,96,R,49,R,47,R,3,R,1,R,2,R,14,R,8,R,6,R,36,R,27,R,9,A,,A,,2025
224350,39,-2,1,R,113,R,49,R,64,R,0,Z,0,R,0,R,1,Z,0,R,1,R,7,R,5,R,2,R,65,R,26,R,39,R,0,R,0,R,0,R,31,R,14,R,17,R,1,R,1,Z,0,R,6,R,1,R,5,R,2,R,2,R,0,A,,A,,2025
224350,40,-2,1,R,1795,R,863,R,932,R,2,R,2,R,0,R,18,R,7,R,11,R,32,R,8,R,24,R,1379,R,657,R,722,R,0,R,0,R,0,R,304,R,147,R,157,R,10,R,6,R,4,R,14,R,8,R,6,R,36,R,28,R,8,A,,A,,2025
224350,41,-2,999,R,11055,R,4597,R,6458,R,20,R,8,R,12,R,252,R,122,R,130,R,228,R,92,R,136,R,7848,R,3188,R,4660,R,13,R,5,R,8,R,2100,R,856,R,1244,R,85,R,30,R,55,R,148,R,68,R,80,R,361,R,228,R,133,A,,A,,2025
224350,42,-2,1,R,11055,R,4597,R,6458,R,20,R,8,R,12,R,252,R,122,R,130,R,228,R,92,R,136,R,7848,R,3188,R,4660,R,13,R,5,R,8,R,2100,R,856,R,1244,R,85,R,30,R,55,R,148,R,68,R,80,R,361,R,228,R,133,A,,A,,2025
224350,43,-2,1,R,6908,R,2480,R,4428,R,9,R,3,R,6,R,131,R,58,R,73,R,157,R,66,R,91,R,5102,R,1795,R,3307,R,9,R,5,R,4,R,1267,R,468,R,799,R,57,R,15,R,42,R,74,R,26,R,48,R,102,R,44,R,58,A,,A,,2025
224350,44,-2,1,R,809,R,343,R,466,R,1,R,1,Z,0,R,6,R,4,R,2,R,18,R,6,R,12,R,603,R,245,R,358,R,3,R,1,R,2,R,143,R,72,R,71,R,6,R,3,R,3,R,11,R,4,R,7,R,18,R,7,R,11,A,,A,,2025
224350,45,-2,1,R,6099,R,2137,R,3962,R,8,R,2,R,6,R,125,R,54,R,71,R,139,R,60,R,79,R,4499,R,1550,R,2949,R,6,R,4,R,2,R,1124,R,396,R,728,R,51,R,12,R,39,R,63,R,22,R,41,R,84,R,37,R,47,A,,A,,2025
224350,51,-2,1,R,4147,R,2117,R,2030,R,11,R,5,R,6,R,121,R,64,R,57,R,71,R,26,R,45,R,2746,R,1393,R,1353,R,4,Z,0,R,4,R,833,R,388,R,445,R,28,R,15,R,13,R,74,R,42,R,32,R,259,R,184,R,75,A,,A,,2025
224350,59,-2,1,R,438,R,167,R,271,R,2,R,1,R,1,R,10,R,5,R,5,R,16,R,10,R,6,R,260,R,100,R,160,Z,0,Z,0,Z,0,R,135,R,49,R,86,R,8,R,1,R,7,R,3,R,1,R,2,R,4,Z,0,R,4,A,,A,,2025
224350,60,-2,1,R,5661,R,1970,R,3691,R,6,R,1,R,5,R,115,R,49,R,66,R,123,R,50,R,73,R,4239,R,1450,R,2789,R,6,R,4,R,2,R,989,R,347,R,642,R,43,R,11,R,32,R,60,R,21,R,39,R,80,R,37,R,43,A,,A,,2025
224545,1,1,999,R,2805,R,1050,R,1755,R,12,R,6,R,6,R,30,R,14,R,16,R,490,R,157,R,333,R,507,R,190,R,317,R,2,R,2,R,0,R,1412,R,516,R,896,R,146,R,57,R,89,R,19,R,9,R,10,R,187,R,99,R,88,R,0.0,R,2805.0,2025
224545,2,2,1,R,2270,R,891,R,1379,R,10,R,6,R,4,R,29,R,14,R,15,R,391,R,128,R,263,R,457,R,176,R,281,R,2,R,2,R,0,R,1074,R,419,R,655,R,125,R,50,R,75,R,15,R,7,R,8,R,167,R,89,R,78,R,0.0,R,2270.0,2025
224545,3,-2,1,R,2256,R,886,R,1370,R,10,R,6,R,4,R,29,R,14,R,15,R,390,R,128,R,262,R,456,R,175,R,281,R,2,R,2,R,0,R,1062,R,415,R,647,R,125,R,50,R,75,R,15,R,7,R,8,R,167,R,89,R,78,A,,A,,2025
224545,4,-2,1,R,452,R,191,R,261,R,2,R,1,R,1,R,6,R,4,R,2,R,60,R,24,R,36,R,100,R,43,R,57,R,0,R,0,R,0,R,190,R,74,R,116,R,29,R,12,R,17,R,3,R,2,R,1,R,62,R,31,R,31,A,,A,,2025
224545,5,-2,1,R,1804,R,695,R,1109,R,8,R,5,R,3,R,23,R,10,R,13,R,330,R,104,R,226,R,356,R,132,R,224,R,2,R,2,R,0,R,872,R,341,R,531,R,96,R,38,R,58,R,12,R,5,R,7,R,105,R,58,R,47,A,,A,,2025
224545,11,-2,1,R,14,R,5,R,9,R,0,R,0,R,0,R,0,R,0,R,0,R,1,R,0,R,1,R,1,R,1,R,0,R,0,R,0,R,0,R,12,R,4,R,8,R,0,R,0,R,0,R,0,R,0,R,0,R,0,R,0,R,0,A,,A,,2025
224545,12,4,3,R,535,R,159,R,376,R,2,R,0,R,2,R,1,R,0,R,1,R,99,R,29,R,70,R,50,R,14,R,36,R,0,R,0,R,0,R,338,R,97,R,241,R,21,R,7,R,14,R,4,R,2,R,2,R,20,R,10,R,10,R,0.0,R,535.0,2025
224545,19,-2,1,R,554,R,219,R,335,R,3,R,2,R,1,R,7,R,3,R,4,R,109,R,34,R,75,R,105,R,36,R,69,R,0,R,0,R,0,R,276,R,116,R,160,R,24,R,10,R,14,R,2,R,1,R,1,R,28,R,17,R,11,A,,A,,2025
224545,20,-2,1,R,1250,R,476,R,774,R,5,R,3,R,2,R,16,R,7,R,9,R,221,R,70,R,151,R,251,R,96,R,155,R,2,R,2,R,0,R,596,R,225,R,371,R,72,R,28,R,44,R,10,R,4,R,6,R,77,R,41,R,36,A,,A,,2025
224545,21,-2,999,R,1833,R,710,R,1123,R,10,R,5,R,5,R,21,R,7,R,14,R,312,R,101,R,211,R,360,R,136,R,224,R,2,R,2,R,0,R,845,R,325,R,520,R,101,R,39,R,62,R,12,R,5,R,7,R,170,R,90,R,80,A,,A,,2025
224545,22,-2,1,R,1711,R,675,R,1036,R,9,R,5,R,4,R,21,R,7,R,14,R,281,R,94,R,187,R,349,R,133,R,216,R,2,R,2,R,0,R,791,R,309,R,482,R,96,R,39,R,57,R,11,R,5,R,6,R,151,R,81,R,70,A,,A,,2025
224545,23,-2,1,R,1708,R,673,R,1035,R,9,R,5,R,4,R,21,R,7,R,14,R,280,R,94,R,186,R,349,R,133,R,216,R,2,R,2,R,0,R,789,R,307,R,482,R,96,R,39,R,57,R,11,R,5,R,6,R,151,R,81,R,70,A,,A,,2025
224545,24,-2,1,R,397,R,165,R,232,R,2,R,1,R,1,R,6,R,4,R,2,R,51,R,21,R,30,R,89,R,36,R,53,R,0,R,0,R,0,R,162,R,62,R,100,R,24,R,10,R,14,R,3,R,2,R,1,R,60,R,29,R,31,A,,A,,2025
224545,25,-2,1,R,1311,R,508,R,803,R,7,R,4,R,3,R,15,R,3,R,12,R,229,R,73,R,156,R,260,R,97,R,163,R,2,R,2,R,0,R,627,R,245,R,382,R,72,R,29,R,43,R,8,R,3,R,5,R,91,R,52,R,39,A,,A,,2025
224545,31,-2,1,R,3,R,2,R,1,R,0,R,0,R,0,R,0,R,0,R,0,R,1,R,0,R,1,R,0,R,0,R,0,R,0,R,0,R,0,R,2,R,2,R,0,R,0,R,0,R,0,R,0,R,0,R,0,R,0,R,0,R,0,A,,A,,2025
224545,32,-2,3,R,122,R,35,R,87,R,1,R,0,R,1,R,0,R,0,R,0,R,31,R,7,R,24,R,11,R,3,R,8,R,0,R,0,R,0,R,54,R,16,R,38,R,5,R,0,R,5,R,1,R,0,R,1,R,19,R,9,R,10,A,,A,,2025
224545,39,-2,1,R,411,R,158,R,253,R,3,R,2,R,1,R,5,R,1,R,4,R,82,R,24,R,58,R,77,R,27,R,50,R,0,R,0,R,0,R,204,R,82,R,122,R,16,R,6,R,10,R,0,R,0,R,0,R,24,R,16,R,8,A,,A,,2025
224545,40,-2,1,R,900,R,350,R,550,R,4,R,2,R,2,R,10,R,2,R,8,R,147,R,49,R,98,R,183,R,70,R,113,R,2,R,2,R,0,R,423,R,163,R,260,R,56,R,23,R,33,R,8,R,3,R,5,R,67,R,36,R,31,A,,A,,2025
224545,41,-2,999,R,972,R,340,R,632,R,2,R,1,R,1,R,9,R,7,R,2,R,178,R,56,R,122,R,147,R,54,R,93,R,0,R,0,R,0,R,567,R,191,R,376,R,45,R,18,R,27,R,7,R,4,R,3,R,17,R,9,R,8,A,,A,,2025
224545,42,-2,1,R,559,R,216,R,343,R,1,R,1,R,0,R,8,R,7,R,1,R,110,R,34,R,76,R,108,R,43,R,65,R,0,R,0,R,0,R,283,R,110,R,173,R,29,R,11,R,18,R,4,R,2,R,2,R,16,R,8,R,8,A,,A,,2025
224545,43,-2,1,R,548,R,213,R,335,R,1,R,1,R,0,R,8,R,7,R,1,R,110,R,34,R,76,R,107,R,42,R,65,R,0,R,0,R,0,R,273,R,108,R,165,R,29,R,11,R,18,R,4,R,2,R,2,R,16,R,8,R,8,A,,A,,2025
224545,44,-2,1,R,55,R,26,R,29,R,0,R,0,R,0,R,0,R,0,R,0,R,9,R,3,R,6,R,11,R,7,R,4,R,0,R,0,R,0,R,28,R,12,R,16,R,5,R,2,R,3,R,0,R,0,R,0,R,2,R,2,R,0,A,,A,,2025
224545,45,-2,1,R,493,R,187,R,306,R,1,R,1,R,0,R,8,R,7,R,1,R,101,R,31,R,70,R,96,R,35,R,61,R,0,R,0,R,0,R,245,R,96,R,149,R,24,R,9,R,15,R,4,R,2,R,2,R,14,R,6,R,8,A,,A,,2025
224545,51,-2,1,R,11,R,3,R,8,R,0,R,0,R,0,R,0,R,0,R,0,R,0,R,0,R,0,R,1,R,1,R,0,R,0,R,0,R,0,R,10,R,2,R,8,R,0,R,0,R,0,R,0,R,0,R,0,R,0,R,0,R,0,A,,A,,2025
224545,52,-2,3,R,413,R,124,R,289,R,1,R,0,R,1,R,1,R,0,R,1,R,68,R,22,R,46,R,39,R,11,R,28,R,0,R,0,R,0,R,284,R,81,R,203,R,16,R,7,R,9,R,3,R,2,R,1,R,1,R,1,R,0,A,,A,,2025
224545,59,-2,1,R,143,R,61,R,82,R,0,R,0,R,0,R,2,R,2,R,0,R,27,R,10,R,17,R,28,R,9,R,19,R,0,R,0,R,0,R,72,R,34,R,38,R,8,R,4,R,4,R,2,R,1,R,1,R,4,R,1,R,3,A,,A,,2025
224545,60,-2,1,R,350,R,126,R,224,R,1,R,1,R,0,R,6,R,5,R,1,R,74,R,21,R,53,R,68,R,26,R,42,R,0,R,0,R,0,R,173,R,62,R,111,R,16,R,5,R,11,R,2,R,1,R,1,R,10,R,5,R,5,A,,A,,2025
224554,1,1,999,R,16591,R,6520,R,10071,R,72,R,27,R,45,R,587,R,268,R,319,R,3288,R,1273,R,2015,R,4020,R,1452,R,2568,R,14,R,4,R,10,R,6557,R,2613,R,3944,R,663,R,241,R,422,R,789,R,321,R,468,R,601,R,321,R,280,R,0.0,R,16591.0,2025
224554,2,2,1,R,12250,R,5005,R,7245,R,60,R,24,R,36,R,316,R,158,R,158,R,2437,R,989,R,1448,R,3280,R,1224,R,2056,R,12,R,4,R,8,R,4834,R,2063,R,2771,R,489,R,189,R,300,R,618,R,260,R,358,R,204,R,94,R,110,R,0.0,R,12250.0,2025
224554,3,-2,1,R,9429,R,3935,R,5494,R,34,R,14,R,20,R,207,R,101,R,106,R,2123,R,878,R,1245,R,2414,R,904,R,1510,R,8,R,4,R,4,R,3745,R,1648,R,2097,R,411,R,166,R,245,R,290,R,128,R,162,R,197,R,92,R,105,A,,A,,2025
224554,4,-2,1,R,1641,R,759,R,882,R,7,R,2,R,5,R,35,R,17,R,18,R,559,R,245,R,314,R,415,R,180,R,235,R,1,R,1,R,0,R,494,R,253,R,241,R,69,R,28,R,41,R,54,R,27,R,27,R,7,R,6,R,1,A,,A,,2025
224554,5,-2,1,R,7788,R,3176,R,4612,R,27,R,12,R,15,R,172,R,84,R,88,R,1564,R,633,R,931,R,1999,R,724,R,1275,R,7,R,3,R,4,R,3251,R,1395,R,1856,R,342,R,138,R,204,R,236,R,101,R,135,R,190,R,86,R,104,A,,A,,2025
224554,11,-2,1,R,2821,R,1070,R,1751,R,26,R,10,R,16,R,109,R,57,R,52,R,314,R,111,R,203,R,866,R,320,R,546,R,4,R,0,R,4,R,1089,R,415,R,674,R,78,R,23,R,55,R,328,R,132,R,196,R,7,R,2,R,5,A,,A,,2025
224554,12,4,3,R,4341,R,1515,R,2826,R,12,R,3,R,9,R,271,R,110,R,161,R,851,R,284,R,567,R,740,R,228,R,512,R,2,R,0,R,2,R,1723,R,550,R,1173,R,174,R,52,R,122,R,171,R,61,R,110,R,397,R,227,R,170,R,0.0,R,4341.0,2025
224554,19,-2,1,R,2431,R,1059,R,1372,R,10,R,5,R,5,R,58,R,30,R,28,R,493,R,196,R,297,R,582,R,232,R,350,R,3,R,3,R,0,R,1042,R,492,R,550,R,91,R,29,R,62,R,52,R,24,R,28,R,100,R,48,R,52,A,,A,,2025
224554,20,-2,1,R,5357,R,2117,R,3240,R,17,R,7,R,10,R,114,R,54,R,60,R,1071,R,437,R,634,R,1417,R,492,R,925,R,4,R,0,R,4,R,2209,R,903,R,1306,R,251,R,109,R,142,R,184,R,77,R,107,R,90,R,38,R,52,A,,A,,2025
224554,21,-2,999,R,9140,R,3674,R,5466,R,26,R,9,R,17,R,289,R,130,R,159,R,2044,R,827,R,1217,R,2146,R,778,R,1368,R,9,R,3,R,6,R,3525,R,1424,R,2101,R,392,R,153,R,239,R,294,R,125,R,169,R,415,R,225,R,190,A,,A,,2025
224554,22,-2,1,R,7535,R,3107,R,4428,R,23,R,9,R,14,R,162,R,76,R,86,R,1718,R,713,R,1005,R,1905,R,715,R,1190,R,7,R,3,R,4,R,2971,R,1271,R,1700,R,321,R,128,R,193,R,243,R,105,R,138,R,185,R,87,R,98,A,,A,,2025
224554,23,-2,1,R,7442,R,3073,R,4369,R,22,R,8,R,14,R,161,R,75,R,86,R,1714,R,711,R,1003,R,1878,R,705,R,1173,R,7,R,3,R,4,R,2925,R,1254,R,1671,R,318,R,127,R,191,R,232,R,103,R,129,R,185,R,87,R,98,A,,A,,2025
224554,24,-2,1,R,1496,R,690,R,806,R,5,R,1,R,4,R,33,R,15,R,18,R,525,R,232,R,293,R,380,R,166,R,214,R,1,R,1,R,0,R,431,R,218,R,213,R,63,R,25,R,38,R,51,R,26,R,25,R,7,R,6,R,1,A,,A,,2025
224554,25,-2,1,R,5946,R,2383,R,3563,R,17,R,7,R,10,R,128,R,60,R,68,R,1189,R,479,R,710,R,1498,R,539,R,959,R,6,R,2,R,4,R,2494,R,1036,R,1458,R,255,R,102,R,153,R,181,R,77,R,104,R,178,R,81,R,97,A,,A,,2025
224554,31,-2,1,R,93,R,34,R,59,R,1,R,1,R,0,R,1,R,1,R,0,R,4,R,2,R,2,R,27,R,10,R,17,R,0,R,0,R,0,R,46,R,17,R,29,R,3,R,1,R,2,R,11,R,2,R,9,R,0,R,0,R,0,A,,A,,2025
224554,32,-2,3,R,1605,R,567,R,1038,R,3,R,0,R,3,R,127,R,54,R,73,R,326,R,114,R,212,R,241,R,63,R,178,R,2,R,0,R,2,R,554,R,153,R,401,R,71,R,25,R,46,R,51,R,20,R,31,R,230,R,138,R,92,A,,A,,2025
224554,39,-2,1,R,1746,R,747,R,999,R,7,R,4,R,3,R,41,R,20,R,21,R,349,R,134,R,215,R,397,R,158,R,239,R,2,R,2,R,0,R,757,R,348,R,409,R,66,R,22,R,44,R,32,R,14,R,18,R,95,R,45,R,50,A,,A,,2025
224554,40,-2,1,R,4200,R,1636,R,2564,R,10,R,3,R,7,R,87,R,40,R,47,R,840,R,345,R,495,R,1101,R,381,R,720,R,4,R,0,R,4,R,1737,R,688,R,1049,R,189,R,80,R,109,R,149,R,63,R,86,R,83,R,36,R,47,A,,A,,2025
224554,41,-2,999,R,7451,R,2846,R,4605,R,46,R,18,R,28,R,298,R,138,R,160,R,1244,R,446,R,798,R,1874,R,674,R,1200,R,5,R,1,R,4,R,3032,R,1189,R,1843,R,271,R,88,R,183,R,495,R,196,R,299,R,186,R,96,R,90,A,,A,,2025
224554,42,-2,1,R,4715,R,1898,R,2817,R,37,R,15,R,22,R,154,R,82,R,72,R,719,R,276,R,443,R,1375,R,509,R,866,R,5,R,1,R,4,R,1863,R,792,R,1071,R,168,R,61,R,107,R,375,R,155,R,220,R,19,R,7,R,12,A,,A,,2025
224554,43,-2,1,R,1987,R,862,R,1125,R,12,R,6,R,6,R,46,R,26,R,20,R,409,R,167,R,242,R,536,R,199,R,337,R,1,R,1,R,0,R,820,R,394,R,426,R,93,R,39,R,54,R,58,R,25,R,33,R,12,R,5,R,7,A,,A,,2025
224554,44,-2,1,R,145,R,69,R,76,R,2,R,1,R,1,R,2,R,2,R,0,R,34,R,13,R,21,R,35,R,14,R,21,R,0,R,0,R,0,R,63,R,35,R,28,R,6,R,3,R,3,R,3,R,1,R,2,R,0,R,0,R,0,A,,A,,2025
224554,45,-2,1,R,1842,R,793,R,1049,R,10,R,5,R,5,R,44,R,24,R,20,R,375,R,154,R,221,R,501,R,185,R,316,R,1,R,1,R,0,R,757,R,359,R,398,R,87,R,36,R,51,R,55,R,24,R,31,R,12,R,5,R,7,A,,A,,2025
224554,51,-2,1,R,2728,R,1036,R,1692,R,25,R,9,R,16,R,108,R,56,R,52,R,310,R,109,R,201,R,839,R,310,R,529,R,4,R,0,R,4,R,1043,R,398,R,645,R,75,R,22,R,53,R,317,R,130,R,187,R,7,R,2,R,5,A,,A,,2025
224554,52,-2,3,R,2736,R,948,R,1788,R,9,R,3,R,6,R,144,R,56,R,88,R,525,R,170,R,355,R,499,R,165,R,334,R,0,R,0,R,0,R,1169,R,397,R,772,R,103,R,27,R,76,R,120,R,41,R,79,R,167,R,89,R,78,A,,A,,2025
224554,59,-2,1,R,685,R,312,R,373,R,3,R,1,R,2,R,17,R,10,R,7,R,144,R,62,R,82,R,185,R,74,R,111,R,1,R,1,R,0,R,285,R,144,R,141,R,25,R,7,R,18,R,20,R,10,R,10,R,5,R,3,R,2,A,,A,,2025
224554,60,-2,1,R,1157,R,481,R,676,R,7,R,4,R,3,R,27,R,14,R,13,R,231,R,92,R,139,R,316,R,111,R,205,R,0,R,0,R,0,R,472,R,215,R,257,R,62,R,29,R,33,R,35,R,14,R,21,R,7,R,2,R,5,A,,A,,2025
224615,1,1,999,R,107417,R,44053,R,63364,R,341,R,166,R,175,R,9626,R,4557,R,5069,R,21302,R,7660,R,13642,R,49236,R,19310,R,29926,R,15,R,8,R,7,R,16791,R,7785,R,9006,R,1947,R,765,R,1182,R,4579,R,2068,R,2511,R,3580,R,1734,R,1846,R,1.0,R,107416.0,2025
224615,2,2,1,R,107417,R,44053,R,63364,R,341,R,166,R,175,R,9626,R,4557,R,5069,R,21302,R,7660,R,13642,R,49236,R,19310,R,29926,R,15,R,8,R,7,R,16791,R,7785,R,9006,R,1947,R,765,R,1182,R,4579,R,2068,R,2511,R,3580,R,1734,R,1846,R,1.0,R,107416.0,2025
224615,3,-2,1,R,65145,R,26246,R,38899,R,216,R,106,R,110,R,4499,R,2133,R,2366,R,13955,R,4804,R,9151,R,29365,R,11228,R,18137,R,14,R,7,R,7,R,9881,R,4723,R,5158,R,891,R,318,R,573,R,2831,R,1238,R,1593,R,3493,R,1689,R,1804,A,,A,,2025
224615,4,-2,1,R,13275,R,5922,R,7353,R,46,R,24,R,22,R,883,R,455,R,428,R,2518,R,1091,R,1427,R,7187,R,2993,R,4194,R,0,R,0,R,0,R,1677,R,882,R,795,R,170,R,76,R,94,R,561,R,293,R,268,R,233,R,108,R,125,A,,A,,2025
224615,5,-2,1,R,51870,R,20324,R,31546,R,170,R,82,R,88,R,3616,R,1678,R,1938,R,11437,R,3713,R,7724,R,22178,R,8235,R,13943,R,14,R,7,R,7,R,8204,R,3841,R,4363,R,721,R,242,R,479,R,2270,R,945,R,1325,R,3260,R,1581,R,1679,A,,A,,2025
224615,11,-2,1,R,42272,R,17807,R,24465,R,125,R,60,R,65,R,5127,R,2424,R,2703,R,7347,R,2856,R,4491,R,19871,R,8082,R,11789,R,1,R,1,R,0,R,6910,R,3062,R,3848,R,1056,R,447,R,609,R,1748,R,830,R,918,R,87,R,45,R,42,A,,A,,2025
224615,19,-2,1,R,8095,R,3443,R,4652,R,27,R,16,R,11,R,672,R,300,R,372,R,2084,R,718,R,1366,R,1799,R,704,R,1095,R,2,R,1,R,1,R,1827,R,907,R,920,R,120,R,46,R,74,R,376,R,168,R,208,R,1188,R,583,R,605,A,,A,,2025
224615,20,-2,1,R,43775,R,16881,R,26894,R,143,R,66,R,77,R,2944,R,1378,R,1566,R,9353,R,2995,R,6358,R,20379,R,7531,R,12848,R,12,R,6,R,6,R,6377,R,2934,R,3443,R,601,R,196,R,405,R,1894,R,777,R,1117,R,2072,R,998,R,1074,A,,A,,2025
224615,21,-2,999,R,20794,R,9434,R,11360,R,60,R,34,R,26,R,1260,R,637,R,623,R,3774,R,1570,R,2204,R,9773,R,4156,R,5617,R,1,R,1,R,0,R,2470,R,1351,R,1119,R,281,R,120,R,161,R,753,R,360,R,393,R,2422,R,1205,R,1217,A,,A,,2025
224615,22,-2,1,R,20794,R,9434,R,11360,R,60,R,34,R,26,R,1260,R,637,R,623,R,3774,R,1570,R,2204,R,9773,R,4156,R,5617,R,1,R,1,R,0,R,2470,R,1351,R,1119,R,281,R,120,R,161,R,753,R,360,R,393,R,2422,R,1205,R,1217,A,,A,,2025
224615,23,-2,1,R,16284,R,7497,R,8787,R,49,R,27,R,22,R,934,R,462,R,472,R,2865,R,1209,R,1656,R,7143,R,3062,R,4081,R,1,R,1,R,0,R,2079,R,1157,R,922,R,202,R,83,R,119,R,619,R,308,R,311,R,2392,R,1188,R,1204,A,,A,,2025
224615,24,-2,1,R,4434,R,2109,R,2325,R,14,R,7,R,7,R,230,R,125,R,105,R,710,R,350,R,360,R,2681,R,1194,R,1487,R,0,R,0,R,0,R,479,R,265,R,214,R,48,R,26,R,22,R,162,R,88,R,74,R,110,R,54,R,56,A,,A,,2025
224615,25,-2,1,R,11850,R,5388,R,6462,R,35,R,20,R,15,R,704,R,337,R,367,R,2155,R,859,R,1296,R,4462,R,1868,R,2594,R,1,R,1,R,0,R,1600,R,892,R,708,R,154,R,57,R,97,R,457,R,220,R,237,R,2282,R,1134,R,1148,A,,A,,2025
224615,31,-2,1,R,4510,R,1937,R,2573,R,11,R,7,R,4,R,326,R,175,R,151,R,909,R,361,R,548,R,2630,R,1094,R,1536,R,0,R,0,R,0,R,391,R,194,R,197,R,79,R,37,R,42,R,134,R,52,R,82,R,30,R,17,R,13,A,,A,,2025
224615,39,-2,1,R,2659,R,1373,R,1286,R,9,R,7,R,2,R,131,R,58,R,73,R,514,R,237,R,277,R,490,R,230,R,260,R,0,R,0,R,0,R,430,R,286,R,144,R,41,R,19,R,22,R,78,R,47,R,31,R,966,R,489,R,477,A,,A,,2025
224615,40,-2,1,R,9191,R,4015,R,5176,R,26,R,13,R,13,R,573,R,279,R,294,R,1641,R,622,R,1019,R,3972,R,1638,R,2334,R,1,R,1,R,0,R,1170,R,606,R,564,R,113,R,38,R,75,R,379,R,173,R,206,R,1316,R,645,R,671,A,,A,,2025
224615,41,-2,999,R,86623,R,34619,R,52004,R,281,R,132,R,149,R,8366,R,3920,R,4446,R,17528,R,6090,R,11438,R,39463,R,15154,R,24309,R,14,R,7,R,7,R,14321,R,6434,R,7887,R,1666,R,645,R,1021,R,3826,R,1708,R,2118,R,1158,R,529,R,629,A,,A,,2025
224615,42,-2,1,R,86623,R,34619,R,52004,R,281,R,132,R,149,R,8366,R,3920,R,4446,R,17528,R,6090,R,11438,R,39463,R,15154,R,24309,R,14,R,7,R,7,R,14321,R,6434,R,7887,R,1666,R,645,R,1021,R,3826,R,1708,R,2118,R,1158,R,529,R,629,A,,A,,2025
224615,43,-2,1,R,48861,R,18749,R,30112,R,167,R,79,R,88,R,3565,R,1671,R,1894,R,11090,R,3595,R,7495,R,22222,R,8166,R,14056,R,13,R,6,R,7,R,7802,R,3566,R,4236,R,689,R,235,R,454,R,2212,R,930,R,1282,R,1101,R,501,R,600,A,,A,,2025
224615,44,-2,1,R,8841,R,3813,R,5028,R,32,R,17,R,15,R,653,R,330,R,323,R,1808,R,741,R,1067,R,4506,R,1799,R,2707,R,0,R,0,R,0,R,1198,R,617,R,581,R,122,R,50,R,72,R,399,R,205,R,194,R,123,R,54,R,69,A,,A,,2025
224615,45,-2,1,R,40020,R,14936,R,25084,R,135,R,62,R,73,R,2912,R,1341,R,1571,R,9282,R,2854,R,6428,R,17716,R,6367,R,11349,R,13,R,6,R,7,R,6604,R,2949,R,3655,R,567,R,185,R,382,R,1813,R,725,R,1088,R,978,R,447,R,531,A,,A,,2025
224615,51,-2,1,R,37762,R,15870,R,21892,R,114,R,53,R,61,R,4801,R,2249,R,2552,R,6438,R,2495,R,3943,R,17241,R,6988,R,10253,R,1,R,1,R,0,R,6519,R,2868,R,3651,R,977,R,410,R,567,R,1614,R,778,R,836,R,57,R,28,R,29,A,,A,,2025
224615,59,-2,1,R,5436,R,2070,R,3366,R,18,R,9,R,9,R,541,R,242,R,299,R,1570,R,481,R,1089,R,1309,R,474,R,835,R,2,R,1,R,1,R,1397,R,621,R,776,R,79,R,27,R,52,R,298,R,121,R,177,R,222,R,94,R,128,A,,A,,2025
224615,60,-2,1,R,34584,R,12866,R,21718,R,117,R,53,R,64,R,2371,R,1099,R,1272,R,7712,R,2373,R,5339,R,16407,R,5893,R,10514,R,11,R,5,R,6,R,5207,R,2328,R,2879,R,488,R,158,R,330,R,1515,R,604,R,911,R,756,R,353,R,403,A,,A,,2025
224642,1,1,999,R,43379,R,18591,R,24788,R,113,R,42,R,71,R,294,R,131,R,163,R,717,R,326,R,391,R,33979,R,14303,R,19676,R,52,R,18,R,34,R,2020,R,968,R,1052,R,108,R,44,R,64,R,5655,R,2544,R,3111,R,441,R,215,R,226,R,0.0,R,43379.0,2025
224642,2,2,1,R,43379,R,18591,R,24788,R,113,R,42,R,71,R,294,R,131,R,163,R,717,R,326,R,391,R,33979,R,14303,R,19676,R,52,R,18,R,34,R,2020,R,968,R,1052,R,108,R,44,R,64,R,5655,R,2544,R,3111,R,441,R,215,R,226,R,0.0,R,43379.0,2025
224642,3,-2,1,R,31485,R,13435,R,18050,R,89,R,34,R,55,R,210,R,90,R,120,R,544,R,248,R,296,R,25205,R,10564,R,14641,R,41,R,13,R,28,R,1506,R,722,R,784,R,82,R,36,R,46,R,3424,R,1540,R,1884,R,384,R,188,R,196,A,,A,,2025
224642,4,-2,1,R,5266,R,2404,R,2862,R,13,R,5,R,8,R,21,R,14,R,7,R,58,R,29,R,29,R,4312,R,1957,R,2355,R,5,R,1,R,4,R,226,R,109,R,117,R,11,R,8,R,3,R,536,R,237,R,299,R,84,R,44,R,40,A,,A,,2025
224642,5,-2,1,R,26219,R,11031,R,15188,R,76,R,29,R,47,R,189,R,76,R,113,R,486,R,219,R,267,R,20893,R,8607,R,12286,R,36,R,12,R,24,R,1280,R,613,R,667,R,71,R,28,R,43,R,2888,R,1303,R,1585,R,300,R,144,R,156,A,,A,,2025
224642,11,-2,1,R,11894,R,5156,R,6738,R,24,R,8,R,16,R,84,R,41,R,43,R,173,R,78,R,95,R,8774,R,3739,R,5035,R,11,R,5,R,6,R,514,R,246,R,268,R,26,R,8,R,18,R,2231,R,1004,R,1227,R,57,R,27,R,30,A,,A,,2025
224642,19,-2,1,R,2436,R,1007,R,1429,R,9,R,4,R,5,R,31,R,10,R,21,R,123,R,47,R,76,R,1828,R,727,R,1101,R,9,R,3,R,6,R,229,R,112,R,117,R,13,R,4,R,9,R,151,R,76,R,75,R,43,R,24,R,19,A,,A,,2025
224642,20,-2,1,R,23783,R,10024,R,13759,R,67,R,25,R,42,R,158,R,66,R,92,R,363,R,172,R,191,R,19065,R,7880,R,11185,R,27,R,9,R,18,R,1051,R,501,R,550,R,58,R,24,R,34,R,2737,R,1227,R,1510,R,257,R,120,R,137,A,,A,,2025
224642,21,-2,999,R,9226,R,4136,R,5090,R,22,R,11,R,11,R,66,R,29,R,37,R,185,R,90,R,95,R,7320,R,3215,R,4105,R,15,R,7,R,8,R,451,R,228,R,223,R,25,R,11,R,14,R,890,R,421,R,469,R,252,R,124,R,128,A,,A,,2025
224642,22,-2,1,R,9226,R,4136,R,5090,R,22,R,11,R,11,R,66,R,29,R,37,R,185,R,90,R,95,R,7320,R,3215,R,4105,R,15,R,7,R,8,R,451,R,228,R,223,R,25,R,11,R,14,R,890,R,421,R,469,R,252,R,124,R,128,A,,A,,2025
224642,23,-2,1,R,7690,R,3490,R,4200,R,21,R,10,R,11,R,53,R,24,R,29,R,168,R,82,R,86,R,6102,R,2700,R,3402,R,12,R,5,R,7,R,390,R,206,R,184,R,21,R,11,R,10,R,676,R,329,R,347,R,247,R,123,R,124,A,,A,,2025
224642,24,-2,1,R,2950,R,1334,R,1616,R,4,R,2,R,2,R,12,R,8,R,4,R,27,R,12,R,15,R,2401,R,1064,R,1337,R,3,R,1,R,2,R,124,R,57,R,67,R,6,R,4,R,2,R,310,R,149,R,161,R,63,R,37,R,26,A,,A,,2025
224642,25,-2,1,R,4740,R,2156,R,2584,R,17,R,8,R,9,R,41,R,16,R,25,R,141,R,70,R,71,R,3701,R,1636,R,2065,R,9,R,4,R,5,R,266,R,149,R,117,R,15,R,7,R,8,R,366,R,180,R,186,R,184,R,86,R,98,A,,A,,2025
224642,31,-2,1,R,1536,R,646,R,890,R,1,R,1,Z,0,R,13,R,5,R,8,R,17,R,8,R,9,R,1218,R,515,R,703,R,3,R,2,R,1,R,61,R,22,R,39,R,4,Z,0,R,4,R,214,R,92,R,122,R,5,R,1,R,4,A,,A,,2025
224642,39,-2,1,R,803,R,405,R,398,R,3,R,3,Z,0,R,4,R,2,R,2,R,59,R,31,R,28,R,553,R,259,R,294,R,5,R,3,R,2,R,89,R,53,R,36,R,2,Z,0,R,2,R,63,R,40,R,23,R,25,R,14,R,11,A,,A,,2025
224642,40,-2,1,R,3937,R,1751,R,2186,R,14,R,5,R,9,R,37,R,14,R,23,R,82,R,39,R,43,R,3148,R,1377,R,1771,R,4,R,1,R,3,R,177,R,96,R,81,R,13,R,7,R,6,R,303,R,140,R,163,R,159,R,72,R,87,A,,A,,2025
224642,41,-2,999,R,34153,R,14455,R,19698,R,91,R,31,R,60,R,228,R,102,R,126,R,532,R,236,R,296,R,26659,R,11088,R,15571,R,37,R,11,R,26,R,1569,R,740,R,829,R,83,R,33,R,50,R,4765,R,2123,R,2642,R,189,R,91,R,98,A,,A,,2025
224642,42,-2,1,R,34153,R,14455,R,19698,R,91,R,31,R,60,R,228,R,102,R,126,R,532,R,236,R,296,R,26659,R,11088,R,15571,R,37,R,11,R,26,R,1569,R,740,R,829,R,83,R,33,R,50,R,4765,R,2123,R,2642,R,189,R,91,R,98,A,,A,,2025
224642,43,-2,1,R,23795,R,9945,R,13850,R,68,R,24,R,44,R,157,R,66,R,91,R,376,R,166,R,210,R,19103,R,7864,R,11239,R,29,R,8,R,21,R,1116,R,516,R,600,R,61,R,25,R,36,R,2748,R,1211,R,1537,R,137,R,65,R,72,A,,A,,2025
224642,44,-2,1,R,2316,R,1070,R,1246,R,9,R,3,R,6,R,9,R,6,R,3,R,31,R,17,R,14,R,1911,R,893,R,1018,R,2,Z,0,R,2,R,102,R,52,R,50,R,5,R,4,R,1,R,226,R,88,R,138,R,21,R,7,R,14,A,,A,,2025
224642,45,-2,1,R,21479,R,8875,R,12604,R,59,R,21,R,38,R,148,R,60,R,88,R,345,R,149,R,196,R,17192,R,6971,R,10221,R,27,R,8,R,19,R,1014,R,464,R,550,R,56,R,21,R,35,R,2522,R,1123,R,1399,R,116,R,58,R,58,A,,A,,2025
224642,51,-2,1,R,10358,R,4510,R,5848,R,23,R,7,R,16,R,71,R,36,R,35,R,156,R,70,R,86,R,7556,R,3224,R,4332,R,8,R,3,R,5,R,453,R,224,R,229,R,22,R,8,R,14,R,2017,R,912,R,1105,R,52,R,26,R,26,A,,A,,2025
224642,59,-2,1,R,1633,R,602,R,1031,R,6,R,1,R,5,R,27,R,8,R,19,R,64,R,16,R,48,R,1275,R,468,R,807,R,4,Z,0,R,4,R,140,R,59,R,81,R,11,R,4,R,7,R,88,R,36,R,52,R,18,R,10,R,8,A,,A,,2025
224642,60,-2,1,R,19846,R,8273,R,11573,R,53,R,20,R,33,R,121,R,52,R,69,R,281,R,133,R,148,R,15917,R,6503,R,9414,R,23,R,8,R,15,R,874,R,405,R,469,R,45,R,17,R,28,R,2434,R,1087,R,1347,R,98,R,48,R,50,A,,A,,2025
224891,1,1,999,R,2065,R,988,R,1077,R,37,R,18,R,19,R,8,R,3,R,5,R,37,R,16,R,21,R,1036,R,486,R,550,R,0,R,0,R,0,R,774,R,365,R,409,R,35,R,21,R,14,R,96,R,50,R,46,R,42,R,29,R,13,R,0.0,R,2065.0,2025
224891,2,2,1,R,2065,R,988,R,1077,R,37,R,18,R,19,R,8,R,3,R,5,R,37,R,16,R,21,R,1036,R,486,R,550,R,0,R,0,R,0,R,774,R,365,R,409,R,35,R,21,R,14,R,96,R,50,R,46,R,42,R,29,R,13,R,0.0,R,2065.0,2025
224891,3,-2,1,R,1091,R,508,R,583,R,20,R,8,R,12,R,5,R,1,R,4,R,29,R,13,R,16,R,538,R,255,R,283,R,0,R,0,R,0,R,404,R,175,R,229,R,15,R,11,R,4,R,38,R,16,R,22,R,42,R,29,R,13,A,,A,,2025
224891,4,-2,1,R,573,R,282,R,291,R,8,R,3,R,5,R,2,R,1,R,1,R,22,R,12,R,10,R,292,R,145,R,147,R,0,R,0,R,0,R,211,R,96,R,115,R,6,R,6,R,0,R,14,R,7,R,7,R,18,R,12,R,6,A,,A,,2025
224891,5,-2,1,R,518,R,226,R,292,R,12,R,5,R,7,R,3,R,0,R,3,R,7,R,1,R,6,R,246,R,110,R,136,R,0,R,0,R,0,R,193,R,79,R,114,R,9,R,5,R,4,R,24,R,9,R,15,R,24,R,17,R,7,A,,A,,2025
224891,11,-2,1,R,974,R,480,R,494,R,17,R,10,R,7,R,3,R,2,R,1,R,8,R,3,R,5,R,498,R,231,R,267,R,0,R,0,R,0,R,370,R,190,R,180,R,20,R,10,R,10,R,58,R,34,R,24,R,0,R,0,R,0,A,,A,,2025
224891,19,-2,1,R,55,R,20,R,35,R,3,R,2,R,1,R,0,R,0,R,0,R,1,R,0,R,1,R,30,R,11,R,19,R,0,R,0,R,0,R,18,R,4,R,14,R,0,R,0,R,0,R,2,R,2,R,0,R,1,R,1,R,0,A,,A,,2025
224891,20,-2,1,R,463,R,206,R,257,R,9,R,3,R,6,R,3,R,0,R,3,R,6,R,1,R,5,R,216,R,99,R,117,R,0,R,0,R,0,R,175,R,75,R,100,R,9,R,5,R,4,R,22,R,7,R,15,R,23,R,16,R,7,A,,A,,2025
224891,21,-2,999,R,729,R,371,R,358,R,14,R,5,R,9,R,6,R,2,R,4,R,17,R,8,R,9,R,344,R,171,R,173,R,0,R,0,R,0,R,266,R,133,R,133,R,16,R,11,R,5,R,33,R,18,R,15,R,33,R,23,R,10,A,,A,,2025
224891,22,-2,1,R,729,R,371,R,358,R,14,R,5,R,9,R,6,R,2,R,4,R,17,R,8,R,9,R,344,R,171,R,173,R,0,R,0,R,0,R,266,R,133,R,133,R,16,R,11,R,5,R,33,R,18,R,15,R,33,R,23,R,10,A,,A,,2025
224891,23,-2,1,R,511,R,266,R,245,R,9,R,5,R,4,R,5,R,1,R,4,R,17,R,8,R,9,R,255,R,132,R,123,R,0,R,0,R,0,R,170,R,83,R,87,R,6,R,6,R,0,R,16,R,8,R,8,R,33,R,23,R,10,A,,A,,2025
224891,24,-2,1,R,286,R,155,R,131,R,3,R,2,R,1,R,2,R,1,R,1,R,14,R,8,R,6,R,148,R,75,R,73,R,0,R,0,R,0,R,95,R,52,R,43,R,3,R,3,R,0,R,7,R,4,R,3,R,14,R,10,R,4,A,,A,,2025
224891,25,-2,1,R,225,R,111,R,114,R,6,R,3,R,3,R,3,R,0,R,3,R,3,R,0,R,3,R,107,R,57,R,50,R,0,R,0,R,0,R,75,R,31,R,44,R,3,R,3,R,0,R,9,R,4,R,5,R,19,R,13,R,6,A,,A,,2025
224891,31,-2,1,R,218,R,105,R,113,R,5,R,0,R,5,R,1,R,1,R,0,R,0,R,0,R,0,R,89,R,39,R,50,R,0,R,0,R,0,R,96,R,50,R,46,R,10,R,5,R,5,R,17,R,10,R,7,R,0,R,0,R,0,A,,A,,2025
224891,39,-2,1,R,22,R,6,R,16,R,2,R,1,R,1,R,0,R,0,R,0,R,1,R,0,R,1,R,12,R,4,R,8,R,0,R,0,R,0,R,7,R,1,R,6,R,0,R,0,R,0,R,0,R,0,R,0,R,0,R,0,R,0,A,,A,,2025
224891,40,-2,1,R,203,R,105,R,98,R,4,R,2,R,2,R,3,R,0,R,3,R,2,R,0,R,2,R,95,R,53,R,42,R,0,R,0,R,0,R,68,R,30,R,38,R,3,R,3,R,0,R,9,R,4,R,5,R,19,R,13,R,6,A,,A,,2025
224891,41,-2,999,R,1336,R,617,R,719,R,23,R,13,R,10,R,2,R,1,R,1,R,20,R,8,R,12,R,692,R,315,R,377,R,0,R,0,R,0,R,508,R,232,R,276,R,19,R,10,R,9,R,63,R,32,R,31,R,9,R,6,R,3,A,,A,,2025
224891,42,-2,1,R,1336,R,617,R,719,R,23,R,13,R,10,R,2,R,1,R,1,R,20,R,8,R,12,R,692,R,315,R,377,R,0,R,0,R,0,R,508,R,232,R,276,R,19,R,10,R,9,R,63,R,32,R,31,R,9,R,6,R,3,A,,A,,2025
224891,43,-2,1,R,580,R,242,R,338,R,11,R,3,R,8,R,0,R,0,R,0,R,12,R,5,R,7,R,283,R,123,R,160,R,0,R,0,R,0,R,234,R,92,R,142,R,9,R,5,R,4,R,22,R,8,R,14,R,9,R,6,R,3,A,,A,,2025
224891,44,-2,1,R,287,R,127,R,160,R,5,R,1,R,4,R,0,R,0,R,0,R,8,R,4,R,4,R,144,R,70,R,74,R,0,R,0,R,0,R,116,R,44,R,72,R,3,R,3,R,0,R,7,R,3,R,4,R,4,R,2,R,2,A,,A,,2025
224891,45,-2,1,R,293,R,115,R,178,R,6,R,2,R,4,R,0,R,0,R,0,R,4,R,1,R,3,R,139,R,53,R,86,R,0,R,0,R,0,R,118,R,48,R,70,R,6,R,2,R,4,R,15,R,5,R,10,R,5,R,4,R,1,A,,A,,2025
224891,51,-2,1,R,756,R,375,R,381,R,12,R,10,R,2,R,2,R,1,R,1,R,8,R,3,R,5,R,409,R,192,R,217,R,0,R,0,R,0,R,274,R,140,R,134,R,10,R,5,R,5,R,41,R,24,R,17,R,0,R,0,R,0,A,,A,,2025
224891,59,-2,1,R,33,R,14,R,19,R,1,R,1,R,0,R,0,R,0,R,0,R,0,R,0,R,0,R,18,R,7,R,11,R,0,R,0,R,0,R,11,R,3,R,8,R,0,R,0,R,0,R,2,R,2,R,0,R,1,R,1,R,0,A,,A,,2025
224891,60,-2,1,R,260,R,101,R,159,R,5,R,1,R,4,R,0,R,0,R,0,R,4,R,1,R,3,R,121,R,46,R,75,R,0,R,0,R,0,R,107,R,45,R,62,R,6,R,2,R,4,R,13,R,3,R,10,R,4,R,3,R,1,A,,A,,2025
224961,1,1,999,R,3224,R,1140,R,2084,R,12,R,2,R,10,R,74,R,29,R,45,R,535,R,135,R,400,R,1330,R,469,R,861,R,4,R,2,R,2,R,960,R,374,R,586,R,93,R,38,R,55,R,204,R,87,R,117,R,12,R,4,R,8,R,0.0,R,3224.0,2025
224961,2,2,1,R,3224,R,1140,R,2084,R,12,R,2,R,10,R,74,R,29,R,45,R,535,R,135,R,400,R,1330,R,469,R,861,R,4,R,2,R,2,R,960,R,374,R,586,R,93,R,38,R,55,R,204,R,87,R,117,R,12,R,4,R,8,R,0.0,R,3224.0,2025
224961,3,-2,1,R,2219,R,724,R,1495,R,8,R,1,R,7,R,51,R,18,R,33,R,390,R,92,R,298,R,915,R,284,R,631,R,3,R,1,R,2,R,694,R,260,R,434,R,56,R,23,R,33,R,90,R,41,R,49,R,12,R,4,R,8,A,,A,,2025
224961,4,-2,1,R,389,R,162,R,227,R,0,R,0,R,0,R,6,R,2,R,4,R,61,R,20,R,41,R,162,R,69,R,93,R,0,R,0,R,0,R,113,R,49,R,64,R,10,R,3,R,7,R,32,R,16,R,16,R,5,R,3,R,2,A,,A,,2025
224961,5,-2,1,R,1830,R,562,R,1268,R,8,R,1,R,7,R,45,R,16,R,29,R,329,R,72,R,257,R,753,R,215,R,538,R,3,R,1,R,2,R,581,R,211,R,370,R,46,R,20,R,26,R,58,R,25,R,33,R,7,R,1,R,6,A,,A,,2025
224961,11,-2,1,R,1005,R,416,R,589,R,4,R,1,R,3,R,23,R,11,R,12,R,145,R,43,R,102,R,415,R,185,R,230,R,1,R,1,R,0,R,266,R,114,R,152,R,37,R,15,R,22,R,114,R,46,R,68,R,0,R,0,R,0,A,,A,,2025
224961,19,-2,1,R,307,R,108,R,199,R,2,R,0,R,2,R,10,R,5,R,5,R,52,R,16,R,36,R,89,R,35,R,54,R,0,R,0,R,0,R,125,R,43,R,82,R,10,R,4,R,6,R,17,R,5,R,12,R,2,R,0,R,2,A,,A,,2025
224961,20,-2,1,R,1523,R,454,R,1069,R,6,R,1,R,5,R,35,R,11,R,24,R,277,R,56,R,221,R,664,R,180,R,484,R,3,R,1,R,2,R,456,R,168,R,288,R,36,R,16,R,20,R,41,R,20,R,21,R,5,R,1,R,4,A,,A,,2025
224961,21,-2,999,R,966,R,397,R,569,R,2,R,0,R,2,R,23,R,12,R,11,R,130,R,40,R,90,R,409,R,166,R,243,R,2,R,1,R,1,R,309,R,140,R,169,R,25,R,10,R,15,R,59,R,24,R,35,R,7,R,4,R,3,A,,A,,2025
224961,22,-2,1,R,966,R,397,R,569,R,2,R,0,R,2,R,23,R,12,R,11,R,130,R,40,R,90,R,409,R,166,R,243,R,2,R,1,R,1,R,309,R,140,R,169,R,25,R,10,R,15,R,59,R,24,R,35,R,7,R,4,R,3,A,,A,,2025
224961,23,-2,1,R,746,R,293,R,453,R,1,R,0,R,1,R,17,R,7,R,10,R,113,R,35,R,78,R,306,R,113,R,193,R,1,R,0,R,1,R,240,R,108,R,132,R,19,R,8,R,11,R,42,R,18,R,24,R,7,R,4,R,3,A,,A,,2025
224961,24,-2,1,R,266,R,116,R,150,R,0,R,0,R,0,R,1,R,0,R,1,R,43,R,13,R,30,R,115,R,51,R,64,R,0,R,0,R,0,R,77,R,38,R,39,R,7,R,2,R,5,R,19,R,9,R,10,R,4,R,3,R,1,A,,A,,2025
224961,25,-2,1,R,480,R,177,R,303,R,1,R,0,R,1,R,16,R,7,R,9,R,70,R,22,R,48,R,191,R,62,R,129,R,1,R,0,R,1,R,163,R,70,R,93,R,12,R,6,R,6,R,23,R,9,R,14,R,3,R,1,R,2,A,,A,,2025
224961,31,-2,1,R,220,R,104,R,116,R,1,R,0,R,1,R,6,R,5,R,1,R,17,R,5,R,12,R,103,R,53,R,50,R,1,R,1,R,0,R,69,R,32,R,37,R,6,R,2,R,4,R,17,R,6,R,11,R,0,R,0,R,0,A,,A,,2025
224961,39,-2,1,R,98,R,33,R,65,R,1,R,0,R,1,R,5,R,3,R,2,R,22,R,6,R,16,R,27,R,6,R,21,R,0,R,0,R,0,R,36,R,15,R,21,R,1,R,0,R,1,R,6,R,3,R,3,R,0,R,0,R,0,A,,A,,2025
224961,40,-2,1,R,382,R,144,R,238,R,0,R,0,R,0,R,11,R,4,R,7,R,48,R,16,R,32,R,164,R,56,R,108,R,1,R,0,R,1,R,127,R,55,R,72,R,11,R,6,R,5,R,17,R,6,R,11,R,3,R,1,R,2,A,,A,,2025
224961,41,-2,999,R,2258,R,743,R,1515,R,10,R,2,R,8,R,51,R,17,R,34,R,405,R,95,R,310,R,921,R,303,R,618,R,2,R,1,R,1,R,651,R,234,R,417,R,68,R,28,R,40,R,145,R,63,R,82,R,5,R,0,R,5,A,,A,,2025
224961,42,-2,1,R,2258,R,743,R,1515,R,10,R,2,R,8,R,51,R,17,R,34,R,405,R,95,R,310,R,921,R,303,R,618,R,2,R,1,R,1,R,651,R,234,R,417,R,68,R,28,R,40,R,145,R,63,R,82,R,5,R,0,R,5,A,,A,,2025
224961,43,-2,1,R,1473,R,431,R,1042,R,7,R,1,R,6,R,34,R,11,R,23,R,277,R,57,R,220,R,609,R,171,R,438,R,2,R,1,R,1,R,454,R,152,R,302,R,37,R,15,R,22,R,48,R,23,R,25,R,5,R,0,R,5,A,,A,,2025
224961,44,-2,1,R,123,R,46,R,77,R,0,R,0,R,0,R,5,R,2,R,3,R,18,R,7,R,11,R,47,R,18,R,29,R,0,R,0,R,0,R,36,R,11,R,25,R,3,R,1,R,2,R,13,R,7,R,6,R,1,R,0,R,1,A,,A,,2025
224961,45,-2,1,R,1350,R,385,R,965,R,7,R,1,R,6,R,29,R,9,R,20,R,259,R,50,R,209,R,562,R,153,R,409,R,2,R,1,R,1,R,418,R,141,R,277,R,34,R,14,R,20,R,35,R,16,R,19,R,4,R,0,R,4,A,,A,,2025
224961,51,-2,1,R,785,R,312,R,473,R,3,R,1,R,2,R,17,R,6,R,11,R,128,R,38,R,90,R,312,R,132,R,180,R,0,R,0,R,0,R,197,R,82,R,115,R,31,R,13,R,18,R,97,R,40,R,57,R,0,R,0,R,0,A,,A,,2025
224961,59,-2,1,R,209,R,75,R,134,R,1,R,0,R,1,R,5,R,2,R,3,R,30,R,10,R,20,R,62,R,29,R,33,R,0,R,0,R,0,R,89,R,28,R,61,R,9,R,4,R,5,R,11,R,2,R,9,R,2,R,0,R,2,A,,A,,2025
224961,60,-2,1,R,1141,R,310,R,831,R,6,R,1,R,5,R,24,R,7,R,17,R,229,R,40,R,189,R,500,R,124,R,376,R,2,R,1,R,1,R,329,R,113,R,216,R,25,R,10,R,15,R,24,R,14,R,10,R,2,R,0,R,2,A,,A,,2025
225070,1,1,999,R,6605,R,2442,R,4163,R,332,R,110,R,222,R,223,R,74,R,149,R,685,R,230,R,455,R,1613,R,583,R,1030,R,19,R,8,R,11,R,3617,R,1386,R,2231,R,0,R,0,Z,0,R,113,R,50,R,63,R,3,R,1,R,2,R,20.0,R,6585.0,2025
225070,2,2,1,R,6605,R,2442,R,4163,R,332,R,110,R,222,R,223,R,74,R,149,R,685,R,230,R,455,R,1613,R,583,R,1030,R,19,R,8,R,11,R,3617,R,1386,R,2231,R,0,R,0,Z,0,R,113,R,50,R,63,R,3,R,1,R,2,R,20.0,R,6585.0,2025
225070,3,-2,1,R,5401,R,1902,R,3499,R,272,R,79,R,193,R,187,R,56,R,131,R,622,R,206,R,416,R,1303,R,463,R,840,R,15,R,6,R,9,R,2890,R,1042,R,1848,R,0,R,0,Z,0,R,109,R,49,R,60,R,3,R,1,R,2,A,,A,,2025
225070,4,-2,1,R,1095,R,473,R,622,R,42,R,16,R,26,R,27,R,10,R,17,R,113,R,51,R,62,R,272,R,118,R,154,R,1,R,0,R,1,R,617,R,266,R,351,R,0,R,0,Z,0,R,22,R,11,R,11,R,1,R,1,Z,0,A,,A,,2025
225070,5,-2,1,R,4306,R,1429,R,2877,R,230,R,63,R,167,R,160,R,46,R,114,R,509,R,155,R,354,R,1031,R,345,R,686,R,14,R,6,R,8,R,2273,R,776,R,1497,Z,0,Z,0,Z,0,R,87,R,38,R,49,R,2,Z,0,R,2,A,,A,,2025
225070,11,-2,1,R,1204,R,540,R,664,R,60,R,31,R,29,R,36,R,18,R,18,R,63,R,24,R,39,R,310,R,120,R,190,R,4,R,2,R,2,R,727,R,344,R,383,Z,0,Z,0,Z,0,R,4,R,1,R,3,Z,0,Z,0,Z,0,A,,A,,2025
225070,19,-2,1,R,1057,R,353,R,704,R,53,R,13,R,40,R,47,R,14,R,33,R,155,R,37,R,118,R,166,R,44,R,122,R,4,R,3,R,1,R,595,R,224,R,371,Z,0,Z,0,Z,0,R,36,R,18,R,18,R,1,Z,0,R,1,A,,A,,2025
225070,20,-2,1,R,3249,R,1076,R,2173,R,177,R,50,R,127,R,113,R,32,R,81,R,354,R,118,R,236,R,865,R,301,R,564,R,10,R,3,R,7,R,1678,R,552,R,1126,Z,0,Z,0,Z,0,R,51,R,20,R,31,R,1,Z,0,R,1,A,,A,,2025
225070,21,-2,999,R,2459,R,878,R,1581,R,124,R,43,R,81,R,65,R,17,R,48,R,250,R,89,R,161,R,597,R,221,R,376,R,9,R,2,R,7,R,1391,R,496,R,895,R,0,R,0,Z,0,R,22,R,9,R,13,R,1,R,1,Z,0,A,,A,,2025
225070,22,-2,1,R,2459,R,878,R,1581,R,124,R,43,R,81,R,65,R,17,R,48,R,250,R,89,R,161,R,597,R,221,R,376,R,9,R,2,R,7,R,1391,R,496,R,895,R,0,R,0,Z,0,R,22,R,9,R,13,R,1,R,1,Z,0,A,,A,,2025
225070,23,-2,1,R,2288,R,817,R,1471,R,119,R,40,R,79,R,61,R,16,R,45,R,244,R,88,R,156,R,548,R,203,R,345,R,9,R,2,R,7,R,1285,R,458,R,827,R,0,R,0,Z,0,R,21,R,9,R,12,R,1,R,1,Z,0,A,,A,,2025
225070,24,-2,1,R,606,R,255,R,351,R,29,R,12,R,17,R,12,R,3,R,9,R,67,R,33,R,34,R,152,R,65,R,87,R,1,R,0,R,1,R,339,R,139,R,200,R,0,R,0,Z,0,R,5,R,2,R,3,R,1,R,1,Z,0,A,,A,,2025
225070,25,-2,1,R,1682,R,562,R,1120,R,90,R,28,R,62,R,49,R,13,R,36,R,177,R,55,R,122,R,396,R,138,R,258,R,8,R,2,R,6,R,946,R,319,R,627,Z,0,Z,0,Z,0,R,16,R,7,R,9,Z,0,Z,0,Z,0,A,,A,,2025
225070,31,-2,1,R,171,R,61,R,110,R,5,R,3,R,2,R,4,R,1,R,3,R,6,R,1,R,5,R,49,R,18,R,31,Z,0,Z,0,Z,0,R,106,R,38,R,68,Z,0,Z,0,Z,0,R,1,Z,0,R,1,Z,0,Z,0,Z,0,A,,A,,2025
225070,39,-2,1,R,452,R,170,R,282,R,19,R,7,R,12,R,16,R,5,R,11,R,61,R,16,R,45,R,71,R,20,R,51,R,3,R,2,R,1,R,272,R,114,R,158,Z,0,Z,0,Z,0,R,10,R,6,R,4,Z,0,Z,0,Z,0,A,,A,,2025
225070,40,-2,1,R,1230,R,392,R,838,R,71,R,21,R,50,R,33,R,8,R,25,R,116,R,39,R,77,R,325,R,118,R,207,R,5,Z,0,R,5,R,674,R,205,R,469,Z,0,Z,0,Z,0,R,6,R,1,R,5,Z,0,Z,0,Z,0,A,,A,,2025
225070,41,-2,999,R,4146,R,1564,R,2582,R,208,R,67,R,141,R,158,R,57,R,101,R,435,R,141,R,294,R,1016,R,362,R,654,R,10,R,6,R,4,R,2226,R,890,R,1336,Z,0,Z,0,Z,0,R,91,R,41,R,50,R,2,Z,0,R,2,A,,A,,2025
225070,42,-2,1,R,4146,R,1564,R,2582,R,208,R,67,R,141,R,158,R,57,R,101,R,435,R,141,R,294,R,1016,R,362,R,654,R,10,R,6,R,4,R,2226,R,890,R,1336,Z,0,Z,0,Z,0,R,91,R,41,R,50,R,2,Z,0,R,2,A,,A,,2025
225070,43,-2,1,R,3113,R,1085,R,2028,R,153,R,39,R,114,R,126,R,40,R,86,R,378,R,118,R,260,R,755,R,260,R,495,R,6,R,4,R,2,R,1605,R,584,R,1021,Z,0,Z,0,Z,0,R,88,R,40,R,48,R,2,Z,0,R,2,A,,A,,2025
225070,44,-2,1,R,489,R,218,R,271,R,13,R,4,R,9,R,15,R,7,R,8,R,46,R,18,R,28,R,120,R,53,R,67,Z,0,Z,0,Z,0,R,278,R,127,R,151,Z,0,Z,0,Z,0,R,17,R,9,R,8,Z,0,Z,0,Z,0,A,,A,,2025
225070,45,-2,1,R,2624,R,867,R,1757,R,140,R,35,R,105,R,111,R,33,R,78,R,332,R,100,R,232,R,635,R,207,R,428,R,6,R,4,R,2,R,1327,R,457,R,870,Z,0,Z,0,Z,0,R,71,R,31,R,40,R,2,Z,0,R,2,A,,A,,2025
225070,51,-2,1,R,1033,R,479,R,554,R,55,R,28,R,27,R,32,R,17,R,15,R,57,R,23,R,34,R,261,R,102,R,159,R,4,R,2,R,2,R,621,R,306,R,315,Z,0,Z,0,Z,0,R,3,R,1,R,2,Z,0,Z,0,Z,0,A,,A,,2025
225070,59,-2,1,R,605,R,183,R,422,R,34,R,6,R,28,R,31,R,9,R,22,R,94,R,21,R,73,R,95,R,24,R,71,R,1,R,1,Z,0,R,323,R,110,R,213,Z,0,Z,0,Z,0,R,26,R,12,R,14,R,1,Z,0,R,1,A,,A,,2025
225070,60,-2,1,R,2019,R,684,R,1335,R,106,R,29,R,77,R,80,R,24,R,56,R,238,R,79,R,159,R,540,R,183,R,357,R,5,R,3,R,2,R,1004,R,347,R,657,Z,0,Z,0,Z,0,R,45,R,19,R,26,R,1,Z,0,R,1,A,,A,,2025
225308,1,1,999,R,8116,R,3137,R,4979,R,55,R,28,R,27,R,72,R,38,R,34,R,1246,R,531,R,715,R,2259,R,816,R,1443,R,11,R,5,R,6,R,4022,R,1532,R,2490,R,247,R,92,R,155,R,115,R,58,R,57,R,89,R,37,R,52,R,0.0,R,8116.0,2025
225308,2,2,1,R,8116,R,3137,R,4979,R,55,R,28,R,27,R,72,R,38,R,34,R,1246,R,531,R,715,R,2259,R,816,R,1443,R,11,R,5,R,6,R,4022,R,1532,R,2490,R,247,R,92,R,155,R,115,R,58,R,57,R,89,R,37,R,52,R,0.0,R,8116.0,2025
225308,3,-2,1,R,4280,R,1532,R,2748,R,27,R,11,R,16,R,40,R,20,R,20,R,888,R,392,R,496,R,1069,R,331,R,738,R,3,R,2,R,1,R,1963,R,656,R,1307,R,139,R,54,R,85,R,65,R,30,R,35,R,86,R,36,R,50,A,,A,,2025
225308,4,-2,1,R,1181,R,514,R,667,R,4,R,3,R,1,R,9,R,4,R,5,R,213,R,120,R,93,R,342,R,127,R,215,R,1,R,1,R,0,R,516,R,214,R,302,R,46,R,22,R,24,R,15,R,10,R,5,R,35,R,13,R,22,A,,A,,2025
225308,5,-2,1,R,3099,R,1018,R,2081,R,23,R,8,R,15,R,31,R,16,R,15,R,675,R,272,R,403,R,727,R,204,R,523,R,2,R,1,R,1,R,1447,R,442,R,1005,R,93,R,32,R,61,R,50,R,20,R,30,R,51,R,23,R,28,A,,A,,2025
225308,11,-2,1,R,3836,R,1605,R,2231,R,28,R,17,R,11,R,32,R,18,R,14,R,358,R,139,R,219,R,1190,R,485,R,705,R,8,R,3,R,5,R,2059,R,876,R,1183,R,108,R,38,R,70,R,50,R,28,R,22,R,3,R,1,R,2,A,,A,,2025
225308,19,-2,1,R,919,R,282,R,637,R,9,R,4,R,5,R,15,R,8,R,7,R,303,R,109,R,194,R,186,R,43,R,143,R,1,R,0,R,1,R,356,R,101,R,255,R,39,R,16,R,23,R,10,R,1,R,9,R,0,R,0,R,0,A,,A,,2025
225308,20,-2,1,R,2180,R,736,R,1444,R,14,R,4,R,10,R,16,R,8,R,8,R,372,R,163,R,209,R,541,R,161,R,380,R,1,R,1,R,0,R,1091,R,341,R,750,R,54,R,16,R,38,R,40,R,19,R,21,R,51,R,23,R,28,A,,A,,2025
225308,21,-2,999,R,1929,R,714,R,1215,R,10,R,3,R,7,R,14,R,9,R,5,R,322,R,143,R,179,R,520,R,173,R,347,R,3,R,2,R,1,R,916,R,323,R,593,R,53,R,18,R,35,R,30,R,18,R,12,R,61,R,25,R,36,A,,A,,2025
225308,22,-2,1,R,1929,R,714,R,1215,R,10,R,3,R,7,R,14,R,9,R,5,R,322,R,143,R,179,R,520,R,173,R,347,R,3,R,2,R,1,R,916,R,323,R,593,R,53,R,18,R,35,R,30,R,18,R,12,R,61,R,25,R,36,A,,A,,2025
225308,23,-2,1,R,1501,R,538,R,963,R,6,R,1,R,5,R,13,R,9,R,4,R,277,R,121,R,156,R,381,R,121,R,260,R,1,R,1,R,0,R,700,R,236,R,464,R,45,R,15,R,30,R,17,R,9,R,8,R,61,R,25,R,36,A,,A,,2025
225308,24,-2,1,R,703,R,261,R,442,R,2,R,1,R,1,R,4,R,2,R,2,R,109,R,55,R,54,R,200,R,61,R,139,R,0,R,0,R,0,R,327,R,118,R,209,R,25,R,10,R,15,R,6,R,3,R,3,R,30,R,11,R,19,A,,A,,2025
225308,25,-2,1,R,798,R,277,R,521,R,4,R,0,R,4,R,9,R,7,R,2,R,168,R,66,R,102,R,181,R,60,R,121,R,1,R,1,R,0,R,373,R,118,R,255,R,20,R,5,R,15,R,11,R,6,R,5,R,31,R,14,R,17,A,,A,,2025
225308,31,-2,1,R,428,R,176,R,252,R,4,R,2,R,2,R,1,R,0,R,1,R,45,R,22,R,23,R,139,R,52,R,87,R,2,R,1,R,1,R,216,R,87,R,129,R,8,R,3,R,5,R,13,R,9,R,4,R,0,R,0,R,0,A,,A,,2025
225308,39,-2,1,R,261,R,96,R,165,R,2,R,0,R,2,R,5,R,4,R,1,R,82,R,32,R,50,R,54,R,19,R,35,R,0,R,0,R,0,R,109,R,39,R,70,R,8,R,2,R,6,R,1,R,0,R,1,R,0,R,0,R,0,A,,A,,2025
225308,40,-2,1,R,537,R,181,R,356,R,2,R,0,R,2,R,4,R,3,R,1,R,86,R,34,R,52,R,127,R,41,R,86,R,1,R,1,R,0,R,264,R,79,R,185,R,12,R,3,R,9,R,10,R,6,R,4,R,31,R,14,R,17,A,,A,,2025
225308,41,-2,999,R,6187,R,2423,R,3764,R,45,R,25,R,20,R,58,R,29,R,29,R,924,R,388,R,536,R,1739,R,643,R,1096,R,8,R,3,R,5,R,3106,R,1209,R,1897,R,194,R,74,R,120,R,85,R,40,R,45,R,28,R,12,R,16,A,,A,,2025
225308,42,-2,1,R,6187,R,2423,R,3764,R,45,R,25,R,20,R,58,R,29,R,29,R,924,R,388,R,536,R,1739,R,643,R,1096,R,8,R,3,R,5,R,3106,R,1209,R,1897,R,194,R,74,R,120,R,85,R,40,R,45,R,28,R,12,R,16,A,,A,,2025
225308,43,-2,1,R,2779,R,994,R,1785,R,21,R,10,R,11,R,27,R,11,R,16,R,611,R,271,R,340,R,688,R,210,R,478,R,2,R,1,R,1,R,1263,R,420,R,843,R,94,R,39,R,55,R,48,R,21,R,27,R,25,R,11,R,14,A,,A,,2025
225308,44,-2,1,R,478,R,253,R,225,R,2,R,2,R,0,R,5,R,2,R,3,R,104,R,65,R,39,R,142,R,66,R,76,R,1,R,1,R,0,R,189,R,96,R,93,R,21,R,12,R,9,R,9,R,7,R,2,R,5,R,2,R,3,A,,A,,2025
225308,45,-2,1,R,2301,R,741,R,1560,R,19,R,8,R,11,R,22,R,9,R,13,R,507,R,206,R,301,R,546,R,144,R,402,R,1,R,0,R,1,R,1074,R,324,R,750,R,73,R,27,R,46,R,39,R,14,R,25,R,20,R,9,R,11,A,,A,,2025
225308,51,-2,1,R,3408,R,1429,R,1979,R,24,R,15,R,9,R,31,R,18,R,13,R,313,R,117,R,196,R,1051,R,433,R,618,R,6,R,2,R,4,R,1843,R,789,R,1054,R,100,R,35,R,65,R,37,R,19,R,18,R,3,R,1,R,2,A,,A,,2025
225308,59,-2,1,R,658,R,186,R,472,R,7,R,4,R,3,R,10,R,4,R,6,R,221,R,77,R,144,R,132,R,24,R,108,R,1,R,0,R,1,R,247,R,62,R,185,R,31,R,14,R,17,R,9,R,1,R,8,R,0,R,0,R,0,A,,A,,2025
225308,60,-2,1,R,1643,R,555,R,1088,R,12,R,4,R,8,R,12,R,5,R,7,R,286,R,129,R,157,R,414,R,120,R,294,R,0,R,0,R,0,R,827,R,262,R,565,R,42,R,13,R,29,R,30,R,13,R,17,R,20,R,9,R,11,A,,A,,2025
225371,1,1,999,R,5538,R,2146,R,3392,R,45,R,21,R,24,R,78,R,32,R,46,R,332,R,104,R,228,R,1629,R,630,R,999,R,16,R,6,R,10,R,2663,R,1053,R,1610,R,174,R,62,R,112,R,521,R,186,R,335,R,80,R,52,R,28,R,0.0,R,5538.0,2025
225371,2,2,1,R,5538,R,2146,R,3392,R,45,R,21,R,24,R,78,R,32,R,46,R,332,R,104,R,228,R,1629,R,630,R,999,R,16,R,6,R,10,R,2663,R,1053,R,1610,R,174,R,62,R,112,R,521,R,186,R,335,R,80,R,52,R,28,R,0.0,R,5538.0,2025
225371,3,-2,1,R,3447,R,1308,R,2139,R,35,R,15,R,20,R,53,R,24,R,29,R,259,R,78,R,181,R,964,R,368,R,596,R,11,R,5,R,6,R,1689,R,643,R,1046,R,100,R,39,R,61,R,259,R,84,R,175,R,77,R,52,R,25,A,,A,,2025
225371,4,-2,1,R,869,R,401,R,468,R,8,R,5,R,3,R,5,R,3,R,2,R,65,R,28,R,37,R,278,R,118,R,160,R,7,R,3,R,4,R,424,R,200,R,224,R,31,R,17,R,14,R,47,R,25,R,22,R,4,R,2,R,2,A,,A,,2025
225371,5,-2,1,R,2578,R,907,R,1671,R,27,R,10,R,17,R,48,R,21,R,27,R,194,R,50,R,144,R,686,R,250,R,436,R,4,R,2,R,2,R,1265,R,443,R,822,R,69,R,22,R,47,R,212,R,59,R,153,R,73,R,50,R,23,A,,A,,2025
225371,11,-2,1,R,2091,R,838,R,1253,R,10,R,6,R,4,R,25,R,8,R,17,R,73,R,26,R,47,R,665,R,262,R,403,R,5,R,1,R,4,R,974,R,410,R,564,R,74,R,23,R,51,R,262,R,102,R,160,R,3,R,0,R,3,A,,A,,2025
225371,19,-2,1,R,696,R,290,R,406,R,5,R,2,R,3,R,30,R,16,R,14,R,66,R,18,R,48,R,159,R,57,R,102,R,1,R,1,R,0,R,340,R,147,R,193,R,31,R,12,R,19,R,21,R,6,R,15,R,43,R,31,R,12,A,,A,,2025
225371,20,-2,1,R,1882,R,617,R,1265,R,22,R,8,R,14,R,18,R,5,R,13,R,128,R,32,R,96,R,527,R,193,R,334,R,3,R,1,R,2,R,925,R,296,R,629,R,38,R,10,R,28,R,191,R,53,R,138,R,30,R,19,R,11,A,,A,,2025
225371,21,-2,999,R,1308,R,579,R,729,R,12,R,6,R,6,R,11,R,2,R,9,R,85,R,34,R,51,R,391,R,172,R,219,R,3,R,2,R,1,R,606,R,262,R,344,R,55,R,24,R,31,R,100,R,44,R,56,R,45,R,33,R,12,A,,A,,2025
225371,22,-2,1,R,1308,R,579,R,729,R,12,R,6,R,6,R,11,R,2,R,9,R,85,R,34,R,51,R,391,R,172,R,219,R,3,R,2,R,1,R,606,R,262,R,344,R,55,R,24,R,31,R,100,R,44,R,56,R,45,R,33,R,12,A,,A,,2025
225371,23,-2,1,R,1186,R,531,R,655,R,12,R,6,R,6,R,8,R,2,R,6,R,83,R,33,R,50,R,347,R,155,R,192,R,3,R,2,R,1,R,559,R,244,R,315,R,52,R,23,R,29,R,77,R,33,R,44,R,45,R,33,R,12,A,,A,,2025
225371,24,-2,1,R,432,R,218,R,214,R,4,R,3,R,1,R,0,R,0,R,0,R,33,R,14,R,19,R,143,R,72,R,71,R,2,R,1,R,1,R,204,R,100,R,104,R,24,R,13,R,11,R,21,R,14,R,7,R,1,R,1,R,0,A,,A,,2025
225371,25,-2,1,R,754,R,313,R,441,R,8,R,3,R,5,R,8,R,2,R,6,R,50,R,19,R,31,R,204,R,83,R,121,R,1,R,1,R,0,R,355,R,144,R,211,R,28,R,10,R,18,R,56,R,19,R,37,R,44,R,32,R,12,A,,A,,2025
225371,31,-2,1,R,122,R,48,R,74,R,0,R,0,R,0,R,3,R,0,R,3,R,2,R,1,R,1,R,44,R,17,R,27,R,0,R,0,R,0,R,47,R,18,R,29,R,3,R,1,R,2,R,23,R,11,R,12,R,0,R,0,R,0,A,,A,,2025
225371,39,-2,1,R,196,R,93,R,103,R,3,R,1,R,2,R,3,R,1,R,2,R,14,R,5,R,9,R,44,R,17,R,27,R,0,R,0,R,0,R,90,R,41,R,49,R,11,R,5,R,6,R,4,R,1,R,3,R,27,R,22,R,5,A,,A,,2025
225371,40,-2,1,R,558,R,220,R,338,R,5,R,2,R,3,R,5,R,1,R,4,R,36,R,14,R,22,R,160,R,66,R,94,R,1,R,1,R,0,R,265,R,103,R,162,R,17,R,5,R,12,R,52,R,18,R,34,R,17,R,10,R,7,A,,A,,2025
225371,41,-2,999,R,4230,R,1567,R,2663,R,33,R,15,R,18,R,67,R,30,R,37,R,247,R,70,R,177,R,1238,R,458,R,780,R,13,R,4,R,9,R,2057,R,791,R,1266,R,119,R,38,R,81,R,421,R,142,R,279,R,35,R,19,R,16,A,,A,,2025
225371,42,-2,1,R,4230,R,1567,R,2663,R,33,R,15,R,18,R,67,R,30,R,37,R,247,R,70,R,177,R,1238,R,458,R,780,R,13,R,4,R,9,R,2057,R,791,R,1266,R,119,R,38,R,81,R,421,R,142,R,279,R,35,R,19,R,16,A,,A,,2025
225371,43,-2,1,R,2261,R,777,R,1484,R,23,R,9,R,14,R,45,R,22,R,23,R,176,R,45,R,131,R,617,R,213,R,404,R,8,R,3,R,5,R,1130,R,399,R,731,R,48,R,16,R,32,R,182,R,51,R,131,R,32,R,19,R,13,A,,A,,2025
225371,44,-2,1,R,437,R,183,R,254,R,4,R,2,R,2,R,5,R,3,R,2,R,32,R,14,R,18,R,135,R,46,R,89,R,5,R,2,R,3,R,220,R,100,R,120,R,7,R,4,R,3,R,26,R,11,R,15,R,3,R,1,R,2,A,,A,,2025
225371,45,-2,1,R,1824,R,594,R,1230,R,19,R,7,R,12,R,40,R,19,R,21,R,144,R,31,R,113,R,482,R,167,R,315,R,3,R,1,R,2,R,910,R,299,R,611,R,41,R,12,R,29,R,156,R,40,R,116,R,29,R,18,R,11,A,,A,,2025
225371,51,-2,1,R,1969,R,790,R,1179,R,10,R,6,R,4,R,22,R,8,R,14,R,71,R,25,R,46,R,621,R,245,R,376,R,5,R,1,R,4,R,927,R,392,R,535,R,71,R,22,R,49,R,239,R,91,R,148,R,3,R,0,R,3,A,,A,,2025
225371,59,-2,1,R,500,R,197,R,303,R,2,R,1,R,1,R,27,R,15,R,12,R,52,R,13,R,39,R,115,R,40,R,75,R,1,R,1,R,0,R,250,R,106,R,144,R,20,R,7,R,13,R,17,R,5,R,12,R,16,R,9,R,7,A,,A,,2025
225371,60,-2,1,R,1324,R,397,R,927,R,17,R,6,R,11,R,13,R,4,R,9,R,92,R,18,R,74,R,367,R,127,R,240,R,2,R,0,R,2,R,660,R,193,R,467,R,21,R,5,R,16,R,139,R,35,R,104,R,13,R,9,R,4,A,,A,,2025
225414,1,1,999,R,9706,R,3648,R,6058,R,15,R,7,R,8,R,790,R,353,R,437,R,811,R,250,R,561,R,4359,R,1486,R,2873,R,4,R,1,R,3,R,2765,R,1088,R,1677,R,283,R,124,R,159,R,142,R,66,R,76,R,537,R,273,R,264,R,0.0,R,9706.0,2025
225414,2,2,1,R,7287,R,2804,R,4483,R,12,R,6,R,6,R,585,R,288,R,297,R,518,R,179,R,339,R,3680,R,1285,R,2395,R,2,R,1,R,1,R,2104,R,857,R,1247,R,219,R,102,R,117,R,97,R,45,R,52,R,70,R,41,R,29,R,0.0,R,7287.0,2025
225414,3,-2,1,R,7163,R,2774,R,4389,R,12,R,6,R,6,R,567,R,285,R,282,R,499,R,170,R,329,R,3632,R,1278,R,2354,R,2,R,1,R,1,R,2071,R,847,R,1224,R,215,R,102,R,113,R,96,R,45,R,51,R,69,R,40,R,29,A,,A,,2025
225414,4,-2,1,R,501,R,232,R,269,R,1,R,1,R,0,R,58,R,28,R,30,R,42,R,20,R,22,R,259,R,124,R,135,R,0,R,0,R,0,R,115,R,47,R,68,R,14,R,8,R,6,R,5,R,1,R,4,R,7,R,3,R,4,A,,A,,2025
225414,5,-2,1,R,6662,R,2542,R,4120,R,11,R,5,R,6,R,509,R,257,R,252,R,457,R,150,R,307,R,3373,R,1154,R,2219,R,2,R,1,R,1,R,1956,R,800,R,1156,R,201,R,94,R,107,R,91,R,44,R,47,R,62,R,37,R,25,A,,A,,2025
225414,11,-2,1,R,124,R,30,R,94,R,0,R,0,R,0,R,18,R,3,R,15,R,19,R,9,R,10,R,48,R,7,R,41,R,0,R,0,R,0,R,33,R,10,R,23,R,4,R,0,R,4,R,1,R,0,R,1,R,1,R,1,R,0,A,,A,,2025
225414,12,4,3,R,2419,R,844,R,1575,R,3,R,1,R,2,R,205,R,65,R,140,R,293,R,71,R,222,R,679,R,201,R,478,R,2,R,0,R,2,R,661,R,231,R,430,R,64,R,22,R,42,R,45,R,21,R,24,R,467,R,232,R,235,R,0.0,R,2419.0,2025
225414,19,-2,1,R,1508,R,552,R,956,R,3,R,2,R,1,R,100,R,46,R,54,R,103,R,33,R,70,R,787,R,249,R,538,R,1,R,1,R,0,R,427,R,180,R,247,R,45,R,24,R,21,R,24,R,11,R,13,R,18,R,6,R,12,A,,A,,2025
225414,20,-2,1,R,5154,R,1990,R,3164,R,8,R,3,R,5,R,409,R,211,R,198,R,354,R,117,R,237,R,2586,R,905,R,1681,R,1,R,0,R,1,R,1529,R,620,R,909,R,156,R,70,R,86,R,67,R,33,R,34,R,44,R,31,R,13,A,,A,,2025
225414,21,-2,999,R,4406,R,1664,R,2742,R,6,R,5,R,1,R,359,R,156,R,203,R,376,R,114,R,262,R,1905,R,670,R,1235,R,2,R,0,R,2,R,1290,R,507,R,783,R,144,R,69,R,75,R,61,R,22,R,39,R,263,R,121,R,142,A,,A,,2025
225414,22,-2,1,R,3640,R,1422,R,2218,R,5,R,4,R,1,R,296,R,139,R,157,R,275,R,96,R,179,R,1727,R,618,R,1109,R,1,R,0,R,1,R,1110,R,455,R,655,R,120,R,60,R,60,R,55,R,21,R,34,R,51,R,29,R,22,A,,A,,2025
225414,23,-2,1,R,3624,R,1419,R,2205,R,5,R,4,R,1,R,294,R,139,R,155,R,272,R,94,R,178,R,1722,R,618,R,1104,R,1,R,0,R,1,R,1105,R,454,R,651,R,119,R,60,R,59,R,55,R,21,R,34,R,51,R,29,R,22,A,,A,,2025
225414,24,-2,1,R,382,R,173,R,209,R,1,R,1,R,0,R,43,R,21,R,22,R,33,R,15,R,18,R,194,R,89,R,105,R,0,R,0,R,0,R,90,R,38,R,52,R,10,R,5,R,5,R,5,R,1,R,4,R,6,R,3,R,3,A,,A,,2025
225414,25,-2,1,R,3242,R,1246,R,1996,R,4,R,3,R,1,R,251,R,118,R,133,R,239,R,79,R,160,R,1528,R,529,R,999,R,1,R,0,R,1,R,1015,R,416,R,599,R,109,R,55,R,54,R,50,R,20,R,30,R,45,R,26,R,19,A,,A,,2025
225414,31,-2,1,R,16,R,3,R,13,R,0,R,0,R,0,R,2,R,0,R,2,R,3,R,2,R,1,R,5,R,0,R,5,R,0,R,0,R,0,R,5,R,1,R,4,R,1,R,0,R,1,R,0,R,0,R,0,R,0,R,0,R,0,A,,A,,2025
225414,32,-2,3,R,766,R,242,R,524,R,1,R,1,R,0,R,63,R,17,R,46,R,101,R,18,R,83,R,178,R,52,R,126,R,1,R,0,R,1,R,180,R,52,R,128,R,24,R,9,R,15,R,6,R,1,R,5,R,212,R,92,R,120,A,,A,,2025
225414,39,-2,1,R,931,R,357,R,574,R,1,R,1,R,0,R,62,R,22,R,40,R,74,R,27,R,47,R,469,R,162,R,307,R,0,R,0,R,0,R,265,R,117,R,148,R,30,R,17,R,13,R,13,R,5,R,8,R,17,R,6,R,11,A,,A,,2025
225414,40,-2,1,R,2311,R,889,R,1422,R,3,R,2,R,1,R,189,R,96,R,93,R,165,R,52,R,113,R,1059,R,367,R,692,R,1,R,0,R,1,R,750,R,299,R,451,R,79,R,38,R,41,R,37,R,15,R,22,R,28,R,20,R,8,A,,A,,2025
225414,41,-2,999,R,5300,R,1984,R,3316,R,9,R,2,R,7,R,431,R,197,R,234,R,435,R,136,R,299,R,2454,R,816,R,1638,R,2,R,1,R,1,R,1475,R,581,R,894,R,139,R,55,R,84,R,81,R,44,R,37,R,274,R,152,R,122,A,,A,,2025
225414,42,-2,1,R,3647,R,1382,R,2265,R,7,R,2,R,5,R,289,R,149,R,140,R,243,R,83,R,160,R,1953,R,667,R,1286,R,1,R,1,R,0,R,994,R,402,R,592,R,99,R,42,R,57,R,42,R,24,R,18,R,19,R,12,R,7,A,,A,,2025
225414,43,-2,1,R,3539,R,1355,R,2184,R,7,R,2,R,5,R,273,R,146,R,127,R,227,R,76,R,151,R,1910,R,660,R,1250,R,1,R,1,R,0,R,966,R,393,R,573,R,96,R,42,R,54,R,41,R,24,R,17,R,18,R,11,R,7,A,,A,,2025
225414,44,-2,1,R,119,R,59,R,60,R,0,R,0,R,0,R,15,R,7,R,8,R,9,R,5,R,4,R,65,R,35,R,30,R,0,R,0,R,0,R,25,R,9,R,16,R,4,R,3,R,1,R,0,R,0,R,0,R,1,R,0,R,1,A,,A,,2025
225414,45,-2,1,R,3420,R,1296,R,2124,R,7,R,2,R,5,R,258,R,139,R,119,R,218,R,71,R,147,R,1845,R,625,R,1220,R,1,R,1,R,0,R,941,R,384,R,557,R,92,R,39,R,53,R,41,R,24,R,17,R,17,R,11,R,6,A,,A,,2025
225414,51,-2,1,R,108,R,27,R,81,R,0,R,0,R,0,R,16,R,3,R,13,R,16,R,7,R,9,R,43,R,7,R,36,R,0,R,0,R,0,R,28,R,9,R,19,R,3,R,0,R,3,R,1,R,0,R,1,R,1,R,1,R,0,A,,A,,2025
225414,52,-2,3,R,1653,R,602,R,1051,R,2,R,0,R,2,R,142,R,48,R,94,R,192,R,53,R,139,R,501,R,149,R,352,R,1,R,0,R,1,R,481,R,179,R,302,R,40,R,13,R,27,R,39,R,20,R,19,R,255,R,140,R,115,A,,A,,2025
225414,59,-2,1,R,577,R,195,R,382,R,2,R,1,R,1,R,38,R,24,R,14,R,29,R,6,R,23,R,318,R,87,R,231,R,1,R,1,R,0,R,162,R,63,R,99,R,15,R,7,R,8,R,11,R,6,R,5,R,1,R,0,R,1,A,,A,,2025
225414,60,-2,1,R,2843,R,1101,R,1742,R,5,R,1,R,4,R,220,R,115,R,105,R,189,R,65,R,124,R,1527,R,538,R,989,R,0,R,0,R,0,R,779,R,321,R,458,R,77,R,32,R,45,R,30,R,18,R,12,R,16,R,11,R,5,A,,A,,2025
225423,1,1,999,R,75599,R,31414,R,44185,R,118,R,51,R,67,R,8321,R,3937,R,4384,R,19572,R,6898,R,12674,R,27363,R,11255,R,16108,R,46,R,23,R,23,R,8583,R,3940,R,4643,R,1759,R,678,R,1081,R,3353,R,1612,R,1741,R,6484,R,3020,R,3464,R,13.0,R,75586.0,2025
225423,2,2,1,R,75599,R,31414,R,44185,R,118,R,51,R,67,R,8321,R,3937,R,4384,R,19572,R,6898,R,12674,R,27363,R,11255,R,16108,R,46,R,23,R,23,R,8583,R,3940,R,4643,R,1759,R,678,R,1081,R,3353,R,1612,R,1741,R,6484,R,3020,R,3464,R,13.0,R,75586.0,2025
225423,3,-2,1,R,60774,R,25034,R,35740,R,100,R,42,R,58,R,6432,R,3087,R,3345,R,17253,R,6035,R,11218,R,20734,R,8324,R,12410,R,35,R,17,R,18,R,6950,R,3287,R,3663,R,1442,R,558,R,884,R,2020,R,959,R,1061,R,5808,R,2725,R,3083,A,,A,,2025
225423,4,-2,1,R,15721,R,6997,R,8724,R,36,R,16,R,20,R,1555,R,725,R,830,R,4102,R,1683,R,2419,R,5610,R,2373,R,3237,R,7,R,3,R,4,R,1796,R,908,R,888,R,334,R,151,R,183,R,632,R,347,R,285,R,1649,R,791,R,858,A,,A,,2025
225423,5,-2,1,R,45053,R,18037,R,27016,R,64,R,26,R,38,R,4877,R,2362,R,2515,R,13151,R,4352,R,8799,R,15124,R,5951,R,9173,R,28,R,14,R,14,R,5154,R,2379,R,2775,R,1108,R,407,R,701,R,1388,R,612,R,776,R,4159,R,1934,R,2225,A,,A,,2025
225423,11,-2,1,R,14825,R,6380,R,8445,R,18,R,9,R,9,R,1889,R,850,R,1039,R,2319,R,863,R,1456,R,6629,R,2931,R,3698,R,11,R,6,R,5,R,1633,R,653,R,980,R,317,R,120,R,197,R,1333,R,653,R,680,R,676,R,295,R,381,A,,A,,2025
225423,19,-2,1,R,4286,R,1729,R,2557,R,6,R,1,R,5,R,398,R,190,R,208,R,1520,R,503,R,1017,R,1204,R,469,R,735,R,3,R,2,R,1,R,558,R,266,R,292,R,141,R,45,R,96,R,120,R,64,R,56,R,336,R,189,R,147,A,,A,,2025
225423,20,-2,1,R,40767,R,16308,R,24459,R,58,R,25,R,33,R,4479,R,2172,R,2307,R,11631,R,3849,R,7782,R,13920,R,5482,R,8438,R,25,R,12,R,13,R,4596,R,2113,R,2483,R,967,R,362,R,605,R,1268,R,548,R,720,R,3823,R,1745,R,2078,A,,A,,2025
225423,21,-2,999,R,21064,R,9394,R,11670,R,34,R,15,R,19,R,1904,R,974,R,930,R,5040,R,1851,R,3189,R,7249,R,3230,R,4019,R,13,R,7,R,6,R,1982,R,995,R,987,R,460,R,187,R,273,R,617,R,282,R,335,R,3765,R,1853,R,1912,A,,A,,2025
225423,22,-2,1,R,21064,R,9394,R,11670,R,34,R,15,R,19,R,1904,R,974,R,930,R,5040,R,1851,R,3189,R,7249,R,3230,R,4019,R,13,R,7,R,6,R,1982,R,995,R,987,R,460,R,187,R,273,R,617,R,282,R,335,R,3765,R,1853,R,1912,A,,A,,2025
225423,23,-2,1,R,19460,R,8783,R,10677,R,33,R,15,R,18,R,1831,R,946,R,885,R,4704,R,1751,R,2953,R,6335,R,2848,R,3487,R,12,R,7,R,5,R,1915,R,970,R,945,R,433,R,179,R,254,R,485,R,232,R,253,R,3712,R,1835,R,1877,A,,A,,2025
225423,24,-2,1,R,7362,R,3459,R,3903,R,18,R,8,R,10,R,683,R,335,R,348,R,1569,R,665,R,904,R,2763,R,1262,R,1501,R,5,R,2,R,3,R,780,R,408,R,372,R,148,R,74,R,74,R,211,R,114,R,97,R,1185,R,591,R,594,A,,A,,2025
225423,25,-2,1,R,12098,R,5324,R,6774,R,15,R,7,R,8,R,1148,R,611,R,537,R,3135,R,1086,R,2049,R,3572,R,1586,R,1986,R,7,R,5,R,2,R,1135,R,562,R,573,R,285,R,105,R,180,R,274,R,118,R,156,R,2527,R,1244,R,1283,A,,A,,2025
225423,31,-2,1,R,1604,R,611,R,993,R,1,R,0,R,1,R,73,R,28,R,45,R,336,R,100,R,236,R,914,R,382,R,532,R,1,R,0,R,1,R,67,R,25,R,42,R,27,R,8,R,19,R,132,R,50,R,82,R,53,R,18,R,35,A,,A,,2025
225423,39,-2,1,R,1628,R,737,R,891,R,4,R,1,R,3,R,128,R,65,R,63,R,546,R,212,R,334,R,414,R,180,R,234,R,1,R,1,R,0,R,197,R,94,R,103,R,56,R,17,R,39,R,37,R,20,R,17,R,245,R,147,R,98,A,,A,,2025
225423,40,-2,1,R,10470,R,4587,R,5883,R,11,R,6,R,5,R,1020,R,546,R,474,R,2589,R,874,R,1715,R,3158,R,1406,R,1752,R,6,R,4,R,2,R,938,R,468,R,470,R,229,R,88,R,141,R,237,R,98,R,139,R,2282,R,1097,R,1185,A,,A,,2025
225423,41,-2,999,R,54535,R,22020,R,32515,R,84,R,36,R,48,R,6417,R,2963,R,3454,R,14532,R,5047,R,9485,R,20114,R,8025,R,12089,R,33,R,16,R,17,R,6601,R,2945,R,3656,R,1299,R,491,R,808,R,2736,R,1330,R,1406,R,2719,R,1167,R,1552,A,,A,,2025
225423,42,-2,1,R,54535,R,22020,R,32515,R,84,R,36,R,48,R,6417,R,2963,R,3454,R,14532,R,5047,R,9485,R,20114,R,8025,R,12089,R,33,R,16,R,17,R,6601,R,2945,R,3656,R,1299,R,491,R,808,R,2736,R,1330,R,1406,R,2719,R,1167,R,1552,A,,A,,2025
225423,43,-2,1,R,41314,R,16251,R,25063,R,67,R,27,R,40,R,4601,R,2141,R,2460,R,12549,R,4284,R,8265,R,14399,R,5476,R,8923,R,23,R,10,R,13,R,5035,R,2317,R,2718,R,1009,R,379,R,630,R,1535,R,727,R,808,R,2096,R,890,R,1206,A,,A,,2025
225423,44,-2,1,R,8359,R,3538,R,4821,R,18,R,8,R,10,R,872,R,390,R,482,R,2533,R,1018,R,1515,R,2847,R,1111,R,1736,R,2,R,1,R,1,R,1016,R,500,R,516,R,186,R,77,R,109,R,421,R,233,R,188,R,464,R,200,R,264,A,,A,,2025
225423,45,-2,1,R,32955,R,12713,R,20242,R,49,R,19,R,30,R,3729,R,1751,R,1978,R,10016,R,3266,R,6750,R,11552,R,4365,R,7187,R,21,R,9,R,12,R,4019,R,1817,R,2202,R,823,R,302,R,521,R,1114,R,494,R,620,R,1632,R,690,R,942,A,,A,,2025
225423,51,-2,1,R,13221,R,5769,R,7452,R,17,R,9,R,8,R,1816,R,822,R,994,R,1983,R,763,R,1220,R,5715,R,2549,R,3166,R,10,R,6,R,4,R,1566,R,628,R,938,R,290,R,112,R,178,R,1201,R,603,R,598,R,623,R,277,R,346,A,,A,,2025
225423,59,-2,1,R,2658,R,992,R,1666,R,2,R,0,R,2,R,270,R,125,R,145,R,974,R,291,R,683,R,790,R,289,R,501,R,2,R,1,R,1,R,361,R,172,R,189,R,85,R,28,R,57,R,83,R,44,R,39,R,91,R,42,R,49,A,,A,,2025
225423,60,-2,1,R,30297,R,11721,R,18576,R,47,R,19,R,28,R,3459,R,1626,R,1833,R,9042,R,2975,R,6067,R,10762,R,4076,R,6686,R,19,R,8,R,11,R,3658,R,1645,R,2013,R,738,R,274,R,464,R,1031,R,450,R,581,R,1541,R,648,R,893,A,,A,,2025
225432,1,1,999,R,16743,R,6332,R,10411,R,12,R,4,R,8,R,1404,R,735,R,669,R,3284,R,1083,R,2201,R,9341,R,3320,R,6021,R,16,R,4,R,12,R,1767,R,787,R,980,R,426,R,170,R,256,R,161,R,64,R,97,R,332,R,165,R,167,R,0.0,R,16743.0,2025
225432,2,2,1,R,15250,R,5760,R,9490,R,9,R,3,R,6,R,1259,R,659,R,600,R,2811,R,927,R,1884,R,8791,R,3124,R,5667,R,15,R,4,R,11,R,1570,R,696,R,874,R,380,R,154,R,226,R,149,R,59,R,90,R,266,R,134,R,132,R,0.0,R,15250.0,2025
225432,3,-2,1,R,15059,R,5695,R,9364,R,9,R,3,R,6,R,1232,R,647,R,585,R,2767,R,916,R,1851,R,8719,R,3105,R,5614,R,15,R,4,R,11,R,1538,R,681,R,857,R,374,R,151,R,223,R,145,R,58,R,87,R,260,R,130,R,130,A,,A,,2025
225432,4,-2,1,R,1212,R,570,R,642,R,2,R,0,R,2,R,92,R,55,R,37,R,149,R,86,R,63,R,860,R,377,R,483,R,1,R,0,R,1,R,58,R,26,R,32,R,17,R,8,R,9,R,16,R,10,R,6,R,17,R,8,R,9,A,,A,,2025
225432,5,-2,1,R,13847,R,5125,R,8722,R,7,R,3,R,4,R,1140,R,592,R,548,R,2618,R,830,R,1788,R,7859,R,2728,R,5131,R,14,R,4,R,10,R,1480,R,655,R,825,R,357,R,143,R,214,R,129,R,48,R,81,R,243,R,122,R,121,A,,A,,2025
225432,11,-2,1,R,191,R,65,R,126,R,0,R,0,R,0,R,27,R,12,R,15,R,44,R,11,R,33,R,72,R,19,R,53,R,0,R,0,R,0,R,32,R,15,R,17,R,6,R,3,R,3,R,4,R,1,R,3,R,6,R,4,R,2,A,,A,,2025
225432,12,4,3,R,1493,R,572,R,921,R,3,R,1,R,2,R,145,R,76,R,69,R,473,R,156,R,317,R,550,R,196,R,354,R,1,R,0,R,1,R,197,R,91,R,106,R,46,R,16,R,30,R,12,R,5,R,7,R,66,R,31,R,35,R,0.0,R,1493.0,2025
225432,19,-2,1,R,3187,R,1109,R,2078,R,0,R,0,R,0,R,261,R,134,R,127,R,744,R,209,R,535,R,1619,R,530,R,1089,R,2,R,0,R,2,R,357,R,154,R,203,R,100,R,39,R,61,R,35,R,9,R,26,R,69,R,34,R,35,A,,A,,2025
225432,20,-2,1,R,10660,R,4016,R,6644,R,7,R,3,R,4,R,879,R,458,R,421,R,1874,R,621,R,1253,R,6240,R,2198,R,4042,R,12,R,4,R,8,R,1123,R,501,R,622,R,257,R,104,R,153,R,94,R,39,R,55,R,174,R,88,R,86,A,,A,,2025
225432,21,-2,999,R,6848,R,2795,R,4053,R,5,R,2,R,3,R,603,R,346,R,257,R,1165,R,431,R,734,R,3981,R,1496,R,2485,R,7,R,2,R,5,R,663,R,320,R,343,R,185,R,78,R,107,R,64,R,29,R,35,R,175,R,91,R,84,A,,A,,2025
225432,22,-2,1,R,6687,R,2722,R,3965,R,4,R,2,R,2,R,585,R,337,R,248,R,1132,R,420,R,712,R,3930,R,1476,R,2454,R,7,R,2,R,5,R,643,R,309,R,334,R,182,R,77,R,105,R,61,R,27,R,34,R,143,R,72,R,71,A,,A,,2025
225432,23,-2,1,R,6677,R,2718,R,3959,R,4,R,2,R,2,R,585,R,337,R,248,R,1131,R,420,R,711,R,3925,R,1475,R,2450,R,7,R,2,R,5,R,643,R,309,R,334,R,182,R,77,R,105,R,60,R,27,R,33,R,140,R,69,R,71,A,,A,,2025
225432,24,-2,1,R,856,R,419,R,437,R,1,R,0,R,1,R,73,R,46,R,27,R,104,R,55,R,49,R,597,R,277,R,320,R,0,R,0,R,0,R,45,R,21,R,24,R,14,R,7,R,7,R,11,R,7,R,4,R,11,R,6,R,5,A,,A,,2025
225432,25,-2,1,R,5821,R,2299,R,3522,R,3,R,2,R,1,R,512,R,291,R,221,R,1027,R,365,R,662,R,3328,R,1198,R,2130,R,7,R,2,R,5,R,598,R,288,R,310,R,168,R,70,R,98,R,49,R,20,R,29,R,129,R,63,R,66,A,,A,,2025
225432,31,-2,1,R,10,R,4,R,6,R,0,R,0,R,0,R,0,R,0,R,0,R,1,R,0,R,1,R,5,R,1,R,4,R,0,R,0,R,0,R,0,R,0,R,0,R,0,R,0,R,0,R,1,R,0,R,1,R,3,R,3,R,0,A,,A,,2025
225432,32,-2,3,R,161,R,73,R,88,R,1,R,0,R,1,R,18,R,9,R,9,R,33,R,11,R,22,R,51,R,20,R,31,R,0,R,0,R,0,R,20,R,11,R,9,R,3,R,1,R,2,R,3,R,2,R,1,R,32,R,19,R,13,A,,A,,2025
225432,39,-2,1,R,1337,R,502,R,835,R,0,R,0,R,0,R,113,R,64,R,49,R,330,R,101,R,229,R,647,R,228,R,419,R,1,R,0,R,1,R,146,R,68,R,78,R,58,R,23,R,35,R,12,R,3,R,9,R,30,R,15,R,15,A,,A,,2025
225432,40,-2,1,R,4484,R,1797,R,2687,R,3,R,2,R,1,R,399,R,227,R,172,R,697,R,264,R,433,R,2681,R,970,R,1711,R,6,R,2,R,4,R,452,R,220,R,232,R,110,R,47,R,63,R,37,R,17,R,20,R,99,R,48,R,51,A,,A,,2025
225432,41,-2,999,R,9895,R,3537,R,6358,R,7,R,2,R,5,R,801,R,389,R,412,R,2119,R,652,R,1467,R,5360,R,1824,R,3536,R,9,R,2,R,7,R,1104,R,467,R,637,R,241,R,92,R,149,R,97,R,35,R,62,R,157,R,74,R,83,A,,A,,2025
225432,42,-2,1,R,8563,R,3038,R,5525,R,5,R,1,R,4,R,674,R,322,R,352,R,1679,R,507,R,1172,R,4861,R,1648,R,3213,R,8,R,2,R,6,R,927,R,387,R,540,R,198,R,77,R,121,R,88,R,32,R,56,R,123,R,62,R,61,A,,A,,2025
225432,43,-2,1,R,8382,R,2977,R,5405,R,5,R,1,R,4,R,647,R,310,R,337,R,1636,R,496,R,1140,R,4794,R,1630,R,3164,R,8,R,2,R,6,R,895,R,372,R,523,R,192,R,74,R,118,R,85,R,31,R,54,R,120,R,61,R,59,A,,A,,2025
225432,44,-2,1,R,356,R,151,R,205,R,1,R,0,R,1,R,19,R,9,R,10,R,45,R,31,R,14,R,263,R,100,R,163,R,1,R,0,R,1,R,13,R,5,R,8,R,3,R,1,R,2,R,5,R,3,R,2,R,6,R,2,R,4,A,,A,,2025
225432,45,-2,1,R,8026,R,2826,R,5200,R,4,R,1,R,3,R,628,R,301,R,327,R,1591,R,465,R,1126,R,4531,R,1530,R,3001,R,7,R,2,R,5,R,882,R,367,R,515,R,189,R,73,R,116,R,80,R,28,R,52,R,114,R,59,R,55,A,,A,,2025
225432,51,-2,1,R,181,R,61,R,120,R,0,R,0,R,0,R,27,R,12,R,15,R,43,R,11,R,32,R,67,R,18,R,49,R,0,R,0,R,0,R,32,R,15,R,17,R,6,R,3,R,3,R,3,R,1,R,2,R,3,R,1,R,2,A,,A,,2025
225432,52,-2,3,R,1332,R,499,R,833,R,2,R,1,R,1,R,127,R,67,R,60,R,440,R,145,R,295,R,499,R,176,R,323,R,1,R,0,R,1,R,177,R,80,R,97,R,43,R,15,R,28,R,9,R,3,R,6,R,34,R,12,R,22,A,,A,,2025
225432,59,-2,1,R,1850,R,607,R,1243,R,0,R,0,R,0,R,148,R,70,R,78,R,414,R,108,R,306,R,972,R,302,R,670,R,1,R,0,R,1,R,211,R,86,R,125,R,42,R,16,R,26,R,23,R,6,R,17,R,39,R,19,R,20,A,,A,,2025
225432,60,-2,1,R,6176,R,2219,R,3957,R,4,R,1,R,3,R,480,R,231,R,249,R,1177,R,357,R,820,R,3559,R,1228,R,2331,R,6,R,2,R,4,R,671,R,281,R,390,R,147,R,57,R,90,R,57,R,22,R,35,R,75,R,40,R,35,A,,A,,2025
225502,1,1,999,R,6296,R,2219,R,4077,R,10,R,2,R,8,R,444,R,170,R,274,R,984,R,319,R,665,R,2701,R,901,R,1800,R,5,R,3,R,2,R,1620,R,571,R,1049,R,199,R,73,R,126,R,101,R,46,R,55,R,232,R,134,R,98,R,0.0,R,6296.0,2025
225502,2,2,1,R,4621,R,1704,R,2917,R,9,R,1,R,8,R,296,R,129,R,167,R,629,R,224,R,405,R,2179,R,755,R,1424,R,4,R,3,R,1,R,1150,R,426,R,724,R,154,R,60,R,94,R,85,R,40,R,45,R,115,R,66,R,49,R,0.0,R,4621.0,2025
225502,3,-2,1,R,4456,R,1647,R,2809,R,9,R,1,R,8,R,289,R,127,R,162,R,624,R,223,R,401,R,2130,R,743,R,1387,R,4,R,3,R,1,R,1068,R,393,R,675,R,148,R,57,R,91,R,71,R,35,R,36,R,113,R,65,R,48,A,,A,,2025
225502,4,-2,1,R,259,R,124,R,135,R,0,R,0,R,0,R,3,R,0,R,3,R,37,R,17,R,20,R,147,R,69,R,78,R,1,R,1,R,0,R,47,R,22,R,25,R,11,R,5,R,6,R,7,R,6,R,1,R,6,R,4,R,2,A,,A,,2025
225502,5,-2,1,R,4197,R,1523,R,2674,R,9,R,1,R,8,R,286,R,127,R,159,R,587,R,206,R,381,R,1983,R,674,R,1309,R,3,R,2,R,1,R,1021,R,371,R,650,R,137,R,52,R,85,R,64,R,29,R,35,R,107,R,61,R,46,A,,A,,2025
225502,11,-2,1,R,165,R,57,R,108,R,0,R,0,R,0,R,7,R,2,R,5,R,5,R,1,R,4,R,49,R,12,R,37,R,0,R,0,R,0,R,82,R,33,R,49,R,6,R,3,R,3,R,14,R,5,R,9,R,2,R,1,R,1,A,,A,,2025
225502,12,4,3,R,1675,R,515,R,1160,R,1,R,1,R,0,R,148,R,41,R,107,R,355,R,95,R,260,R,522,R,146,R,376,R,1,R,0,R,1,R,470,R,145,R,325,R,45,R,13,R,32,R,16,R,6,R,10,R,117,R,68,R,49,R,0.0,R,1675.0,2025
225502,19,-2,1,R,730,R,242,R,488,R,1,R,0,R,1,R,65,R,29,R,36,R,117,R,43,R,74,R,331,R,95,R,236,R,0,R,0,R,0,R,181,R,62,R,119,R,19,R,8,R,11,R,10,R,4,R,6,R,6,R,1,R,5,A,,A,,2025
225502,20,-2,1,R,3467,R,1281,R,2186,R,8,R,1,R,7,R,221,R,98,R,123,R,470,R,163,R,307,R,1652,R,579,R,1073,R,3,R,2,R,1,R,840,R,309,R,531,R,118,R,44,R,74,R,54,R,25,R,29,R,101,R,60,R,41,A,,A,,2025
225502,21,-2,999,R,2566,R,923,R,1643,R,5,R,0,R,5,R,149,R,49,R,100,R,370,R,123,R,247,R,1137,R,402,R,735,R,2,R,2,R,0,R,662,R,226,R,436,R,89,R,31,R,58,R,35,R,19,R,16,R,117,R,71,R,46,A,,A,,2025
225502,22,-2,1,R,1990,R,775,R,1215,R,5,R,0,R,5,R,105,R,41,R,64,R,245,R,95,R,150,R,981,R,367,R,614,R,2,R,2,R,0,R,469,R,178,R,291,R,73,R,27,R,46,R,34,R,19,R,15,R,76,R,46,R,30,A,,A,,2025
225502,23,-2,1,R,1987,R,775,R,1212,R,5,R,0,R,5,R,105,R,41,R,64,R,244,R,95,R,149,R,981,R,367,R,614,R,2,R,2,R,0,R,468,R,178,R,290,R,73,R,27,R,46,R,34,R,19,R,15,R,75,R,46,R,29,A,,A,,2025
225502,24,-2,1,R,228,R,115,R,113,R,0,R,0,R,0,R,3,R,0,R,3,R,32,R,17,R,15,R,134,R,66,R,68,R,1,R,1,R,0,R,38,R,19,R,19,R,7,R,2,R,5,R,7,R,6,R,1,R,6,R,4,R,2,A,,A,,2025
225502,25,-2,1,R,1759,R,660,R,1099,R,5,R,0,R,5,R,102,R,41,R,61,R,212,R,78,R,134,R,847,R,301,R,546,R,1,R,1,R,0,R,430,R,159,R,271,R,66,R,25,R,41,R,27,R,13,R,14,R,69,R,42,R,27,A,,A,,2025
225502,31,-2,1,R,3,R,0,R,3,R,0,R,0,R,0,R,0,R,0,R,0,R,1,R,0,R,1,R,0,R,0,R,0,R,0,R,0,R,0,R,1,R,0,R,1,R,0,R,0,R,0,R,0,R,0,R,0,R,1,R,0,R,1,A,,A,,2025
225502,32,-2,3,R,576,R,148,R,428,R,0,R,0,R,0,R,44,R,8,R,36,R,125,R,28,R,97,R,156,R,35,R,121,R,0,R,0,R,0,R,193,R,48,R,145,R,16,R,4,R,12,R,1,R,0,R,1,R,41,R,25,R,16,A,,A,,2025
225502,39,-2,1,R,277,R,96,R,181,R,1,R,0,R,1,R,22,R,10,R,12,R,39,R,17,R,22,R,125,R,36,R,89,R,0,R,0,R,0,R,75,R,26,R,49,R,7,R,4,R,3,R,4,R,2,R,2,R,4,R,1,R,3,A,,A,,2025
225502,40,-2,1,R,1482,R,564,R,918,R,4,R,0,R,4,R,80,R,31,R,49,R,173,R,61,R,112,R,722,R,265,R,457,R,1,R,1,R,0,R,355,R,133,R,222,R,59,R,21,R,38,R,23,R,11,R,12,R,65,R,41,R,24,A,,A,,2025
225502,41,-2,999,R,3730,R,1296,R,2434,R,5,R,2,R,3,R,295,R,121,R,174,R,614,R,196,R,418,R,1564,R,499,R,1065,R,3,R,1,R,2,R,958,R,345,R,613,R,110,R,42,R,68,R,66,R,27,R,39,R,115,R,63,R,52,A,,A,,2025
225502,42,-2,1,R,2631,R,929,R,1702,R,4,R,1,R,3,R,191,R,88,R,103,R,384,R,129,R,255,R,1198,R,388,R,810,R,2,R,1,R,1,R,681,R,248,R,433,R,81,R,33,R,48,R,51,R,21,R,30,R,39,R,20,R,19,A,,A,,2025
225502,43,-2,1,R,2469,R,872,R,1597,R,4,R,1,R,3,R,184,R,86,R,98,R,380,R,128,R,252,R,1149,R,376,R,773,R,2,R,1,R,1,R,600,R,215,R,385,R,75,R,30,R,45,R,37,R,16,R,21,R,38,R,19,R,19,A,,A,,2025
225502,44,-2,1,R,31,R,9,R,22,R,0,R,0,R,0,R,0,R,0,R,0,R,5,R,0,R,5,R,13,R,3,R,10,R,0,R,0,R,0,R,9,R,3,R,6,R,4,R,3,R,1,R,0,R,0,R,0,R,0,R,0,R,0,A,,A,,2025
225502,45,-2,1,R,2438,R,863,R,1575,R,4,R,1,R,3,R,184,R,86,R,98,R,375,R,128,R,247,R,1136,R,373,R,763,R,2,R,1,R,1,R,591,R,212,R,379,R,71,R,27,R,44,R,37,R,16,R,21,R,38,R,19,R,19,A,,A,,2025
225502,51,-2,1,R,162,R,57,R,105,R,0,R,0,R,0,R,7,R,2,R,5,R,4,R,1,R,3,R,49,R,12,R,37,R,0,R,0,R,0,R,81,R,33,R,48,R,6,R,3,R,3,R,14,R,5,R,9,R,1,R,1,R,0,A,,A,,2025
225502,52,-2,3,R,1099,R,367,R,732,R,1,R,1,R,0,R,104,R,33,R,71,R,230,R,67,R,163,R,366,R,111,R,255,R,1,R,0,R,1,R,277,R,97,R,180,R,29,R,9,R,20,R,15,R,6,R,9,R,76,R,43,R,33,A,,A,,2025
225502,59,-2,1,R,453,R,146,R,307,R,0,R,0,R,0,R,43,R,19,R,24,R,78,R,26,R,52,R,206,R,59,R,147,R,0,R,0,R,0,R,106,R,36,R,70,R,12,R,4,R,8,R,6,R,2,R,4,R,2,R,0,R,2,A,,A,,2025
225502,60,-2,1,R,1985,R,717,R,1268,R,4,R,1,R,3,R,141,R,67,R,74,R,297,R,102,R,195,R,930,R,314,R,616,R,2,R,1,R,1,R,485,R,176,R,309,R,59,R,23,R,36,R,31,R,14,R,17,R,36,R,19,R,17,A,,A,,2025
225511,1,1,999,R,53188,R,25533,R,27655,R,48,R,26,R,22,R,11064,R,5552,R,5512,R,6390,R,2521,R,3869,R,18024,R,8053,R,9971,R,38,R,20,R,18,R,9575,R,4896,R,4679,R,1581,R,728,R,853,R,796,R,387,R,409,R,5672,R,3350,R,2322,R,0.0,R,53188.0,2025
225511,2,2,1,R,43360,R,20909,R,22451,R,37,R,20,R,17,R,9773,R,5014,R,4759,R,5378,R,2178,R,3200,R,16356,R,7413,R,8943,R,30,R,15,R,15,R,7255,R,3853,R,3402,R,1418,R,660,R,758,R,631,R,312,R,319,R,2482,R,1444,R,1038,R,0.0,R,43360.0,2025
225511,3,-2,1,R,42832,R,20608,R,22224,R,36,R,19,R,17,R,9687,R,4968,R,4719,R,5323,R,2155,R,3168,R,16218,R,7348,R,8870,R,30,R,15,R,15,R,7175,R,3816,R,3359,R,1413,R,658,R,755,R,624,R,310,R,314,R,2326,R,1319,R,1007,A,,A,,2025
225511,4,-2,1,R,6437,R,2850,R,3587,R,2,R,2,Z,0,R,1552,R,728,R,824,R,1014,R,381,R,633,R,2313,R,975,R,1338,R,3,R,1,R,2,R,881,R,449,R,432,R,228,R,97,R,131,R,112,R,57,R,55,R,332,R,160,R,172,A,,A,,2025
225511,5,-2,1,R,36395,R,17758,R,18637,R,34,R,17,R,17,R,8135,R,4240,R,3895,R,4309,R,1774,R,2535,R,13905,R,6373,R,7532,R,27,R,14,R,13,R,6294,R,3367,R,2927,R,1185,R,561,R,624,R,512,R,253,R,259,R,1994,R,1159,R,835,A,,A,,2025
225511,11,-2,1,R,528,R,301,R,227,R,1,R,1,Z,0,R,86,R,46,R,40,R,55,R,23,R,32,R,138,R,65,R,73,Z,0,Z,0,Z,0,R,80,R,37,R,43,R,5,R,2,R,3,R,7,R,2,R,5,R,156,R,125,R,31,A,,A,,2025
225511,12,4,3,R,9828,R,4624,R,5204,R,11,R,6,R,5,R,1291,R,538,R,753,R,1012,R,343,R,669,R,1668,R,640,R,1028,R,8,R,5,R,3,R,2320,R,1043,R,1277,R,163,R,68,R,95,R,165,R,75,R,90,R,3190,R,1906,R,1284,R,0.0,R,9828.0,2025
225511,19,-2,1,R,6189,R,3180,R,3009,R,9,R,4,R,5,R,978,R,542,R,436,R,764,R,343,R,421,R,2448,R,1186,R,1262,R,4,R,3,R,1,R,1143,R,618,R,525,R,238,R,107,R,131,R,66,R,39,R,27,R,539,R,338,R,201,A,,A,,2025
225511,20,-2,1,R,30206,R,14578,R,15628,R,25,R,13,R,12,R,7157,R,3698,R,3459,R,3545,R,1431,R,2114,R,11457,R,5187,R,6270,R,23,R,11,R,12,R,5151,R,2749,R,2402,R,947,R,454,R,493,R,446,R,214,R,232,R,1455,R,821,R,634,A,,A,,2025
225511,21,-2,999,R,37965,R,17699,R,20266,R,30,R,15,R,15,R,8319,R,3995,R,4324,R,4735,R,1819,R,2916,R,12474,R,5422,R,7052,R,27,R,12,R,15,R,6639,R,3367,R,3272,R,1146,R,506,R,640,R,558,R,261,R,297,R,4037,R,2302,R,1735,A,,A,,2025
225511,22,-2,1,R,31344,R,14539,R,16805,R,25,R,12,R,13,R,7425,R,3661,R,3764,R,4196,R,1647,R,2549,R,11555,R,5080,R,6475,R,22,R,9,R,13,R,5247,R,2751,R,2496,R,1040,R,464,R,576,R,461,R,222,R,239,R,1373,R,693,R,680,A,,A,,2025
225511,23,-2,1,R,31297,R,14514,R,16783,R,25,R,12,R,13,R,7415,R,3655,R,3760,R,4188,R,1642,R,2546,R,11548,R,5077,R,6471,R,22,R,9,R,13,R,5241,R,2749,R,2492,R,1040,R,464,R,576,R,460,R,221,R,239,R,1358,R,685,R,673,A,,A,,2025
225511,24,-2,1,R,5914,R,2586,R,3328,R,1,R,1,Z,0,R,1430,R,663,R,767,R,953,R,359,R,594,R,2129,R,875,R,1254,R,2,Z,0,R,2,R,833,R,427,R,406,R,211,R,86,R,125,R,104,R,53,R,51,R,251,R,122,R,129,A,,A,,2025
225511,25,-2,1,R,25383,R,11928,R,13455,R,24,R,11,R,13,R,5985,R,2992,R,2993,R,3235,R,1283,R,1952,R,9419,R,4202,R,5217,R,20,R,9,R,11,R,4408,R,2322,R,2086,R,829,R,378,R,451,R,356,R,168,R,188,R,1107,R,563,R,544,A,,A,,2025
225511,31,-2,1,R,47,R,25,R,22,Z,0,Z,0,Z,0,R,10,R,6,R,4,R,8,R,5,R,3,R,7,R,3,R,4,Z,0,Z,0,Z,0,R,6,R,2,R,4,Z,0,Z,0,Z,0,R,1,R,1,Z,0,R,15,R,8,R,7,A,,A,,2025
225511,32,-2,3,R,6621,R,3160,R,3461,R,5,R,3,R,2,R,894,R,334,R,560,R,539,R,172,R,367,R,919,R,342,R,577,R,5,R,3,R,2,R,1392,R,616,R,776,R,106,R,42,R,64,R,97,R,39,R,58,R,2664,R,1609,R,1055,A,,A,,2025
225511,39,-2,1,R,4059,R,2038,R,2021,R,7,R,4,R,3,R,667,R,370,R,297,R,570,R,247,R,323,R,1538,R,739,R,799,R,4,R,3,R,1,R,805,R,444,R,361,R,171,R,71,R,100,R,46,R,26,R,20,R,251,R,134,R,117,A,,A,,2025
225511,40,-2,1,R,21324,R,9890,R,11434,R,17,R,7,R,10,R,5318,R,2622,R,2696,R,2665,R,1036,R,1629,R,7881,R,3463,R,4418,R,16,R,6,R,10,R,3603,R,1878,R,1725,R,658,R,307,R,351,R,310,R,142,R,168,R,856,R,429,R,427,A,,A,,2025
225511,41,-2,999,R,15223,R,7834,R,7389,R,18,R,11,R,7,R,2745,R,1557,R,1188,R,1655,R,702,R,953,R,5550,R,2631,R,2919,R,11,R,8,R,3,R,2936,R,1529,R,1407,R,435,R,222,R,213,R,238,R,126,R,112,R,1635,R,1048,R,587,A,,A,,2025
225511,42,-2,1,R,12016,R,6370,R,5646,R,12,R,8,R,4,R,2348,R,1353,R,995,R,1182,R,531,R,651,R,4801,R,2333,R,2468,R,8,R,6,R,2,R,2008,R,1102,R,906,R,378,R,196,R,182,R,170,R,90,R,80,R,1109,R,751,R,358,A,,A,,2025
225511,43,-2,1,R,11535,R,6094,R,5441,R,11,R,7,R,4,R,2272,R,1313,R,959,R,1135,R,513,R,622,R,4670,R,2271,R,2399,R,8,R,6,R,2,R,1934,R,1067,R,867,R,373,R,194,R,179,R,164,R,89,R,75,R,968,R,634,R,334,A,,A,,2025
225511,44,-2,1,R,523,R,264,R,259,R,1,R,1,Z,0,R,122,R,65,R,57,R,61,R,22,R,39,R,184,R,100,R,84,R,1,R,1,Z,0,R,48,R,22,R,26,R,17,R,11,R,6,R,8,R,4,R,4,R,81,R,38,R,43,A,,A,,2025
225511,45,-2,1,R,11012,R,5830,R,5182,R,10,R,6,R,4,R,2150,R,1248,R,902,R,1074,R,491,R,583,R,4486,R,2171,R,2315,R,7,R,5,R,2,R,1886,R,1045,R,841,R,356,R,183,R,173,R,156,R,85,R,71,R,887,R,596,R,291,A,,A,,2025
225511,51,-2,1,R,481,R,276,R,205,R,1,R,1,Z,0,R,76,R,40,R,36,R,47,R,18,R,29,R,131,R,62,R,69,Z,0,Z,0,Z,0,R,74,R,35,R,39,R,5,R,2,R,3,R,6,R,1,R,5,R,141,R,117,R,24,A,,A,,2025
225511,52,-2,3,R,3207,R,1464,R,1743,R,6,R,3,R,3,R,397,R,204,R,193,R,473,R,171,R,302,R,749,R,298,R,451,R,3,R,2,R,1,R,928,R,427,R,501,R,57,R,26,R,31,R,68,R,36,R,32,R,526,R,297,R,229,A,,A,,2025
225511,59,-2,1,R,2130,R,1142,R,988,R,2,Z,0,R,2,R,311,R,172,R,139,R,194,R,96,R,98,R,910,R,447,R,463,Z,0,Z,0,Z,0,R,338,R,174,R,164,R,67,R,36,R,31,R,20,R,13,R,7,R,288,R,204,R,84,A,,A,,2025
225511,60,-2,1,R,8882,R,4688,R,4194,R,8,R,6,R,2,R,1839,R,1076,R,763,R,880,R,395,R,485,R,3576,R,1724,R,1852,R,7,R,5,R,2,R,1548,R,871,R,677,R,289,R,147,R,142,R,136,R,72,R,64,R,599,R,392,R,207,A,,A,,2025
225520,1,1,999,R,5060,R,1957,R,3103,R,34,R,13,R,21,R,60,R,30,R,30,R,237,R,117,R,120,R,2441,R,893,R,1548,R,2,R,2,Z,0,R,2029,R,807,R,1222,R,74,R,23,R,51,R,181,R,70,R,111,R,2,R,2,Z,0,R,0.0,R,5060.0,2025
225520,2,2,1,R,5060,R,1957,R,3103,R,34,R,13,R,21,R,60,R,30,R,30,R,237,R,117,R,120,R,2441,R,893,R,1548,R,2,R,2,Z,0,R,2029,R,807,R,1222,R,74,R,23,R,51,R,181,R,70,R,111,R,2,R,2,Z,0,R,0.0,R,5060.0,2025
225520,3,-2,1,R,2179,R,609,R,1570,R,16,R,4,R,12,R,22,R,12,R,10,R,106,R,48,R,58,R,1066,R,249,R,817,R,2,R,2,Z,0,R,883,R,269,R,614,R,49,R,14,R,35,R,35,R,11,R,24,Z,0,Z,0,Z,0,A,,A,,2025
225520,4,-2,1,R,915,R,279,R,636,R,8,R,2,R,6,R,7,R,4,R,3,R,36,R,16,R,20,R,458,R,121,R,337,R,1,R,1,Z,0,R,364,R,122,R,242,R,17,R,5,R,12,R,24,R,8,R,16,Z,0,Z,0,Z,0,A,,A,,2025
225520,5,-2,1,R,1264,R,330,R,934,R,8,R,2,R,6,R,15,R,8,R,7,R,70,R,32,R,38,R,608,R,128,R,480,R,1,R,1,Z,0,R,519,R,147,R,372,R,32,R,9,R,23,R,11,R,3,R,8,Z,0,Z,0,Z,0,A,,A,,2025
225520,11,-2,1,R,2881,R,1348,R,1533,R,18,R,9,R,9,R,38,R,18,R,20,R,131,R,69,R,62,R,1375,R,644,R,731,Z,0,Z,0,Z,0,R,1146,R,538,R,608,R,25,R,9,R,16,R,146,R,59,R,87,R,2,R,2,Z,0,A,,A,,2025
225520,19,-2,1,R,554,R,154,R,400,R,5,R,2,R,3,R,9,R,3,R,6,R,46,R,19,R,27,R,213,R,46,R,167,Z,0,Z,0,Z,0,R,264,R,80,R,184,R,9,R,2,R,7,R,8,R,2,R,6,Z,0,Z,0,Z,0,A,,A,,2025
225520,20,-2,1,R,710,R,176,R,534,R,3,Z,0,R,3,R,6,R,5,R,1,R,24,R,13,R,11,R,395,R,82,R,313,R,1,R,1,Z,0,R,255,R,67,R,188,R,23,R,7,R,16,R,3,R,1,R,2,Z,0,Z,0,Z,0,A,,A,,2025
225520,21,-2,999,R,1188,R,372,R,816,R,8,R,3,R,5,R,11,R,6,R,5,R,57,R,22,R,35,R,557,R,147,R,410,R,1,R,1,Z,0,R,500,R,176,R,324,R,24,R,7,R,17,R,30,R,10,R,20,Z,0,Z,0,Z,0,A,,A,,2025
225520,22,-2,1,R,1188,R,372,R,816,R,8,R,3,R,5,R,11,R,6,R,5,R,57,R,22,R,35,R,557,R,147,R,410,R,1,R,1,Z,0,R,500,R,176,R,324,R,24,R,7,R,17,R,30,R,10,R,20,Z,0,Z,0,Z,0,A,,A,,2025
225520,23,-2,1,R,1080,R,334,R,746,R,7,R,3,R,4,R,7,R,4,R,3,R,55,R,22,R,33,R,519,R,132,R,387,R,1,R,1,Z,0,R,445,R,158,R,287,R,24,R,7,R,17,R,22,R,7,R,15,Z,0,Z,0,Z,0,A,,A,,2025
225520,24,-2,1,R,553,R,186,R,367,R,2,R,1,R,1,R,5,R,3,R,2,R,23,R,11,R,12,R,281,R,85,R,196,R,1,R,1,Z,0,R,216,R,77,R,139,R,9,R,3,R,6,R,16,R,5,R,11,Z,0,Z,0,Z,0,A,,A,,2025
225520,25,-2,1,R,527,R,148,R,379,R,5,R,2,R,3,R,2,R,1,R,1,R,32,R,11,R,21,R,238,R,47,R,191,Z,0,Z,0,Z,0,R,229,R,81,R,148,R,15,R,4,R,11,R,6,R,2,R,4,Z,0,Z,0,Z,0,A,,A,,2025
225520,31,-2,1,R,108,R,38,R,70,R,1,Z,0,R,1,R,4,R,2,R,2,R,2,Z,0,R,2,R,38,R,15,R,23,Z,0,Z,0,Z,0,R,55,R,18,R,37,Z,0,Z,0,Z,0,R,8,R,3,R,5,Z,0,Z,0,Z,0,A,,A,,2025
225520,39,-2,1,R,216,R,67,R,149,R,3,R,2,R,1,Z,0,Z,0,Z,0,R,23,R,8,R,15,R,78,R,14,R,64,Z,0,Z,0,Z,0,R,102,R,40,R,62,R,6,R,1,R,5,R,4,R,2,R,2,Z,0,Z,0,Z,0,A,,A,,2025
225520,40,-2,1,R,311,R,81,R,230,R,2,Z,0,R,2,R,2,R,1,R,1,R,9,R,3,R,6,R,160,R,33,R,127,Z,0,Z,0,Z,0,R,127,R,41,R,86,R,9,R,3,R,6,R,2,Z,0,R,2,Z,0,Z,0,Z,0,A,,A,,2025
225520,41,-2,999,R,3872,R,1585,R,2287,R,26,R,10,R,16,R,49,R,24,R,25,R,180,R,95,R,85,R,1884,R,746,R,1138,R,1,R,1,Z,0,R,1529,R,631,R,898,R,50,R,16,R,34,R,151,R,60,R,91,R,2,R,2,Z,0,A,,A,,2025
225520,42,-2,1,R,3872,R,1585,R,2287,R,26,R,10,R,16,R,49,R,24,R,25,R,180,R,95,R,85,R,1884,R,746,R,1138,R,1,R,1,Z,0,R,1529,R,631,R,898,R,50,R,16,R,34,R,151,R,60,R,91,R,2,R,2,Z,0,A,,A,,2025
225520,43,-2,1,R,1099,R,275,R,824,R,9,R,1,R,8,R,15,R,8,R,7,R,51,R,26,R,25,R,547,R,117,R,430,R,1,R,1,Z,0,R,438,R,111,R,327,R,25,R,7,R,18,R,13,R,4,R,9,Z,0,Z,0,Z,0,A,,A,,2025
225520,44,-2,1,R,362,R,93,R,269,R,6,R,1,R,5,R,2,R,1,R,1,R,13,R,5,R,8,R,177,R,36,R,141,Z,0,Z,0,Z,0,R,148,R,45,R,103,R,8,R,2,R,6,R,8,R,3,R,5,Z,0,Z,0,Z,0,A,,A,,2025
225520,45,-2,1,R,737,R,182,R,555,R,3,Z,0,R,3,R,13,R,7,R,6,R,38,R,21,R,17,R,370,R,81,R,289,R,1,R,1,Z,0,R,290,R,66,R,224,R,17,R,5,R,12,R,5,R,1,R,4,Z,0,Z,0,Z,0,A,,A,,2025
225520,51,-2,1,R,2773,R,1310,R,1463,R,17,R,9,R,8,R,34,R,16,R,18,R,129,R,69,R,60,R,1337,R,629,R,708,Z,0,Z,0,Z,0,R,1091,R,520,R,571,R,25,R,9,R,16,R,138,R,56,R,82,R,2,R,2,Z,0,A,,A,,2025
225520,59,-2,1,R,338,R,87,R,251,R,2,Z,0,R,2,R,9,R,3,R,6,R,23,R,11,R,12,R,135,R,32,R,103,Z,0,Z,0,Z,0,R,162,R,40,R,122,R,3,R,1,R,2,R,4,Z,0,R,4,Z,0,Z,0,Z,0,A,,A,,2025
225520,60,-2,1,R,399,R,95,R,304,R,1,Z,0,R,1,R,4,R,4,Z,0,R,15,R,10,R,5,R,235,R,49,R,186,R,1,R,1,Z,0,R,128,R,26,R,102,R,14,R,4,R,10,R,1,R,1,Z,0,Z,0,Z,0,Z,0,A,,A,,2025
226019,1,1,999,R,9616,R,3914,R,5702,R,46,R,18,R,28,R,126,R,55,R,71,R,1941,R,840,R,1101,R,2798,R,1128,R,1670,R,18,R,9,R,9,R,3970,R,1593,R,2377,R,356,R,122,R,234,R,284,R,116,R,168,R,77,R,33,R,44,R,0.0,R,9616.0,2025
226019,2,2,1,R,9616,R,3914,R,5702,R,46,R,18,R,28,R,126,R,55,R,71,R,1941,R,840,R,1101,R,2798,R,1128,R,1670,R,18,R,9,R,9,R,3970,R,1593,R,2377,R,356,R,122,R,234,R,284,R,116,R,168,R,77,R,33,R,44,R,0.0,R,9616.0,2025
226019,3,-2,1,R,4394,R,1685,R,2709,R,23,R,8,R,15,R,32,R,15,R,17,R,995,R,421,R,574,R,1041,R,400,R,641,R,6,R,3,R,3,R,1973,R,725,R,1248,R,166,R,49,R,117,R,90,R,33,R,57,R,68,R,31,R,37,A,,A,,2025
226019,4,-2,1,R,1201,R,534,R,667,R,3,R,1,R,2,R,4,R,2,R,2,R,239,R,136,R,103,R,333,R,139,R,194,R,4,R,2,R,2,R,516,R,210,R,306,R,52,R,19,R,33,R,26,R,11,R,15,R,24,R,14,R,10,A,,A,,2025
226019,5,-2,1,R,3193,R,1151,R,2042,R,20,R,7,R,13,R,28,R,13,R,15,R,756,R,285,R,471,R,708,R,261,R,447,R,2,R,1,R,1,R,1457,R,515,R,942,R,114,R,30,R,84,R,64,R,22,R,42,R,44,R,17,R,27,A,,A,,2025
226019,11,-2,1,R,5222,R,2229,R,2993,R,23,R,10,R,13,R,94,R,40,R,54,R,946,R,419,R,527,R,1757,R,728,R,1029,R,12,R,6,R,6,R,1997,R,868,R,1129,R,190,R,73,R,117,R,194,R,83,R,111,R,9,R,2,R,7,A,,A,,2025
226019,19,-2,1,R,416,R,186,R,230,R,4,R,2,R,2,R,4,R,3,R,1,R,145,R,77,R,68,R,58,R,29,R,29,R,1,R,1,R,0,R,175,R,67,R,108,R,15,R,2,R,13,R,9,R,3,R,6,R,5,R,2,R,3,A,,A,,2025
226019,20,-2,1,R,2777,R,965,R,1812,R,16,R,5,R,11,R,24,R,10,R,14,R,611,R,208,R,403,R,650,R,232,R,418,R,1,R,0,R,1,R,1282,R,448,R,834,R,99,R,28,R,71,R,55,R,19,R,36,R,39,R,15,R,24,A,,A,,2025
226019,21,-2,999,R,2465,R,1019,R,1446,R,12,R,5,R,7,R,17,R,7,R,10,R,521,R,260,R,261,R,590,R,248,R,342,R,5,R,3,R,2,R,1118,R,421,R,697,R,106,R,30,R,76,R,54,R,20,R,34,R,42,R,25,R,17,A,,A,,2025
226019,22,-2,1,R,2465,R,1019,R,1446,R,12,R,5,R,7,R,17,R,7,R,10,R,521,R,260,R,261,R,590,R,248,R,342,R,5,R,3,R,2,R,1118,R,421,R,697,R,106,R,30,R,76,R,54,R,20,R,34,R,42,R,25,R,17,A,,A,,2025
226019,23,-2,1,R,2278,R,969,R,1309,R,12,R,5,R,7,R,13,R,5,R,8,R,490,R,252,R,238,R,536,R,231,R,305,R,5,R,3,R,2,R,1037,R,399,R,638,R,97,R,29,R,68,R,46,R,20,R,26,R,42,R,25,R,17,A,,A,,2025
226019,24,-2,1,R,879,R,420,R,459,R,2,R,0,R,2,R,2,R,1,R,1,R,155,R,97,R,58,R,248,R,111,R,137,R,3,R,2,R,1,R,394,R,170,R,224,R,35,R,16,R,19,R,19,R,9,R,10,R,21,R,14,R,7,A,,A,,2025
226019,25,-2,1,R,1399,R,549,R,850,R,10,R,5,R,5,R,11,R,4,R,7,R,335,R,155,R,180,R,288,R,120,R,168,R,2,R,1,R,1,R,643,R,229,R,414,R,62,R,13,R,49,R,27,R,11,R,16,R,21,R,11,R,10,A,,A,,2025
226019,31,-2,1,R,187,R,50,R,137,Z,0,Z,0,Z,0,R,4,R,2,R,2,R,31,R,8,R,23,R,54,R,17,R,37,Z,0,Z,0,Z,0,R,81,R,22,R,59,R,9,R,1,R,8,R,8,Z,0,R,8,Z,0,Z,0,Z,0,A,,A,,2025
226019,39,-2,1,R,226,R,116,R,110,R,3,R,2,R,1,R,2,R,1,R,1,R,89,R,54,R,35,R,24,R,13,R,11,R,1,R,1,R,0,R,88,R,39,R,49,R,12,R,2,R,10,R,4,R,2,R,2,R,3,R,2,R,1,A,,A,,2025
226019,40,-2,1,R,1173,R,433,R,740,R,7,R,3,R,4,R,9,R,3,R,6,R,246,R,101,R,145,R,264,R,107,R,157,R,1,R,0,R,1,R,555,R,190,R,365,R,50,R,11,R,39,R,23,R,9,R,14,R,18,R,9,R,9,A,,A,,2025
226019,41,-2,999,R,7151,R,2895,R,4256,R,34,R,13,R,21,R,109,R,48,R,61,R,1420,R,580,R,840,R,2208,R,880,R,1328,R,13,R,6,R,7,R,2852,R,1172,R,1680,R,250,R,92,R,158,R,230,R,96,R,134,R,35,R,8,R,27,A,,A,,2025
226019,42,-2,1,R,7151,R,2895,R,4256,R,34,R,13,R,21,R,109,R,48,R,61,R,1420,R,580,R,840,R,2208,R,880,R,1328,R,13,R,6,R,7,R,2852,R,1172,R,1680,R,250,R,92,R,158,R,230,R,96,R,134,R,35,R,8,R,27,A,,A,,2025
226019,43,-2,1,R,2116,R,716,R,1400,R,11,R,3,R,8,R,19,R,10,R,9,R,505,R,169,R,336,R,505,R,169,R,336,R,1,Z,0,R,1,R,936,R,326,R,610,R,69,R,20,R,49,R,44,R,13,R,31,R,26,R,6,R,20,A,,A,,2025
226019,44,-2,1,R,322,R,114,R,208,R,1,R,1,Z,0,R,2,R,1,R,1,R,84,R,39,R,45,R,85,R,28,R,57,R,1,Z,0,R,1,R,122,R,40,R,82,R,17,R,3,R,14,R,7,R,2,R,5,R,3,Z,0,R,3,A,,A,,2025
226019,45,-2,1,R,1794,R,602,R,1192,R,10,R,2,R,8,R,17,R,9,R,8,R,421,R,130,R,291,R,420,R,141,R,279,R,0,Z,0,R,0,R,814,R,286,R,528,R,52,R,17,R,35,R,37,R,11,R,26,R,23,R,6,R,17,A,,A,,2025
226019,51,-2,1,R,5035,R,2179,R,2856,R,23,R,10,R,13,R,90,R,38,R,52,R,915,R,411,R,504,R,1703,R,711,R,992,R,12,R,6,R,6,R,1916,R,846,R,1070,R,181,R,72,R,109,R,186,R,83,R,103,R,9,R,2,R,7,A,,A,,2025
226019,59,-2,1,R,190,R,70,R,120,R,1,Z,0,R,1,R,2,R,2,Z,0,R,56,R,23,R,33,R,34,R,16,R,18,Z,0,Z,0,Z,0,R,87,R,28,R,59,R,3,Z,0,R,3,R,5,R,1,R,4,R,2,Z,0,R,2,A,,A,,2025
226019,60,-2,1,R,1604,R,532,R,1072,R,9,R,2,R,7,R,15,R,7,R,8,R,365,R,107,R,258,R,386,R,125,R,261,R,0,Z,0,R,0,R,727,R,258,R,469,R,49,R,17,R,32,R,32,R,10,R,22,R,21,R,6,R,15,A,,A,,2025
226091,1,1,999,R,23572,R,7951,R,15621,R,68,R,25,R,43,R,797,R,359,R,438,R,6303,R,1662,R,4641,R,5220,R,1636,R,3584,R,15,R,5,R,10,R,8478,R,2755,R,5723,R,729,R,228,R,501,R,449,R,179,R,270,R,1513,R,1102,R,411,R,0.0,R,23572.0,2025
226091,2,2,1,R,9701,R,3931,R,5770,R,39,R,23,R,16,R,456,R,242,R,214,R,2593,R,854,R,1739,R,2332,R,955,R,1377,R,11,R,4,R,7,R,3608,R,1576,R,2032,R,376,R,145,R,231,R,192,R,82,R,110,R,94,R,50,R,44,R,0.0,R,9701.0,2025
226091,3,-2,1,R,9597,R,3886,R,5711,R,39,R,23,R,16,R,450,R,237,R,213,R,2579,R,851,R,1728,R,2319,R,952,R,1367,R,11,R,4,R,7,R,3553,R,1549,R,2004,R,372,R,144,R,228,R,189,R,80,R,109,R,85,R,46,R,39,A,,A,,2025
226091,4,-2,1,R,1830,R,766,R,1064,R,18,R,9,R,9,R,79,R,37,R,42,R,567,R,204,R,363,R,421,R,179,R,242,R,3,R,0,R,3,R,594,R,270,R,324,R,74,R,32,R,42,R,49,R,23,R,26,R,25,R,12,R,13,A,,A,,2025
226091,5,-2,1,R,7767,R,3120,R,4647,R,21,R,14,R,7,R,371,R,200,R,171,R,2012,R,647,R,1365,R,1898,R,773,R,1125,R,8,R,4,R,4,R,2959,R,1279,R,1680,R,298,R,112,R,186,R,140,R,57,R,83,R,60,R,34,R,26,A,,A,,2025
226091,11,-2,1,R,104,R,45,R,59,R,0,R,0,R,0,R,6,R,5,R,1,R,14,R,3,R,11,R,13,R,3,R,10,R,0,R,0,R,0,R,55,R,27,R,28,R,4,R,1,R,3,R,3,R,2,R,1,R,9,R,4,R,5,A,,A,,2025
226091,12,4,3,R,13871,R,4020,R,9851,R,29,R,2,R,27,R,341,R,117,R,224,R,3710,R,808,R,2902,R,2888,R,681,R,2207,R,4,R,1,R,3,R,4870,R,1179,R,3691,R,353,R,83,R,270,R,257,R,97,R,160,R,1419,R,1052,R,367,R,0.0,R,13871.0,2025
226091,19,-2,1,R,1396,R,517,R,879,R,7,R,4,R,3,R,40,R,17,R,23,R,411,R,132,R,279,R,364,R,132,R,232,R,3,R,1,R,2,R,483,R,201,R,282,R,58,R,16,R,42,R,15,R,8,R,7,R,15,R,6,R,9,A,,A,,2025
226091,20,-2,1,R,6371,R,2603,R,3768,R,14,R,10,R,4,R,331,R,183,R,148,R,1601,R,515,R,1086,R,1534,R,641,R,893,R,5,R,3,R,2,R,2476,R,1078,R,1398,R,240,R,96,R,144,R,125,R,49,R,76,R,45,R,28,R,17,A,,A,,2025
226091,21,-2,999,R,13802,R,4922,R,8880,R,48,R,20,R,28,R,462,R,219,R,243,R,3715,R,1025,R,2690,R,2939,R,959,R,1980,R,11,R,3,R,8,R,4737,R,1570,R,3167,R,442,R,148,R,294,R,264,R,107,R,157,R,1184,R,871,R,313,A,,A,,2025
226091,22,-2,1,R,6942,R,2773,R,4169,R,32,R,18,R,14,R,335,R,177,R,158,R,1914,R,629,R,1285,R,1585,R,640,R,945,R,9,R,3,R,6,R,2558,R,1084,R,1474,R,274,R,108,R,166,R,151,R,65,R,86,R,84,R,49,R,35,A,,A,,2025
226091,23,-2,1,R,6932,R,2769,R,4163,R,32,R,18,R,14,R,334,R,176,R,158,R,1914,R,629,R,1285,R,1585,R,640,R,945,R,9,R,3,R,6,R,2557,R,1084,R,1473,R,274,R,108,R,166,R,151,R,65,R,86,R,76,R,46,R,30,A,,A,,2025
226091,24,-2,1,R,1624,R,661,R,963,R,18,R,9,R,9,R,76,R,36,R,40,R,501,R,169,R,332,R,367,R,153,R,214,R,3,R,0,R,3,R,530,R,236,R,294,R,61,R,25,R,36,R,47,R,21,R,26,R,21,R,12,R,9,A,,A,,2025
226091,25,-2,1,R,5308,R,2108,R,3200,R,14,R,9,R,5,R,258,R,140,R,118,R,1413,R,460,R,953,R,1218,R,487,R,731,R,6,R,3,R,3,R,2027,R,848,R,1179,R,213,R,83,R,130,R,104,R,44,R,60,R,55,R,34,R,21,A,,A,,2025
226091,31,-2,1,R,10,R,4,R,6,Z,0,Z,0,Z,0,R,1,R,1,Z,0,Z,0,Z,0,Z,0,Z,0,Z,0,Z,0,Z,0,Z,0,Z,0,R,1,Z,0,R,1,Z,0,Z,0,Z,0,Z,0,Z,0,Z,0,R,8,R,3,R,5,A,,A,,2025
226091,32,-2,3,R,6860,R,2149,R,4711,R,16,R,2,R,14,R,127,R,42,R,85,R,1801,R,396,R,1405,R,1354,R,319,R,1035,R,2,R,0,R,2,R,2179,R,486,R,1693,R,168,R,40,R,128,R,113,R,42,R,71,R,1100,R,822,R,278,A,,A,,2025
226091,39,-2,1,R,770,R,273,R,497,R,5,R,2,R,3,R,19,R,8,R,11,R,231,R,72,R,159,R,183,R,62,R,121,R,1,R,0,R,1,R,270,R,108,R,162,R,38,R,10,R,28,R,11,R,5,R,6,R,12,R,6,R,6,A,,A,,2025
226091,40,-2,1,R,4538,R,1835,R,2703,R,9,R,7,R,2,R,239,R,132,R,107,R,1182,R,388,R,794,R,1035,R,425,R,610,R,5,R,3,R,2,R,1757,R,740,R,1017,R,175,R,73,R,102,R,93,R,39,R,54,R,43,R,28,R,15,A,,A,,2025
226091,41,-2,999,R,9770,R,3029,R,6741,R,20,R,5,R,15,R,335,R,140,R,195,R,2588,R,637,R,1951,R,2281,R,677,R,1604,R,4,R,2,R,2,R,3741,R,1185,R,2556,R,287,R,80,R,207,R,185,R,72,R,113,R,329,R,231,R,98,A,,A,,2025
226091,42,-2,1,R,2759,R,1158,R,1601,R,7,R,5,R,2,R,121,R,65,R,56,R,679,R,225,R,454,R,747,R,315,R,432,R,2,R,1,R,1,R,1050,R,492,R,558,R,102,R,37,R,65,R,41,R,17,R,24,R,10,R,1,R,9,A,,A,,2025
226091,43,-2,1,R,2665,R,1117,R,1548,R,7,R,5,R,2,R,116,R,61,R,55,R,665,R,222,R,443,R,734,R,312,R,422,R,2,R,1,R,1,R,996,R,465,R,531,R,98,R,36,R,62,R,38,R,15,R,23,R,9,R,0,R,9,A,,A,,2025
226091,44,-2,1,R,206,R,105,R,101,R,0,R,0,R,0,R,3,R,1,R,2,R,66,R,35,R,31,R,54,R,26,R,28,R,0,R,0,R,0,R,64,R,34,R,30,R,13,R,7,R,6,R,2,R,2,R,0,R,4,R,0,R,4,A,,A,,2025
226091,45,-2,1,R,2459,R,1012,R,1447,R,7,R,5,R,2,R,113,R,60,R,53,R,599,R,187,R,412,R,680,R,286,R,394,R,2,R,1,R,1,R,932,R,431,R,501,R,85,R,29,R,56,R,36,R,13,R,23,R,5,R,0,R,5,A,,A,,2025
226091,51,-2,1,R,94,R,41,R,53,R,0,R,0,R,0,R,5,R,4,R,1,R,14,R,3,R,11,R,13,R,3,R,10,R,0,R,0,R,0,R,54,R,27,R,27,R,4,R,1,R,3,R,3,R,2,R,1,R,1,R,1,R,0,A,,A,,2025
226091,52,-2,3,R,7011,R,1871,R,5140,R,13,R,0,R,13,R,214,R,75,R,139,R,1909,R,412,R,1497,R,1534,R,362,R,1172,R,2,R,1,R,1,R,2691,R,693,R,1998,R,185,R,43,R,142,R,144,R,55,R,89,R,319,R,230,R,89,A,,A,,2025
226091,59,-2,1,R,626,R,244,R,382,R,2,R,2,R,0,R,21,R,9,R,12,R,180,R,60,R,120,R,181,R,70,R,111,R,2,R,1,R,1,R,213,R,93,R,120,R,20,R,6,R,14,R,4,R,3,R,1,R,3,R,0,R,3,A,,A,,2025
226091,60,-2,1,R,1833,R,768,R,1065,R,5,R,3,R,2,R,92,R,51,R,41,R,419,R,127,R,292,R,499,R,216,R,283,R,0,R,0,R,0,R,719,R,338,R,381,R,65,R,23,R,42,R,32,R,10,R,22,R,2,R,0,R,2,A,,A,,2025
226107,1,1,999,R,4562,R,1557,R,3005,R,38,R,21,R,17,R,58,R,24,R,34,R,752,R,145,R,607,R,742,R,211,R,531,R,2,R,1,R,1,R,2673,R,1023,R,1650,R,95,R,28,R,67,R,201,R,103,R,98,R,1,R,1,Z,0,R,0.0,R,4562.0,2025
226107,2,2,1,R,4562,R,1557,R,3005,R,38,R,21,R,17,R,58,R,24,R,34,R,752,R,145,R,607,R,742,R,211,R,531,R,2,R,1,R,1,R,2673,R,1023,R,1650,R,95,R,28,R,67,R,201,R,103,R,98,R,1,R,1,Z,0,R,0.0,R,4562.0,2025
226107,3,-2,1,R,1984,R,536,R,1448,R,8,R,4,R,4,R,22,R,9,R,13,R,496,R,63,R,433,R,232,R,78,R,154,R,1,Z,0,R,1,R,1158,R,366,R,792,R,50,R,11,R,39,R,16,R,4,R,12,R,1,R,1,Z,0,A,,A,,2025
226107,4,-2,1,R,441,R,153,R,288,R,1,R,1,Z,0,R,5,R,4,R,1,R,75,R,18,R,57,R,66,R,27,R,39,Z,0,Z,0,Z,0,R,275,R,97,R,178,R,14,R,5,R,9,R,5,R,1,R,4,Z,0,Z,0,Z,0,A,,A,,2025
226107,5,-2,1,R,1543,R,383,R,1160,R,7,R,3,R,4,R,17,R,5,R,12,R,421,R,45,R,376,R,166,R,51,R,115,R,1,Z,0,R,1,R,883,R,269,R,614,R,36,R,6,R,30,R,11,R,3,R,8,R,1,R,1,Z,0,A,,A,,2025
226107,11,-2,1,R,2578,R,1021,R,1557,R,30,R,17,R,13,R,36,R,15,R,21,R,256,R,82,R,174,R,510,R,133,R,377,R,1,R,1,Z,0,R,1515,R,657,R,858,R,45,R,17,R,28,R,185,R,99,R,86,Z,0,Z,0,Z,0,A,,A,,2025
226107,19,-2,1,R,328,R,71,R,257,R,1,Z,0,R,1,R,4,R,3,R,1,R,126,R,14,R,112,R,40,R,10,R,30,Z,0,Z,0,Z,0,R,139,R,41,R,98,R,10,R,2,R,8,R,8,R,1,R,7,Z,0,Z,0,Z,0,A,,A,,2025
226107,20,-2,1,R,1215,R,312,R,903,R,6,R,3,R,3,R,13,R,2,R,11,R,295,R,31,R,264,R,126,R,41,R,85,R,1,Z,0,R,1,R,744,R,228,R,516,R,26,R,4,R,22,R,3,R,2,R,1,R,1,R,1,Z,0,A,,A,,2025
226107,21,-2,999,R,1322,R,412,R,910,R,7,R,4,R,3,R,14,R,5,R,9,R,299,R,54,R,245,R,149,R,58,R,91,R,1,Z,0,R,1,R,801,R,278,R,523,R,37,R,10,R,27,R,13,R,2,R,11,R,1,R,1,Z,0,A,,A,,2025
226107,22,-2,1,R,1322,R,412,R,910,R,7,R,4,R,3,R,14,R,5,R,9,R,299,R,54,R,245,R,149,R,58,R,91,R,1,Z,0,R,1,R,801,R,278,R,523,R,37,R,10,R,27,R,13,R,2,R,11,R,1,R,1,Z,0,A,,A,,2025
226107,23,-2,1,R,1135,R,352,R,783,R,6,R,4,R,2,R,12,R,5,R,7,R,266,R,45,R,221,R,128,R,49,R,79,R,1,Z,0,R,1,R,683,R,239,R,444,R,33,R,9,R,24,R,5,Z,0,R,5,R,1,R,1,Z,0,A,,A,,2025
226107,24,-2,1,R,313,R,115,R,198,R,1,R,1,Z,0,R,3,R,2,R,1,R,49,R,13,R,36,R,49,R,22,R,27,Z,0,Z,0,Z,0,R,200,R,73,R,127,R,10,R,4,R,6,R,1,Z,0,R,1,Z,0,Z,0,Z,0,A,,A,,2025
226107,25,-2,1,R,822,R,237,R,585,R,5,R,3,R,2,R,9,R,3,R,6,R,217,R,32,R,185,R,79,R,27,R,52,R,1,Z,0,R,1,R,483,R,166,R,317,R,23,R,5,R,18,R,4,Z,0,R,4,R,1,R,1,Z,0,A,,A,,2025
226107,31,-2,1,R,187,R,60,R,127,R,1,Z,0,R,1,R,2,Z,0,R,2,R,33,R,9,R,24,R,21,R,9,R,12,Z,0,Z,0,Z,0,R,118,R,39,R,79,R,4,R,1,R,3,R,8,R,2,R,6,Z,0,Z,0,Z,0,A,,A,,2025
226107,39,-2,1,R,183,R,45,R,138,Z,0,Z,0,Z,0,R,2,R,2,Z,0,R,71,R,8,R,63,R,21,R,5,R,16,Z,0,Z,0,Z,0,R,78,R,29,R,49,R,7,R,1,R,6,R,4,Z,0,R,4,Z,0,Z,0,Z,0,A,,A,,2025
226107,40,-2,1,R,639,R,192,R,447,R,5,R,3,R,2,R,7,R,1,R,6,R,146,R,24,R,122,R,58,R,22,R,36,R,1,Z,0,R,1,R,405,R,137,R,268,R,16,R,4,R,12,Z,0,Z,0,Z,0,R,1,R,1,Z,0,A,,A,,2025
226107,41,-2,999,R,3240,R,1145,R,2095,R,31,R,17,R,14,R,44,R,19,R,25,R,453,R,91,R,362,R,593,R,153,R,440,R,1,R,1,Z,0,R,1872,R,745,R,1127,R,58,R,18,R,40,R,188,R,101,R,87,Z,0,Z,0,Z,0,A,,A,,2025
226107,42,-2,1,R,3240,R,1145,R,2095,R,31,R,17,R,14,R,44,R,19,R,25,R,453,R,91,R,362,R,593,R,153,R,440,R,1,R,1,Z,0,R,1872,R,745,R,1127,R,58,R,18,R,40,R,188,R,101,R,87,Z,0,Z,0,Z,0,A,,A,,2025
226107,43,-2,1,R,849,R,184,R,665,R,2,Z,0,R,2,R,10,R,4,R,6,R,230,R,18,R,212,R,104,R,29,R,75,Z,0,Z,0,Z,0,R,475,R,127,R,348,R,17,R,2,R,15,R,11,R,4,R,7,Z,0,Z,0,Z,0,A,,A,,2025
226107,44,-2,1,R,128,R,38,R,90,Z,0,Z,0,Z,0,R,2,R,2,Z,0,R,26,R,5,R,21,R,17,R,5,R,12,Z,0,Z,0,Z,0,R,75,R,24,R,51,R,4,R,1,R,3,R,4,R,1,R,3,Z,0,Z,0,Z,0,A,,A,,2025
226107,45,-2,1,R,721,R,146,R,575,R,2,Z,0,R,2,R,8,R,2,R,6,R,204,R,13,R,191,R,87,R,24,R,63,Z,0,Z,0,Z,0,R,400,R,103,R,297,R,13,R,1,R,12,R,7,R,3,R,4,Z,0,Z,0,Z,0,A,,A,,2025
226107,51,-2,1,R,2391,R,961,R,1430,R,29,R,17,R,12,R,34,R,15,R,19,R,223,R,73,R,150,R,489,R,124,R,365,R,1,R,1,Z,0,R,1397,R,618,R,779,R,41,R,16,R,25,R,177,R,97,R,80,Z,0,Z,0,Z,0,A,,A,,2025
226107,59,-2,1,R,145,R,26,R,119,R,1,Z,0,R,1,R,2,R,1,R,1,R,55,R,6,R,49,R,19,R,5,R,14,Z,0,Z,0,Z,0,R,61,R,12,R,49,R,3,R,1,R,2,R,4,R,1,R,3,Z,0,Z,0,Z,0,A,,A,,2025
226107,60,-2,1,R,576,R,120,R,456,R,1,Z,0,R,1,R,6,R,1,R,5,R,149,R,7,R,142,R,68,R,19,R,49,Z,0,Z,0,Z,0,R,339,R,91,R,248,R,10,Z,0,R,10,R,3,R,2,R,1,Z,0,Z,0,Z,0,A,,A,,2025
226116,1,1,999,R,5829,R,2490,R,3339,R,40,R,20,R,20,R,169,R,81,R,88,R,1294,R,469,R,825,R,2500,R,1111,R,1389,R,1,R,0,R,1,R,1332,R,556,R,776,R,24,R,5,R,19,R,466,R,247,R,219,R,3,R,1,R,2,R,0.0,R,5829.0,2025
226116,2,2,1,R,5829,R,2490,R,3339,R,40,R,20,R,20,R,169,R,81,R,88,R,1294,R,469,R,825,R,2500,R,1111,R,1389,R,1,R,0,R,1,R,1332,R,556,R,776,R,24,R,5,R,19,R,466,R,247,R,219,R,3,R,1,R,2,R,0.0,R,5829.0,2025
226116,3,-2,1,R,2065,R,713,R,1352,R,8,R,2,R,6,R,60,R,26,R,34,R,704,R,211,R,493,R,684,R,271,R,413,R,1,R,0,R,1,R,549,R,179,R,370,R,19,R,5,R,14,R,37,R,18,R,19,R,3,R,1,R,2,A,,A,,2025
226116,4,-2,1,R,594,R,265,R,329,R,3,R,1,R,2,R,16,R,9,R,7,R,171,R,76,R,95,R,235,R,114,R,121,R,1,R,0,R,1,R,146,R,55,R,91,R,3,R,1,R,2,R,19,R,9,R,10,R,0,R,0,R,0,A,,A,,2025
226116,5,-2,1,R,1471,R,448,R,1023,R,5,R,1,R,4,R,44,R,17,R,27,R,533,R,135,R,398,R,449,R,157,R,292,R,0,R,0,R,0,R,403,R,124,R,279,R,16,R,4,R,12,R,18,R,9,R,9,R,3,R,1,R,2,A,,A,,2025
226116,11,-2,1,R,3764,R,1777,R,1987,R,32,R,18,R,14,R,109,R,55,R,54,R,590,R,258,R,332,R,1816,R,840,R,976,R,0,R,0,R,0,R,783,R,377,R,406,R,5,R,0,R,5,R,429,R,229,R,200,R,0,R,0,R,0,A,,A,,2025
226116,19,-2,1,R,421,R,110,R,311,R,2,R,0,R,2,R,15,R,6,R,9,R,170,R,46,R,124,R,77,R,24,R,53,R,0,R,0,R,0,R,144,R,31,R,113,R,3,R,0,R,3,R,8,R,2,R,6,R,2,R,1,R,1,A,,A,,2025
226116,20,-2,1,R,1050,R,338,R,712,R,3,R,1,R,2,R,29,R,11,R,18,R,363,R,89,R,274,R,372,R,133,R,239,R,0,R,0,R,0,R,259,R,93,R,166,R,13,R,4,R,9,R,10,R,7,R,3,R,1,R,0,R,1,A,,A,,2025
226116,21,-2,999,R,972,R,410,R,562,R,5,R,1,R,4,R,26,R,16,R,10,R,261,R,101,R,160,R,452,R,205,R,247,R,0,R,0,R,0,R,198,R,78,R,120,R,6,R,0,R,6,R,22,R,8,R,14,R,2,R,1,R,1,A,,A,,2025
226116,22,-2,1,R,972,R,410,R,562,R,5,R,1,R,4,R,26,R,16,R,10,R,261,R,101,R,160,R,452,R,205,R,247,R,0,R,0,R,0,R,198,R,78,R,120,R,6,R,0,R,6,R,22,R,8,R,14,R,2,R,1,R,1,A,,A,,2025
226116,23,-2,1,R,749,R,325,R,424,R,5,R,1,R,4,R,21,R,14,R,7,R,232,R,90,R,142,R,278,R,138,R,140,R,0,R,0,R,0,R,189,R,74,R,115,R,5,R,0,R,5,R,17,R,7,R,10,R,2,R,1,R,1,A,,A,,2025
226116,24,-2,1,R,353,R,183,R,170,R,3,R,1,R,2,R,10,R,8,R,2,R,87,R,49,R,38,R,152,R,79,R,73,R,0,R,0,R,0,R,92,R,42,R,50,R,1,R,0,R,1,R,8,R,4,R,4,R,0,R,0,R,0,A,,A,,2025
226116,25,-2,1,R,396,R,142,R,254,R,2,R,0,R,2,R,11,R,6,R,5,R,145,R,41,R,104,R,126,R,59,R,67,R,0,R,0,R,0,R,97,R,32,R,65,R,4,R,0,R,4,R,9,R,3,R,6,R,2,R,1,R,1,A,,A,,2025
226116,31,-2,1,R,223,R,85,R,138,R,0,R,0,R,0,R,5,R,2,R,3,R,29,R,11,R,18,R,174,R,67,R,107,R,0,R,0,R,0,R,9,R,4,R,5,R,1,R,0,R,1,R,5,R,1,R,4,R,0,R,0,R,0,A,,A,,2025
226116,39,-2,1,R,134,R,51,R,83,R,1,R,0,R,1,R,3,R,1,R,2,R,63,R,25,R,38,R,21,R,12,R,9,R,0,R,0,R,0,R,41,R,12,R,29,R,1,R,0,R,1,R,3,R,0,R,3,R,1,R,1,R,0,A,,A,,2025
226116,40,-2,1,R,262,R,91,R,171,R,1,R,0,R,1,R,8,R,5,R,3,R,82,R,16,R,66,R,105,R,47,R,58,R,0,R,0,R,0,R,56,R,20,R,36,R,3,R,0,R,3,R,6,R,3,R,3,R,1,R,0,R,1,A,,A,,2025
226116,41,-2,999,R,4857,R,2080,R,2777,R,35,R,19,R,16,R,143,R,65,R,78,R,1033,R,368,R,665,R,2048,R,906,R,1142,R,1,R,0,R,1,R,1134,R,478,R,656,R,18,R,5,R,13,R,444,R,239,R,205,R,1,R,0,R,1,A,,A,,2025
226116,42,-2,1,R,4857,R,2080,R,2777,R,35,R,19,R,16,R,143,R,65,R,78,R,1033,R,368,R,665,R,2048,R,906,R,1142,R,1,R,0,R,1,R,1134,R,478,R,656,R,18,R,5,R,13,R,444,R,239,R,205,R,1,R,0,R,1,A,,A,,2025
226116,43,-2,1,R,1316,R,388,R,928,R,3,R,1,R,2,R,39,R,12,R,27,R,472,R,121,R,351,R,406,R,133,R,273,R,1,R,0,R,1,R,360,R,105,R,255,R,14,R,5,R,9,R,20,R,11,R,9,R,1,R,0,R,1,A,,A,,2025
226116,44,-2,1,R,241,R,82,R,159,R,0,R,0,R,0,R,6,R,1,R,5,R,84,R,27,R,57,R,83,R,35,R,48,R,1,R,0,R,1,R,54,R,13,R,41,R,2,R,1,R,1,R,11,R,5,R,6,R,0,R,0,R,0,A,,A,,2025
226116,45,-2,1,R,1075,R,306,R,769,R,3,R,1,R,2,R,33,R,11,R,22,R,388,R,94,R,294,R,323,R,98,R,225,R,0,R,0,R,0,R,306,R,92,R,214,R,12,R,4,R,8,R,9,R,6,R,3,R,1,R,0,R,1,A,,A,,2025
226116,51,-2,1,R,3541,R,1692,R,1849,R,32,R,18,R,14,R,104,R,53,R,51,R,561,R,247,R,314,R,1642,R,773,R,869,R,0,R,0,R,0,R,774,R,373,R,401,R,4,R,0,R,4,R,424,R,228,R,196,R,0,R,0,R,0,A,,A,,2025
226116,59,-2,1,R,287,R,59,R,228,R,1,R,0,R,1,R,12,R,5,R,7,R,107,R,21,R,86,R,56,R,12,R,44,R,0,R,0,R,0,R,103,R,19,R,84,R,2,R,0,R,2,R,5,R,2,R,3,R,1,R,0,R,1,A,,A,,2025
226116,60,-2,1,R,788,R,247,R,541,R,2,R,1,R,1,R,21,R,6,R,15,R,281,R,73,R,208,R,267,R,86,R,181,R,0,R,0,R,0,R,203,R,73,R,130,R,10,R,4,R,6,R,4,R,4,R,0,R,0,R,0,R,0,A,,A,,2025
226134,1,1,999,R,13849,R,5874,R,7975,R,5,R,2,R,3,R,36,R,14,R,22,R,12,R,6,R,6,R,13153,R,5540,R,7613,R,0,R,0,R,0,R,479,R,236,R,243,R,1,R,1,R,0,R,151,R,71,R,80,R,12,R,4,R,8,R,0.0,R,13849.0,2025
226134,2,2,1,R,13849,R,5874,R,7975,R,5,R,2,R,3,R,36,R,14,R,22,R,12,R,6,R,6,R,13153,R,5540,R,7613,R,0,R,0,R,0,R,479,R,236,R,243,R,1,R,1,R,0,R,151,R,71,R,80,R,12,R,4,R,8,R,0.0,R,13849.0,2025
226134,3,-2,1,R,6289,R,2541,R,3748,R,2,R,1,R,1,R,13,R,7,R,6,R,6,R,2,R,4,R,6031,R,2416,R,3615,R,0,R,0,R,0,R,163,R,86,R,77,R,1,R,1,R,0,R,64,R,25,R,39,R,9,R,3,R,6,A,,A,,2025
226134,4,-2,1,R,1684,R,761,R,923,R,0,R,0,R,0,R,2,R,1,R,1,R,1,R,0,R,1,R,1594,R,714,R,880,R,0,R,0,R,0,R,78,R,42,R,36,R,0,R,0,R,0,R,8,R,3,R,5,R,1,R,1,R,0,A,,A,,2025
226134,5,-2,1,R,4605,R,1780,R,2825,R,2,R,1,R,1,R,11,R,6,R,5,R,5,R,2,R,3,R,4437,R,1702,R,2735,R,0,R,0,R,0,R,85,R,44,R,41,R,1,R,1,R,0,R,56,R,22,R,34,R,8,R,2,R,6,A,,A,,2025
226134,11,-2,1,R,7560,R,3333,R,4227,R,3,R,1,R,2,R,23,R,7,R,16,R,6,R,4,R,2,R,7122,R,3124,R,3998,R,0,R,0,R,0,R,316,R,150,R,166,R,0,R,0,R,0,R,87,R,46,R,41,R,3,R,1,R,2,A,,A,,2025
226134,19,-2,1,R,477,R,166,R,311,R,0,R,0,R,0,R,1,R,0,R,1,R,1,R,0,R,1,R,456,R,156,R,300,R,0,R,0,R,0,R,14,R,8,R,6,R,1,R,1,R,0,R,0,R,0,R,0,R,4,R,1,R,3,A,,A,,2025
226134,20,-2,1,R,4128,R,1614,R,2514,R,2,R,1,R,1,R,10,R,6,R,4,R,4,R,2,R,2,R,3981,R,1546,R,2435,R,0,R,0,R,0,R,71,R,36,R,35,R,0,R,0,R,0,R,56,R,22,R,34,R,4,R,1,R,3,A,,A,,2025
226134,21,-2,999,R,4625,R,1995,R,2630,R,1,R,1,R,0,R,9,R,5,R,4,R,6,R,2,R,4,R,4417,R,1890,R,2527,R,0,R,0,R,0,R,125,R,70,R,55,R,0,R,0,R,0,R,60,R,25,R,35,R,7,R,2,R,5,A,,A,,2025
226134,22,-2,1,R,4625,R,1995,R,2630,R,1,R,1,R,0,R,9,R,5,R,4,R,6,R,2,R,4,R,4417,R,1890,R,2527,R,0,R,0,R,0,R,125,R,70,R,55,R,0,R,0,R,0,R,60,R,25,R,35,R,7,R,2,R,5,A,,A,,2025
226134,23,-2,1,R,3156,R,1336,R,1820,R,1,R,1,R,0,R,5,R,4,R,1,R,4,R,1,R,3,R,3013,R,1261,R,1752,R,0,R,0,R,0,R,90,R,51,R,39,R,0,R,0,R,0,R,37,R,16,R,21,R,6,R,2,R,4,A,,A,,2025
226134,24,-2,1,R,1183,R,516,R,667,R,0,R,0,R,0,R,1,R,1,R,0,R,1,R,0,R,1,R,1117,R,480,R,637,R,0,R,0,R,0,R,57,R,32,R,25,R,0,R,0,R,0,R,6,R,2,R,4,R,1,R,1,R,0,A,,A,,2025
226134,25,-2,1,R,1973,R,820,R,1153,R,1,R,1,R,0,R,4,R,3,R,1,R,3,R,1,R,2,R,1896,R,781,R,1115,R,0,R,0,R,0,R,33,R,19,R,14,R,0,R,0,R,0,R,31,R,14,R,17,R,5,R,1,R,4,A,,A,,2025
226134,31,-2,1,R,1469,R,659,R,810,R,0,R,0,R,0,R,4,R,1,R,3,R,2,R,1,R,1,R,1404,R,629,R,775,R,0,R,0,R,0,R,35,R,19,R,16,R,0,R,0,R,0,R,23,R,9,R,14,R,1,R,0,R,1,A,,A,,2025
226134,39,-2,1,R,137,R,52,R,85,R,0,R,0,R,0,R,0,R,0,R,0,R,0,R,0,R,0,R,132,R,50,R,82,R,0,R,0,R,0,R,2,R,1,R,1,R,0,R,0,R,0,R,0,R,0,R,0,R,3,R,1,R,2,A,,A,,2025
226134,40,-2,1,R,1836,R,768,R,1068,R,1,R,1,R,0,R,4,R,3,R,1,R,3,R,1,R,2,R,1764,R,731,R,1033,R,0,R,0,R,0,R,31,R,18,R,13,R,0,R,0,R,0,R,31,R,14,R,17,R,2,R,0,R,2,A,,A,,2025
226134,41,-2,999,R,9224,R,3879,R,5345,R,4,R,1,R,3,R,27,R,9,R,18,R,6,R,4,R,2,R,8736,R,3650,R,5086,R,0,R,0,R,0,R,354,R,166,R,188,R,1,R,1,R,0,R,91,R,46,R,45,R,5,R,2,R,3,A,,A,,2025
226134,42,-2,1,R,9224,R,3879,R,5345,R,4,R,1,R,3,R,27,R,9,R,18,R,6,R,4,R,2,R,8736,R,3650,R,5086,R,0,R,0,R,0,R,354,R,166,R,188,R,1,R,1,R,0,R,91,R,46,R,45,R,5,R,2,R,3,A,,A,,2025
226134,43,-2,1,R,3133,R,1205,R,1928,R,1,R,0,R,1,R,8,R,3,R,5,R,2,R,1,R,1,R,3018,R,1155,R,1863,R,0,R,0,R,0,R,73,R,35,R,38,R,1,R,1,R,0,R,27,R,9,R,18,R,3,R,1,R,2,A,,A,,2025
226134,44,-2,1,R,501,R,245,R,256,R,0,R,0,R,0,R,1,R,0,R,1,R,0,R,0,R,0,R,477,R,234,R,243,R,0,R,0,R,0,R,21,R,10,R,11,R,0,R,0,R,0,R,2,R,1,R,1,R,0,R,0,R,0,A,,A,,2025
226134,45,-2,1,R,2632,R,960,R,1672,R,1,R,0,R,1,R,7,R,3,R,4,R,2,R,1,R,1,R,2541,R,921,R,1620,R,0,R,0,R,0,R,52,R,25,R,27,R,1,R,1,R,0,R,25,R,8,R,17,R,3,R,1,R,2,A,,A,,2025
226134,51,-2,1,R,6091,R,2674,R,3417,R,3,R,1,R,2,R,19,R,6,R,13,R,4,R,3,R,1,R,5718,R,2495,R,3223,R,0,R,0,R,0,R,281,R,131,R,150,R,0,R,0,R,0,R,64,R,37,R,27,R,2,R,1,R,1,A,,A,,2025
226134,59,-2,1,R,340,R,114,R,226,R,0,R,0,R,0,R,1,R,0,R,1,R,1,R,0,R,1,R,324,R,106,R,218,R,0,R,0,R,0,R,12,R,7,R,5,R,1,R,1,R,0,R,0,R,0,R,0,R,1,R,0,R,1,A,,A,,2025
226134,60,-2,1,R,2292,R,846,R,1446,R,1,R,0,R,1,R,6,R,3,R,3,R,1,R,1,R,0,R,2217,R,815,R,1402,R,0,R,0,R,0,R,40,R,18,R,22,R,0,R,0,R,0,R,25,R,8,R,17,R,2,R,1,R,1,A,,A,,2025
226152,1,1,999,R,10204,R,3791,R,6413,R,7,R,0,R,7,R,102,R,40,R,62,R,212,R,63,R,149,R,8551,R,3231,R,5320,R,0,R,0,R,0,R,627,R,173,R,454,R,44,R,12,R,32,R,172,R,61,R,111,R,489,R,211,R,278,R,0.0,R,10204.0,2025
226152,2,2,1,R,7853,R,3155,R,4698,R,4,R,0,R,4,R,28,R,14,R,14,R,39,R,21,R,18,R,7106,R,2834,R,4272,R,0,R,0,R,0,R,135,R,57,R,78,R,14,R,6,R,8,R,122,R,48,R,74,R,405,R,175,R,230,R,0.0,R,7853.0,2025
226152,3,-2,1,R,7261,R,2923,R,4338,R,4,R,0,R,4,R,25,R,12,R,13,R,38,R,20,R,18,R,6683,R,2669,R,4014,R,0,R,0,R,0,R,127,R,54,R,73,R,14,R,6,R,8,R,12,R,4,R,8,R,358,R,158,R,200,A,,A,,2025
226152,4,-2,1,R,1392,R,576,R,816,R,0,R,0,R,0,R,4,R,1,R,3,R,4,R,2,R,2,R,1286,R,528,R,758,R,0,R,0,R,0,R,9,R,4,R,5,R,0,R,0,R,0,R,0,R,0,R,0,R,89,R,41,R,48,A,,A,,2025
226152,5,-2,1,R,5869,R,2347,R,3522,R,4,R,0,R,4,R,21,R,11,R,10,R,34,R,18,R,16,R,5397,R,2141,R,3256,R,0,R,0,R,0,R,118,R,50,R,68,R,14,R,6,R,8,R,12,R,4,R,8,R,269,R,117,R,152,A,,A,,2025
226152,11,-2,1,R,592,R,232,R,360,R,0,R,0,R,0,R,3,R,2,R,1,R,1,R,1,R,0,R,423,R,165,R,258,R,0,R,0,R,0,R,8,R,3,R,5,R,0,R,0,R,0,R,110,R,44,R,66,R,47,R,17,R,30,A,,A,,2025
226152,12,4,3,R,2351,R,636,R,1715,R,3,R,0,R,3,R,74,R,26,R,48,R,173,R,42,R,131,R,1445,R,397,R,1048,R,0,R,0,R,0,R,492,R,116,R,376,R,30,R,6,R,24,R,50,R,13,R,37,R,84,R,36,R,48,R,0.0,R,2351.0,2025
226152,19,-2,1,R,798,R,314,R,484,R,2,R,0,R,2,R,3,R,1,R,2,R,15,R,8,R,7,R,697,R,270,R,427,R,0,R,0,R,0,R,30,R,7,R,23,R,7,R,2,R,5,R,6,R,2,R,4,R,38,R,24,R,14,A,,A,,2025
226152,20,-2,1,R,5071,R,2033,R,3038,R,2,R,0,R,2,R,18,R,10,R,8,R,19,R,10,R,9,R,4700,R,1871,R,2829,R,0,R,0,R,0,R,88,R,43,R,45,R,7,R,4,R,3,R,6,R,2,R,4,R,231,R,93,R,138,A,,A,,2025
226152,21,-2,999,R,6690,R,2620,R,4070,R,4,R,0,R,4,R,40,R,18,R,22,R,90,R,30,R,60,R,5920,R,2334,R,3586,R,0,R,0,R,0,R,222,R,57,R,165,R,20,R,5,R,15,R,25,R,10,R,15,R,369,R,166,R,203,A,,A,,2025
226152,22,-2,1,R,6075,R,2490,R,3585,R,2,R,0,R,2,R,24,R,11,R,13,R,33,R,18,R,15,R,5561,R,2255,R,3306,R,0,R,0,R,0,R,93,R,45,R,48,R,8,R,3,R,5,R,10,R,4,R,6,R,344,R,154,R,190,A,,A,,2025
226152,23,-2,1,R,5891,R,2421,R,3470,R,2,R,0,R,2,R,22,R,10,R,12,R,33,R,18,R,15,R,5408,R,2197,R,3211,R,0,R,0,R,0,R,91,R,44,R,47,R,8,R,3,R,5,R,8,R,3,R,5,R,319,R,146,R,173,A,,A,,2025
226152,24,-2,1,R,1371,R,566,R,805,R,0,R,0,R,0,R,4,R,1,R,3,R,4,R,2,R,2,R,1265,R,518,R,747,R,0,R,0,R,0,R,9,R,4,R,5,R,0,R,0,R,0,R,0,Z,0,R,0,R,89,R,41,R,48,A,,A,,2025
226152,25,-2,1,R,4520,R,1855,R,2665,R,2,R,0,R,2,R,18,R,9,R,9,R,29,R,16,R,13,R,4143,R,1679,R,2464,R,0,R,0,R,0,R,82,R,40,R,42,R,8,R,3,R,5,R,8,R,3,R,5,R,230,R,105,R,125,A,,A,,2025
226152,31,-2,1,R,184,R,69,R,115,R,0,R,0,R,0,R,2,R,1,R,1,R,0,R,0,R,0,R,153,R,58,R,95,R,0,R,0,R,0,R,2,R,1,R,1,R,0,R,0,R,0,R,2,R,1,R,1,R,25,R,8,R,17,A,,A,,2025
226152,32,-2,3,R,615,R,130,R,485,R,2,R,0,R,2,R,16,R,7,R,9,R,57,R,12,R,45,R,359,R,79,R,280,R,0,R,0,R,0,R,129,R,12,R,117,R,12,R,2,R,10,R,15,R,6,R,9,R,25,R,12,R,13,A,,A,,2025
226152,39,-2,1,R,596,R,247,R,349,R,1,R,0,R,1,R,2,R,0,R,2,R,13,R,6,R,7,R,520,R,212,R,308,R,0,R,0,R,0,R,21,R,6,R,15,R,5,R,2,R,3,R,3,R,1,R,2,R,31,R,20,R,11,A,,A,,2025
226152,40,-2,1,R,3924,R,1608,R,2316,R,1,R,0,R,1,R,16,R,9,R,7,R,16,R,10,R,6,R,3623,R,1467,R,2156,R,0,R,0,R,0,R,61,R,34,R,27,R,3,R,1,R,2,R,5,R,2,R,3,R,199,R,85,R,114,A,,A,,2025
226152,41,-2,999,R,3514,R,1171,R,2343,R,3,R,0,R,3,R,62,R,22,R,40,R,122,R,33,R,89,R,2631,R,897,R,1734,R,0,R,0,R,0,R,405,R,116,R,289,R,24,R,7,R,17,R,147,R,51,R,96,R,120,R,45,R,75,A,,A,,2025
226152,42,-2,1,R,1778,R,665,R,1113,R,2,R,0,R,2,R,4,R,3,R,1,R,6,R,3,R,3,R,1545,R,579,R,966,R,0,R,0,R,0,R,42,R,12,R,30,R,6,R,3,R,3,R,112,R,44,R,68,R,61,R,21,R,40,A,,A,,2025
226152,43,-2,1,R,1370,R,502,R,868,R,2,R,0,R,2,R,3,R,2,R,1,R,5,R,2,R,3,R,1275,R,472,R,803,R,0,R,0,R,0,R,36,R,10,R,26,R,6,R,3,R,3,R,4,R,1,R,3,R,39,R,12,R,27,A,,A,,2025
226152,44,-2,1,R,21,R,10,R,11,R,0,R,0,R,0,R,0,R,0,R,0,R,0,R,0,R,0,R,21,R,10,R,11,R,0,R,0,R,0,R,0,R,0,R,0,R,0,R,0,R,0,R,0,R,0,R,0,R,0,R,0,R,0,A,,A,,2025
226152,45,-2,1,R,1349,R,492,R,857,R,2,R,0,R,2,R,3,R,2,R,1,R,5,R,2,R,3,R,1254,R,462,R,792,R,0,R,0,R,0,R,36,R,10,R,26,R,6,R,3,R,3,R,4,R,1,R,3,R,39,R,12,R,27,A,,A,,2025
226152,51,-2,1,R,408,R,163,R,245,R,0,R,0,R,0,R,1,R,1,R,0,R,1,R,1,R,0,R,270,R,107,R,163,R,0,R,0,R,0,R,6,R,2,R,4,R,0,R,0,R,0,R,108,R,43,R,65,R,22,R,9,R,13,A,,A,,2025
226152,52,-2,3,R,1736,R,506,R,1230,R,1,R,0,R,1,R,58,R,19,R,39,R,116,R,30,R,86,R,1086,R,318,R,768,R,0,R,0,R,0,R,363,R,104,R,259,R,18,R,4,R,14,R,35,R,7,R,28,R,59,R,24,R,35,A,,A,,2025
226152,59,-2,1,R,202,R,67,R,135,R,1,R,0,R,1,R,1,R,1,R,0,R,2,R,2,R,0,R,177,R,58,R,119,R,0,R,0,R,0,R,9,R,1,R,8,R,2,R,0,R,2,R,3,R,1,R,2,R,7,R,4,R,3,A,,A,,2025
226152,60,-2,1,R,1147,R,425,R,722,R,1,R,0,R,1,R,2,R,1,R,1,R,3,R,0,R,3,R,1077,R,404,R,673,R,0,R,0,R,0,R,27,R,9,R,18,R,4,R,3,R,1,R,1,R,0,R,1,R,32,R,8,R,24,A,,A,,2025
226204,1,1,999,R,11470,R,5889,R,5581,R,35,R,14,R,21,R,191,R,85,R,106,R,1731,R,1008,R,723,R,5428,R,2647,R,2781,R,0,R,0,R,0,R,3296,R,1749,R,1547,R,292,R,141,R,151,R,436,R,207,R,229,R,61,R,38,R,23,R,0.0,R,11470.0,2025
226204,2,2,1,R,11470,R,5889,R,5581,R,35,R,14,R,21,R,191,R,85,R,106,R,1731,R,1008,R,723,R,5428,R,2647,R,2781,R,0,R,0,R,0,R,3296,R,1749,R,1547,R,292,R,141,R,151,R,436,R,207,R,229,R,61,R,38,R,23,R,0.0,R,11470.0,2025
226204,3,-2,1,R,7487,R,4259,R,3228,R,21,R,9,R,12,R,99,R,41,R,58,R,1402,R,895,R,507,R,3344,R,1775,R,1569,R,0,R,0,R,0,R,2237,R,1320,R,917,R,189,R,103,R,86,R,136,R,78,R,58,R,59,R,38,R,21,A,,A,,2025
226204,4,-2,1,R,1837,R,1082,R,755,R,7,R,2,R,5,R,21,R,10,R,11,R,304,R,228,R,76,R,876,R,478,R,398,R,0,R,0,R,0,R,506,R,294,R,212,R,56,R,27,R,29,R,49,R,29,R,20,R,18,R,14,R,4,A,,A,,2025
226204,5,-2,1,R,5650,R,3177,R,2473,R,14,R,7,R,7,R,78,R,31,R,47,R,1098,R,667,R,431,R,2468,R,1297,R,1171,R,0,R,0,R,0,R,1731,R,1026,R,705,R,133,R,76,R,57,R,87,R,49,R,38,R,41,R,24,R,17,A,,A,,2025
226204,11,-2,1,R,3983,R,1630,R,2353,R,14,R,5,R,9,R,92,R,44,R,48,R,329,R,113,R,216,R,2084,R,872,R,1212,R,0,R,0,R,0,R,1059,R,429,R,630,R,103,R,38,R,65,R,300,R,129,R,171,R,2,R,0,R,2,A,,A,,2025
226204,19,-2,1,R,351,R,174,R,177,R,1,R,1,R,0,R,5,R,3,R,2,R,103,R,46,R,57,R,109,R,49,R,60,R,0,R,0,R,0,R,108,R,62,R,46,R,16,R,9,R,7,R,8,R,4,R,4,R,1,R,0,R,1,A,,A,,2025
226204,20,-2,1,R,5299,R,3003,R,2296,R,13,R,6,R,7,R,73,R,28,R,45,R,995,R,621,R,374,R,2359,R,1248,R,1111,R,0,R,0,R,0,R,1623,R,964,R,659,R,117,R,67,R,50,R,79,R,45,R,34,R,40,R,24,R,16,A,,A,,2025
226204,21,-2,999,R,4158,R,2276,R,1882,R,11,R,5,R,6,R,59,R,26,R,33,R,731,R,486,R,245,R,1829,R,917,R,912,R,0,R,0,R,0,R,1269,R,712,R,557,R,118,R,58,R,60,R,102,R,48,R,54,R,39,R,24,R,15,A,,A,,2025
226204,22,-2,1,R,4158,R,2276,R,1882,R,11,R,5,R,6,R,59,R,26,R,33,R,731,R,486,R,245,R,1829,R,917,R,912,R,0,R,0,R,0,R,1269,R,712,R,557,R,118,R,58,R,60,R,102,R,48,R,54,R,39,R,24,R,15,A,,A,,2025
226204,23,-2,1,R,3560,R,2053,R,1507,R,10,R,5,R,5,R,40,R,16,R,24,R,698,R,476,R,222,R,1498,R,787,R,711,R,0,R,0,R,0,R,1111,R,655,R,456,R,95,R,53,R,42,R,70,R,37,R,33,R,38,R,24,R,14,A,,A,,2025
226204,24,-2,1,R,1105,R,601,R,504,R,4,R,1,R,3,R,11,R,3,R,8,R,183,R,136,R,47,R,515,R,248,R,267,R,0,R,0,R,0,R,322,R,178,R,144,R,29,R,11,R,18,R,28,R,14,R,14,R,13,R,10,R,3,A,,A,,2025
226204,25,-2,1,R,2455,R,1452,R,1003,R,6,R,4,R,2,R,29,R,13,R,16,R,515,R,340,R,175,R,983,R,539,R,444,R,0,R,0,R,0,R,789,R,477,R,312,R,66,R,42,R,24,R,42,R,23,R,19,R,25,R,14,R,11,A,,A,,2025
226204,31,-2,1,R,598,R,223,R,375,R,1,R,0,R,1,R,19,R,10,R,9,R,33,R,10,R,23,R,331,R,130,R,201,R,0,R,0,R,0,R,158,R,57,R,101,R,23,R,5,R,18,R,32,R,11,R,21,R,1,R,0,R,1,A,,A,,2025
226204,39,-2,1,R,156,R,94,R,62,R,1,R,1,R,0,R,3,R,2,R,1,R,40,R,24,R,16,R,47,R,26,R,21,R,0,R,0,R,0,R,53,R,33,R,20,R,9,R,6,R,3,R,3,R,2,R,1,R,0,R,0,R,0,A,,A,,2025
226204,40,-2,1,R,2299,R,1358,R,941,R,5,R,3,R,2,R,26,R,11,R,15,R,475,R,316,R,159,R,936,R,513,R,423,R,0,R,0,R,0,R,736,R,444,R,292,R,57,R,36,R,21,R,39,R,21,R,18,R,25,R,14,R,11,A,,A,,2025
226204,41,-2,999,R,7312,R,3613,R,3699,R,24,R,9,R,15,R,132,R,59,R,73,R,1000,R,522,R,478,R,3599,R,1730,R,1869,R,0,R,0,R,0,R,2027,R,1037,R,990,R,174,R,83,R,91,R,334,R,159,R,175,R,22,R,14,R,8,A,,A,,2025
226204,42,-2,1,R,7312,R,3613,R,3699,R,24,R,9,R,15,R,132,R,59,R,73,R,1000,R,522,R,478,R,3599,R,1730,R,1869,R,0,R,0,R,0,R,2027,R,1037,R,990,R,174,R,83,R,91,R,334,R,159,R,175,R,22,R,14,R,8,A,,A,,2025
226204,43,-2,1,R,3927,R,2206,R,1721,R,11,R,4,R,7,R,59,R,25,R,34,R,704,R,419,R,285,R,1846,R,988,R,858,R,0,R,0,R,0,R,1126,R,665,R,461,R,94,R,50,R,44,R,66,R,41,R,25,R,21,R,14,R,7,A,,A,,2025
226204,44,-2,1,R,732,R,481,R,251,R,3,R,1,R,2,R,10,R,7,R,3,R,121,R,92,R,29,R,361,R,230,R,131,R,0,R,0,R,0,R,184,R,116,R,68,R,27,R,16,R,11,R,21,R,15,R,6,R,5,R,4,R,1,A,,A,,2025
226204,45,-2,1,R,3195,R,1725,R,1470,R,8,R,3,R,5,R,49,R,18,R,31,R,583,R,327,R,256,R,1485,R,758,R,727,R,0,R,0,R,0,R,942,R,549,R,393,R,67,R,34,R,33,R,45,R,26,R,19,R,16,R,10,R,6,A,,A,,2025
226204,51,-2,1,R,3385,R,1407,R,1978,R,13,R,5,R,8,R,73,R,34,R,39,R,296,R,103,R,193,R,1753,R,742,R,1011,R,0,R,0,R,0,R,901,R,372,R,529,R,80,R,33,R,47,R,268,R,118,R,150,R,1,R,0,R,1,A,,A,,2025
226204,59,-2,1,R,195,R,80,R,115,R,0,R,0,R,0,R,2,R,1,R,1,R,63,R,22,R,41,R,62,R,23,R,39,R,0,R,0,R,0,R,55,R,29,R,26,R,7,R,3,R,4,R,5,R,2,R,3,R,1,R,0,R,1,A,,A,,2025
226204,60,-2,1,R,3000,R,1645,R,1355,R,8,R,3,R,5,R,47,R,17,R,30,R,520,R,305,R,215,R,1423,R,735,R,688,R,0,R,0,R,0,R,887,R,520,R,367,R,60,R,31,R,29,R,40,R,24,R,16,R,15,R,10,R,5,A,,A,,2025
226408,1,1,999,R,7379,R,2721,R,4658,R,34,R,15,R,19,R,191,R,80,R,111,R,1174,R,381,R,793,R,2606,R,902,R,1704,R,1,R,1,Z,0,R,2484,R,1021,R,1463,R,248,R,101,R,147,R,632,R,216,R,416,R,9,R,4,R,5,R,0.0,R,7379.0,2025
226408,2,2,1,R,7379,R,2721,R,4658,R,34,R,15,R,19,R,191,R,80,R,111,R,1174,R,381,R,793,R,2606,R,902,R,1704,R,1,R,1,Z,0,R,2484,R,1021,R,1463,R,248,R,101,R,147,R,632,R,216,R,416,R,9,R,4,R,5,R,0.0,R,7379.0,2025
226408,3,-2,1,R,5337,R,1880,R,3457,R,22,R,9,R,13,R,118,R,45,R,73,R,968,R,314,R,654,R,1969,R,659,R,1310,R,1,R,1,Z,0,R,1642,R,645,R,997,R,164,R,68,R,96,R,444,R,135,R,309,R,9,R,4,R,5,A,,A,,2025
226408,4,-2,1,R,900,R,372,R,528,R,5,R,2,R,3,R,11,R,7,R,4,R,157,R,76,R,81,R,348,R,126,R,222,Z,0,Z,0,Z,0,R,277,R,128,R,149,R,22,R,10,R,12,R,80,R,23,R,57,Z,0,Z,0,Z,0,A,,A,,2025
226408,5,-2,1,R,4437,R,1508,R,2929,R,17,R,7,R,10,R,107,R,38,R,69,R,811,R,238,R,573,R,1621,R,533,R,1088,R,1,R,1,Z,0,R,1365,R,517,R,848,R,142,R,58,R,84,R,364,R,112,R,252,R,9,R,4,R,5,A,,A,,2025
226408,11,-2,1,R,2042,R,841,R,1201,R,12,R,6,R,6,R,73,R,35,R,38,R,206,R,67,R,139,R,637,R,243,R,394,Z,0,Z,0,Z,0,R,842,R,376,R,466,R,84,R,33,R,51,R,188,R,81,R,107,Z,0,Z,0,Z,0,A,,A,,2025
226408,19,-2,1,R,419,R,143,R,276,R,1,Z,0,R,1,R,19,R,7,R,12,R,83,R,26,R,57,R,127,R,40,R,87,Z,0,Z,0,Z,0,R,116,R,43,R,73,R,18,R,4,R,14,R,51,R,20,R,31,R,4,R,3,R,1,A,,A,,2025
226408,20,-2,1,R,4018,R,1365,R,2653,R,16,R,7,R,9,R,88,R,31,R,57,R,728,R,212,R,516,R,1494,R,493,R,1001,R,1,R,1,Z,0,R,1249,R,474,R,775,R,124,R,54,R,70,R,313,R,92,R,221,R,5,R,1,R,4,A,,A,,2025
226408,21,-2,999,R,2210,R,879,R,1331,R,10,R,6,R,4,R,48,R,20,R,28,R,305,R,115,R,190,R,845,R,306,R,539,Z,0,Z,0,Z,0,R,721,R,320,R,401,R,79,R,38,R,41,R,195,R,70,R,125,R,7,R,4,R,3,A,,A,,2025
226408,22,-2,1,R,2210,R,879,R,1331,R,10,R,6,R,4,R,48,R,20,R,28,R,305,R,115,R,190,R,845,R,306,R,539,Z,0,Z,0,Z,0,R,721,R,320,R,401,R,79,R,38,R,41,R,195,R,70,R,125,R,7,R,4,R,3,A,,A,,2025
226408,23,-2,1,R,1651,R,658,R,993,R,8,R,4,R,4,R,28,R,12,R,16,R,242,R,99,R,143,R,615,R,215,R,400,Z,0,Z,0,Z,0,R,544,R,243,R,301,R,56,R,29,R,27,R,151,R,52,R,99,R,7,R,4,R,3,A,,A,,2025
226408,24,-2,1,R,488,R,211,R,277,R,2,R,1,R,1,R,3,R,2,R,1,R,79,R,45,R,34,R,200,R,74,R,126,Z,0,Z,0,Z,0,R,150,R,69,R,81,R,11,R,6,R,5,R,43,R,14,R,29,Z,0,Z,0,Z,0,A,,A,,2025
226408,25,-2,1,R,1163,R,447,R,716,R,6,R,3,R,3,R,25,R,10,R,15,R,163,R,54,R,109,R,415,R,141,R,274,Z,0,Z,0,Z,0,R,394,R,174,R,220,R,45,R,23,R,22,R,108,R,38,R,70,R,7,R,4,R,3,A,,A,,2025
226408,31,-2,1,R,559,R,221,R,338,R,2,R,2,Z,0,R,20,R,8,R,12,R,63,R,16,R,47,R,230,R,91,R,139,Z,0,Z,0,Z,0,R,177,R,77,R,100,R,23,R,9,R,14,R,44,R,18,R,26,Z,0,Z,0,Z,0,A,,A,,2025
226408,39,-2,1,R,118,R,52,R,66,Z,0,Z,0,Z,0,R,2,R,1,R,1,R,16,R,8,R,8,R,39,R,14,R,25,Z,0,Z,0,Z,0,R,34,R,17,R,17,R,7,R,2,R,5,R,16,R,7,R,9,R,4,R,3,R,1,A,,A,,2025
226408,40,-2,1,R,1045,R,395,R,650,R,6,R,3,R,3,R,23,R,9,R,14,R,147,R,46,R,101,R,376,R,127,R,249,Z,0,Z,0,Z,0,R,360,R,157,R,203,R,38,R,21,R,17,R,92,R,31,R,61,R,3,R,1,R,2,A,,A,,2025
226408,41,-2,999,R,5169,R,1842,R,3327,R,24,R,9,R,15,R,143,R,60,R,83,R,869,R,266,R,603,R,1761,R,596,R,1165,R,1,R,1,Z,0,R,1763,R,701,R,1062,R,169,R,63,R,106,R,437,R,146,R,291,R,2,Z,0,R,2,A,,A,,2025
226408,42,-2,1,R,5169,R,1842,R,3327,R,24,R,9,R,15,R,143,R,60,R,83,R,869,R,266,R,603,R,1761,R,596,R,1165,R,1,R,1,Z,0,R,1763,R,701,R,1062,R,169,R,63,R,106,R,437,R,146,R,291,R,2,Z,0,R,2,A,,A,,2025
226408,43,-2,1,R,3686,R,1222,R,2464,R,14,R,5,R,9,R,90,R,33,R,57,R,726,R,215,R,511,R,1354,R,444,R,910,R,1,R,1,Z,0,R,1098,R,402,R,696,R,108,R,39,R,69,R,293,R,83,R,210,R,2,Z,0,R,2,A,,A,,2025
226408,44,-2,1,R,412,R,161,R,251,R,3,R,1,R,2,R,8,R,5,R,3,R,78,R,31,R,47,R,148,R,52,R,96,Z,0,Z,0,Z,0,R,127,R,59,R,68,R,11,R,4,R,7,R,37,R,9,R,28,Z,0,Z,0,Z,0,A,,A,,2025
226408,45,-2,1,R,3274,R,1061,R,2213,R,11,R,4,R,7,R,82,R,28,R,54,R,648,R,184,R,464,R,1206,R,392,R,814,R,1,R,1,Z,0,R,971,R,343,R,628,R,97,R,35,R,62,R,256,R,74,R,182,R,2,Z,0,R,2,A,,A,,2025
226408,51,-2,1,R,1483,R,620,R,863,R,10,R,4,R,6,R,53,R,27,R,26,R,143,R,51,R,92,R,407,R,152,R,255,Z,0,Z,0,Z,0,R,665,R,299,R,366,R,61,R,24,R,37,R,144,R,63,R,81,Z,0,Z,0,Z,0,A,,A,,2025
226408,59,-2,1,R,301,R,91,R,210,R,1,Z,0,R,1,R,17,R,6,R,11,R,67,R,18,R,49,R,88,R,26,R,62,Z,0,Z,0,Z,0,R,82,R,26,R,56,R,11,R,2,R,9,R,35,R,13,R,22,Z,0,Z,0,Z,0,A,,A,,2025
226408,60,-2,1,R,2973,R,970,R,2003,R,10,R,4,R,6,R,65,R,22,R,43,R,581,R,166,R,415,R,1118,R,366,R,752,R,1,R,1,Z,0,R,889,R,317,R,572,R,86,R,33,R,53,R,221,R,61,R,160,R,2,Z,0,R,2,A,,A,,2025
226578,1,1,999,R,12337,R,4077,R,8260,R,57,R,24,R,33,R,451,R,191,R,260,R,1568,R,422,R,1146,R,3940,R,1152,R,2788,R,17,R,6,R,11,R,5608,R,2060,R,3548,R,306,R,96,R,210,R,285,R,89,R,196,R,105,R,37,R,68,R,0.0,R,12337.0,2025
226578,2,2,1,R,12337,R,4077,R,8260,R,57,R,24,R,33,R,451,R,191,R,260,R,1568,R,422,R,1146,R,3940,R,1152,R,2788,R,17,R,6,R,11,R,5608,R,2060,R,3548,R,306,R,96,R,210,R,285,R,89,R,196,R,105,R,37,R,68,R,0.0,R,12337.0,2025
226578,3,-2,1,R,8418,R,2586,R,5832,R,32,R,14,R,18,R,262,R,116,R,146,R,1302,R,345,R,957,R,2897,R,769,R,2128,R,13,R,5,R,8,R,3466,R,1195,R,2271,R,205,R,60,R,145,R,218,R,67,R,151,R,23,R,15,R,8,A,,A,,2025
226578,4,-2,1,R,1604,R,552,R,1052,R,14,R,5,R,9,R,18,R,6,R,12,R,272,R,97,R,175,R,600,R,158,R,442,R,1,R,0,R,1,R,599,R,245,R,354,R,29,R,15,R,14,R,63,R,23,R,40,R,8,R,3,R,5,A,,A,,2025
226578,5,-2,1,R,6814,R,2034,R,4780,R,18,R,9,R,9,R,244,R,110,R,134,R,1030,R,248,R,782,R,2297,R,611,R,1686,R,12,R,5,R,7,R,2867,R,950,R,1917,R,176,R,45,R,131,R,155,R,44,R,111,R,15,R,12,R,3,A,,A,,2025
226578,11,-2,1,R,3919,R,1491,R,2428,R,25,R,10,R,15,R,189,R,75,R,114,R,266,R,77,R,189,R,1043,R,383,R,660,R,4,R,1,R,3,R,2142,R,865,R,1277,R,101,R,36,R,65,R,67,R,22,R,45,R,82,R,22,R,60,A,,A,,2025
226578,19,-2,1,R,1975,R,704,R,1271,R,7,R,6,R,1,R,168,R,70,R,98,R,254,R,79,R,175,R,444,R,134,R,310,R,4,R,1,R,3,R,1002,R,382,R,620,R,10,R,3,R,7,R,83,R,26,R,57,R,3,R,3,R,0,A,,A,,2025
226578,20,-2,1,R,4839,R,1330,R,3509,R,11,R,3,R,8,R,76,R,40,R,36,R,776,R,169,R,607,R,1853,R,477,R,1376,R,8,R,4,R,4,R,1865,R,568,R,1297,R,166,R,42,R,124,R,72,R,18,R,54,R,12,R,9,R,3,A,,A,,2025
226578,21,-2,999,R,3340,R,1131,R,2209,R,17,R,6,R,11,R,87,R,49,R,38,R,473,R,149,R,324,R,1200,R,332,R,868,R,6,R,3,R,3,R,1355,R,515,R,840,R,85,R,31,R,54,R,97,R,34,R,63,R,20,R,12,R,8,A,,A,,2025
226578,22,-2,1,R,3340,R,1131,R,2209,R,17,R,6,R,11,R,87,R,49,R,38,R,473,R,149,R,324,R,1200,R,332,R,868,R,6,R,3,R,3,R,1355,R,515,R,840,R,85,R,31,R,54,R,97,R,34,R,63,R,20,R,12,R,8,A,,A,,2025
226578,23,-2,1,R,3242,R,1085,R,2157,R,16,R,6,R,10,R,86,R,49,R,37,R,464,R,147,R,317,R,1170,R,316,R,854,R,6,R,3,R,3,R,1301,R,488,R,813,R,85,R,31,R,54,R,95,R,33,R,62,R,19,R,12,R,7,A,,A,,2025
226578,24,-2,1,R,997,R,359,R,638,R,8,R,4,R,4,R,9,R,4,R,5,R,133,R,54,R,79,R,381,R,93,R,288,R,0,R,0,R,0,R,400,R,176,R,224,R,19,R,11,R,8,R,40,R,15,R,25,R,7,R,2,R,5,A,,A,,2025
226578,25,-2,1,R,2245,R,726,R,1519,R,8,R,2,R,6,R,77,R,45,R,32,R,331,R,93,R,238,R,789,R,223,R,566,R,6,R,3,R,3,R,901,R,312,R,589,R,66,R,20,R,46,R,55,R,18,R,37,R,12,R,10,R,2,A,,A,,2025
226578,31,-2,1,R,98,R,46,R,52,R,1,R,0,R,1,R,1,R,0,R,1,R,9,R,2,R,7,R,30,R,16,R,14,R,0,R,0,R,0,R,54,R,27,R,27,R,0,R,0,R,0,R,2,R,1,R,1,R,1,R,0,R,1,A,,A,,2025
226578,39,-2,1,R,278,R,115,R,163,R,1,R,1,R,0,R,31,R,17,R,14,R,48,R,22,R,26,R,59,R,20,R,39,R,1,R,0,R,1,R,120,R,48,R,72,R,1,R,0,R,1,R,15,R,5,R,10,R,2,R,2,R,0,A,,A,,2025
226578,40,-2,1,R,1967,R,611,R,1356,R,7,R,1,R,6,R,46,R,28,R,18,R,283,R,71,R,212,R,730,R,203,R,527,R,5,R,3,R,2,R,781,R,264,R,517,R,65,R,20,R,45,R,40,R,13,R,27,R,10,R,8,R,2,A,,A,,2025
226578,41,-2,999,R,8997,R,2946,R,6051,R,40,R,18,R,22,R,364,R,142,R,222,R,1095,R,273,R,822,R,2740,R,820,R,1920,R,11,R,3,R,8,R,4253,R,1545,R,2708,R,221,R,65,R,156,R,188,R,55,R,133,R,85,R,25,R,60,A,,A,,2025
226578,42,-2,1,R,8997,R,2946,R,6051,R,40,R,18,R,22,R,364,R,142,R,222,R,1095,R,273,R,822,R,2740,R,820,R,1920,R,11,R,3,R,8,R,4253,R,1545,R,2708,R,221,R,65,R,156,R,188,R,55,R,133,R,85,R,25,R,60,A,,A,,2025
226578,43,-2,1,R,5176,R,1501,R,3675,R,16,R,8,R,8,R,176,R,67,R,109,R,838,R,198,R,640,R,1727,R,453,R,1274,R,7,R,2,R,5,R,2165,R,707,R,1458,R,120,R,29,R,91,R,123,R,34,R,89,R,4,R,3,R,1,A,,A,,2025
226578,44,-2,1,R,607,R,193,R,414,R,6,R,1,R,5,R,9,R,2,R,7,R,139,R,43,R,96,R,219,R,65,R,154,R,1,R,0,R,1,R,199,R,69,R,130,R,10,R,4,R,6,R,23,R,8,R,15,R,1,R,1,R,0,A,,A,,2025
226578,45,-2,1,R,4569,R,1308,R,3261,R,10,R,7,R,3,R,167,R,65,R,102,R,699,R,155,R,544,R,1508,R,388,R,1120,R,6,R,2,R,4,R,1966,R,638,R,1328,R,110,R,25,R,85,R,100,R,26,R,74,R,3,R,2,R,1,A,,A,,2025
226578,51,-2,1,R,3821,R,1445,R,2376,R,24,R,10,R,14,R,188,R,75,R,113,R,257,R,75,R,182,R,1013,R,367,R,646,R,4,R,1,R,3,R,2088,R,838,R,1250,R,101,R,36,R,65,R,65,R,21,R,44,R,81,R,22,R,59,A,,A,,2025
226578,59,-2,1,R,1697,R,589,R,1108,R,6,R,5,R,1,R,137,R,53,R,84,R,206,R,57,R,149,R,385,R,114,R,271,R,3,R,1,R,2,R,882,R,334,R,548,R,9,R,3,R,6,R,68,R,21,R,47,R,1,R,1,R,0,A,,A,,2025
226578,60,-2,1,R,2872,R,719,R,2153,R,4,R,2,R,2,R,30,R,12,R,18,R,493,R,98,R,395,R,1123,R,274,R,849,R,3,R,1,R,2,R,1084,R,304,R,780,R,101,R,22,R,79,R,32,R,5,R,27,R,2,R,1,R,1,A,,A,,2025
226806,1,1,999,R,8315,R,3277,R,5038,R,33,R,8,R,25,R,197,R,80,R,117,R,471,R,166,R,305,R,4368,R,1601,R,2767,R,5,R,2,R,3,R,2410,R,1081,R,1329,R,170,R,51,R,119,R,369,R,156,R,213,R,292,R,132,R,160,R,46.0,R,8269.0,2025
226806,2,2,1,R,8315,R,3277,R,5038,R,33,R,8,R,25,R,197,R,80,R,117,R,471,R,166,R,305,R,4368,R,1601,R,2767,R,5,R,2,R,3,R,2410,R,1081,R,1329,R,170,R,51,R,119,R,369,R,156,R,213,R,292,R,132,R,160,R,46.0,R,8269.0,2025
226806,3,-2,1,R,4541,R,1545,R,2996,R,22,R,4,R,18,R,59,R,25,R,34,R,317,R,96,R,221,R,2647,R,824,R,1823,R,0,R,0,R,0,R,1140,R,465,R,675,R,89,R,25,R,64,R,108,R,39,R,69,R,159,R,67,R,92,A,,A,,2025
226806,4,-2,1,R,1229,R,463,R,766,R,7,R,2,R,5,R,13,R,7,R,6,R,67,R,22,R,45,R,723,R,244,R,479,R,0,R,0,R,0,R,275,R,131,R,144,R,26,R,10,R,16,R,52,R,17,R,35,R,66,R,30,R,36,A,,A,,2025
226806,5,-2,1,R,3312,R,1082,R,2230,R,15,R,2,R,13,R,46,R,18,R,28,R,250,R,74,R,176,R,1924,R,580,R,1344,R,0,R,0,R,0,R,865,R,334,R,531,R,63,R,15,R,48,R,56,R,22,R,34,R,93,R,37,R,56,A,,A,,2025
226806,11,-2,1,R,3774,R,1732,R,2042,R,11,R,4,R,7,R,138,R,55,R,83,R,154,R,70,R,84,R,1721,R,777,R,944,R,5,R,2,R,3,R,1270,R,616,R,654,R,81,R,26,R,55,R,261,R,117,R,144,R,133,R,65,R,68,A,,A,,2025
226806,19,-2,1,R,502,R,160,R,342,R,4,R,2,R,2,R,6,R,3,R,3,R,43,R,18,R,25,R,248,R,67,R,181,R,0,R,0,R,0,R,166,R,55,R,111,R,12,R,4,R,8,R,8,R,1,R,7,R,15,R,10,R,5,A,,A,,2025
226806,20,-2,1,R,2810,R,922,R,1888,R,11,R,0,R,11,R,40,R,15,R,25,R,207,R,56,R,151,R,1676,R,513,R,1163,R,0,R,0,R,0,R,699,R,279,R,420,R,51,R,11,R,40,R,48,R,21,R,27,R,78,R,27,R,51,A,,A,,2025
226806,21,-2,999,R,2191,R,807,R,1384,R,14,R,2,R,12,R,46,R,21,R,25,R,163,R,58,R,105,R,1215,R,405,R,810,R,0,R,0,R,0,R,538,R,237,R,301,R,40,R,18,R,22,R,70,R,22,R,48,R,105,R,44,R,61,A,,A,,2025
226806,22,-2,1,R,2191,R,807,R,1384,R,14,R,2,R,12,R,46,R,21,R,25,R,163,R,58,R,105,R,1215,R,405,R,810,R,0,R,0,R,0,R,538,R,237,R,301,R,40,R,18,R,22,R,70,R,22,R,48,R,105,R,44,R,61,A,,A,,2025
226806,23,-2,1,R,1878,R,657,R,1221,R,13,R,2,R,11,R,33,R,11,R,22,R,142,R,48,R,94,R,1033,R,327,R,706,R,0,R,0,R,0,R,467,R,200,R,267,R,36,R,16,R,20,R,64,R,19,R,45,R,90,R,34,R,56,A,,A,,2025
226806,24,-2,1,R,742,R,267,R,475,R,6,R,1,R,5,R,8,R,4,R,4,R,43,R,16,R,27,R,423,R,132,R,291,R,0,R,0,R,0,R,163,R,78,R,85,R,16,R,8,R,8,R,41,R,12,R,29,R,42,R,16,R,26,A,,A,,2025
226806,25,-2,1,R,1136,R,390,R,746,R,7,R,1,R,6,R,25,R,7,R,18,R,99,R,32,R,67,R,610,R,195,R,415,R,0,R,0,Z,0,R,304,R,122,R,182,R,20,R,8,R,12,R,23,R,7,R,16,R,48,R,18,R,30,A,,A,,2025
226806,31,-2,1,R,313,R,150,R,163,R,1,R,0,R,1,R,13,R,10,R,3,R,21,R,10,R,11,R,182,R,78,R,104,R,0,R,0,Z,0,R,71,R,37,R,34,R,4,R,2,R,2,R,6,R,3,R,3,R,15,R,10,R,5,A,,A,,2025
226806,39,-2,1,R,202,R,86,R,116,R,2,R,1,R,1,R,3,R,2,R,1,R,19,R,11,R,8,R,93,R,29,R,64,R,0,R,0,Z,0,R,63,R,31,R,32,R,6,R,4,R,2,R,5,R,1,R,4,R,11,R,7,R,4,A,,A,,2025
226806,40,-2,1,R,934,R,304,R,630,R,5,R,0,R,5,R,22,R,5,R,17,R,80,R,21,R,59,R,517,R,166,R,351,R,0,R,0,Z,0,R,241,R,91,R,150,R,14,R,4,R,10,R,18,R,6,R,12,R,37,R,11,R,26,A,,A,,2025
226806,41,-2,999,R,6124,R,2470,R,3654,R,19,R,6,R,13,R,151,R,59,R,92,R,308,R,108,R,200,R,3153,R,1196,R,1957,R,5,R,2,R,3,R,1872,R,844,R,1028,R,130,R,33,R,97,R,299,R,134,R,165,R,187,R,88,R,99,A,,A,,2025
226806,42,-2,1,R,6124,R,2470,R,3654,R,19,R,6,R,13,R,151,R,59,R,92,R,308,R,108,R,200,R,3153,R,1196,R,1957,R,5,R,2,R,3,R,1872,R,844,R,1028,R,130,R,33,R,97,R,299,R,134,R,165,R,187,R,88,R,99,A,,A,,2025
226806,43,-2,1,R,2663,R,888,R,1775,R,9,R,2,R,7,R,26,R,14,R,12,R,175,R,48,R,127,R,1614,R,497,R,1117,R,0,R,0,R,0,R,673,R,265,R,408,R,53,R,9,R,44,R,44,R,20,R,24,R,69,R,33,R,36,A,,A,,2025
226806,44,-2,1,R,487,R,196,R,291,R,1,R,1,R,0,R,5,R,3,R,2,R,24,R,6,R,18,R,300,R,112,R,188,R,0,R,0,R,0,R,112,R,53,R,59,R,10,R,2,R,8,R,11,R,5,R,6,R,24,R,14,R,10,A,,A,,2025
226806,45,-2,1,R,2176,R,692,R,1484,R,8,R,1,R,7,R,21,R,11,R,10,R,151,R,42,R,109,R,1314,R,385,R,929,R,0,R,0,R,0,R,561,R,212,R,349,R,43,R,7,R,36,R,33,R,15,R,18,R,45,R,19,R,26,A,,A,,2025
226806,51,-2,1,R,3461,R,1582,R,1879,R,10,R,4,R,6,R,125,R,45,R,80,R,133,R,60,R,73,R,1539,R,699,R,840,R,5,R,2,R,3,R,1199,R,579,R,620,R,77,R,24,R,53,R,255,R,114,R,141,R,118,R,55,R,63,A,,A,,2025
226806,59,-2,1,R,300,R,74,R,226,R,2,R,1,R,1,R,3,R,1,R,2,R,24,R,7,R,17,R,155,R,38,R,117,R,0,R,0,R,0,R,103,R,24,R,79,R,6,R,0,R,6,R,3,R,0,R,3,R,4,R,3,R,1,A,,A,,2025
226806,60,-2,1,R,1876,R,618,R,1258,R,6,R,0,R,6,R,18,R,10,R,8,R,127,R,35,R,92,R,1159,R,347,R,812,R,0,R,0,R,0,R,458,R,188,R,270,R,37,R,7,R,30,R,30,R,15,R,15,R,41,R,16,R,25,A,,A,,2025
226833,1,1,999,R,6147,R,2198,R,3949,R,50,R,17,R,33,R,188,R,73,R,115,R,833,R,332,R,501,R,1472,R,498,R,974,R,9,R,8,R,1,R,2595,R,828,R,1767,R,271,R,100,R,171,R,158,R,59,R,99,R,571,R,283,R,288,R,23.0,R,6124.0,2025
226833,2,2,1,R,4903,R,1791,R,3112,R,40,R,15,R,25,R,154,R,59,R,95,R,696,R,286,R,410,R,1325,R,459,R,866,R,7,R,6,R,1,R,2019,R,687,R,1332,R,231,R,84,R,147,R,136,R,51,R,85,R,295,R,144,R,151,R,21.0,R,4882.0,2025
226833,3,-2,1,R,4619,R,1675,R,2944,R,39,R,15,R,24,R,145,R,55,R,90,R,676,R,272,R,404,R,1253,R,427,R,826,R,7,R,6,R,1,R,1876,R,632,R,1244,R,218,R,81,R,137,R,110,R,43,R,67,R,295,R,144,R,151,A,,A,,2025
226833,4,-2,1,R,1014,R,394,R,620,R,9,R,5,R,4,R,20,R,8,R,12,R,141,R,59,R,82,R,316,R,109,R,207,Z,0,Z,0,Z,0,R,357,R,124,R,233,R,48,R,17,R,31,R,35,R,18,R,17,R,88,R,54,R,34,A,,A,,2025
226833,5,-2,1,R,3605,R,1281,R,2324,R,30,R,10,R,20,R,125,R,47,R,78,R,535,R,213,R,322,R,937,R,318,R,619,R,7,R,6,R,1,R,1519,R,508,R,1011,R,170,R,64,R,106,R,75,R,25,R,50,R,207,R,90,R,117,A,,A,,2025
226833,11,-2,1,R,284,R,116,R,168,R,1,Z,0,R,1,R,9,R,4,R,5,R,20,R,14,R,6,R,72,R,32,R,40,Z,0,Z,0,Z,0,R,143,R,55,R,88,R,13,R,3,R,10,R,26,R,8,R,18,Z,0,Z,0,Z,0,A,,A,,2025
226833,12,4,3,R,1244,R,407,R,837,R,10,R,2,R,8,R,34,R,14,R,20,R,137,R,46,R,91,R,147,R,39,R,108,R,2,R,2,Z,0,R,576,R,141,R,435,R,40,R,16,R,24,R,22,R,8,R,14,R,276,R,139,R,137,R,2.0,R,1242.0,2025
226833,19,-2,1,R,650,R,217,R,433,R,1,Z,0,R,1,R,29,R,9,R,20,R,91,R,41,R,50,R,158,R,50,R,108,R,3,R,3,Z,0,R,278,R,76,R,202,R,31,R,15,R,16,R,12,R,3,R,9,R,47,R,20,R,27,A,,A,,2025
226833,20,-2,1,R,2955,R,1064,R,1891,R,29,R,10,R,19,R,96,R,38,R,58,R,444,R,172,R,272,R,779,R,268,R,511,R,4,R,3,R,1,R,1241,R,432,R,809,R,139,R,49,R,90,R,63,R,22,R,41,R,160,R,70,R,90,A,,A,,2025
226833,21,-2,999,R,4300,R,1592,R,2708,R,42,R,14,R,28,R,114,R,46,R,68,R,603,R,254,R,349,R,1051,R,363,R,688,R,5,R,5,Z,0,R,1701,R,553,R,1148,R,183,R,72,R,111,R,106,R,42,R,64,R,495,R,243,R,252,A,,A,,2025
226833,22,-2,1,R,3679,R,1385,R,2294,R,37,R,14,R,23,R,96,R,40,R,56,R,540,R,236,R,304,R,986,R,345,R,641,R,5,R,5,Z,0,R,1466,R,501,R,965,R,167,R,64,R,103,R,96,R,38,R,58,R,286,R,142,R,144,A,,A,,2025
226833,23,-2,1,R,3661,R,1378,R,2283,R,37,R,14,R,23,R,95,R,39,R,56,R,540,R,236,R,304,R,984,R,345,R,639,R,5,R,5,Z,0,R,1453,R,496,R,957,R,166,R,63,R,103,R,95,R,38,R,57,R,286,R,142,R,144,A,,A,,2025
226833,24,-2,1,R,985,R,379,R,606,R,9,R,5,R,4,R,17,R,6,R,11,R,138,R,57,R,81,R,309,R,106,R,203,Z,0,Z,0,Z,0,R,344,R,117,R,227,R,46,R,16,R,30,R,35,R,18,R,17,R,87,R,54,R,33,A,,A,,2025
226833,25,-2,1,R,2676,R,999,R,1677,R,28,R,9,R,19,R,78,R,33,R,45,R,402,R,179,R,223,R,675,R,239,R,436,R,5,R,5,Z,0,R,1109,R,379,R,730,R,120,R,47,R,73,R,60,R,20,R,40,R,199,R,88,R,111,A,,A,,2025
226833,31,-2,1,R,18,R,7,R,11,Z,0,Z,0,Z,0,R,1,R,1,Z,0,Z,0,Z,0,Z,0,R,2,Z,0,R,2,Z,0,Z,0,Z,0,R,13,R,5,R,8,R,1,R,1,Z,0,R,1,Z,0,R,1,Z,0,Z,0,Z,0,A,,A,,2025
226833,32,-2,3,R,621,R,207,R,414,R,5,Z,0,R,5,R,18,R,6,R,12,R,63,R,18,R,45,R,65,R,18,R,47,Z,0,Z,0,Z,0,R,235,R,52,R,183,R,16,R,8,R,8,R,10,R,4,R,6,R,209,R,101,R,108,A,,A,,2025
226833,39,-2,1,R,473,R,173,R,300,R,1,Z,0,R,1,R,17,R,6,R,11,R,72,R,37,R,35,R,104,R,37,R,67,R,3,R,3,Z,0,R,202,R,59,R,143,R,19,R,10,R,9,R,9,R,2,R,7,R,46,R,19,R,27,A,,A,,2025
226833,40,-2,1,R,2203,R,826,R,1377,R,27,R,9,R,18,R,61,R,27,R,34,R,330,R,142,R,188,R,571,R,202,R,369,R,2,R,2,Z,0,R,907,R,320,R,587,R,101,R,37,R,64,R,51,R,18,R,33,R,153,R,69,R,84,A,,A,,2025
226833,41,-2,999,R,1847,R,606,R,1241,R,8,R,3,R,5,R,74,R,27,R,47,R,230,R,78,R,152,R,421,R,135,R,286,R,4,R,3,R,1,R,894,R,275,R,619,R,88,R,28,R,60,R,52,R,17,R,35,R,76,R,40,R,36,A,,A,,2025
226833,42,-2,1,R,1224,R,406,R,818,R,3,R,1,R,2,R,58,R,19,R,39,R,156,R,50,R,106,R,339,R,114,R,225,R,2,R,1,R,1,R,553,R,186,R,367,R,64,R,20,R,44,R,40,R,13,R,27,R,9,R,2,R,7,A,,A,,2025
226833,43,-2,1,R,958,R,297,R,661,R,2,R,1,R,1,R,50,R,16,R,34,R,136,R,36,R,100,R,269,R,82,R,187,R,2,R,1,R,1,R,423,R,136,R,287,R,52,R,18,R,34,R,15,R,5,R,10,R,9,R,2,R,7,A,,A,,2025
226833,44,-2,1,R,29,R,15,R,14,Z,0,Z,0,Z,0,R,3,R,2,R,1,R,3,R,2,R,1,R,7,R,3,R,4,Z,0,Z,0,Z,0,R,13,R,7,R,6,R,2,R,1,R,1,Z,0,Z,0,Z,0,R,1,Z,0,R,1,A,,A,,2025
226833,45,-2,1,R,929,R,282,R,647,R,2,R,1,R,1,R,47,R,14,R,33,R,133,R,34,R,99,R,262,R,79,R,183,R,2,R,1,R,1,R,410,R,129,R,281,R,50,R,17,R,33,R,15,R,5,R,10,R,8,R,2,R,6,A,,A,,2025
226833,51,-2,1,R,266,R,109,R,157,R,1,Z,0,R,1,R,8,R,3,R,5,R,20,R,14,R,6,R,70,R,32,R,38,Z,0,Z,0,Z,0,R,130,R,50,R,80,R,12,R,2,R,10,R,25,R,8,R,17,Z,0,Z,0,Z,0,A,,A,,2025
226833,52,-2,3,R,623,R,200,R,423,R,5,R,2,R,3,R,16,R,8,R,8,R,74,R,28,R,46,R,82,R,21,R,61,R,2,R,2,Z,0,R,341,R,89,R,252,R,24,R,8,R,16,R,12,R,4,R,8,R,67,R,38,R,29,A,,A,,2025
226833,59,-2,1,R,177,R,44,R,133,Z,0,Z,0,Z,0,R,12,R,3,R,9,R,19,R,4,R,15,R,54,R,13,R,41,Z,0,Z,0,Z,0,R,76,R,17,R,59,R,12,R,5,R,7,R,3,R,1,R,2,R,1,R,1,Z,0,A,,A,,2025
226833,60,-2,1,R,752,R,238,R,514,R,2,R,1,R,1,R,35,R,11,R,24,R,114,R,30,R,84,R,208,R,66,R,142,R,2,R,1,R,1,R,334,R,112,R,222,R,38,R,12,R,26,R,12,R,4,R,8,R,7,R,1,R,6,A,,A,,2025
227146,1,1,999,R,8352,R,3101,R,5251,R,42,R,22,R,20,R,88,R,35,R,53,R,1472,R,591,R,881,R,2331,R,805,R,1526,R,27,R,13,R,14,R,3801,R,1446,R,2355,R,300,R,111,R,189,R,231,R,62,R,169,R,60,R,16,R,44,R,0.0,R,8352.0,2025
227146,2,2,1,R,8352,R,3101,R,5251,R,42,R,22,R,20,R,88,R,35,R,53,R,1472,R,591,R,881,R,2331,R,805,R,1526,R,27,R,13,R,14,R,3801,R,1446,R,2355,R,300,R,111,R,189,R,231,R,62,R,169,R,60,R,16,R,44,R,0.0,R,8352.0,2025
227146,3,-2,1,R,5288,R,1911,R,3377,R,20,R,9,R,11,R,51,R,22,R,29,R,1115,R,480,R,635,R,1415,R,452,R,963,R,19,R,8,R,11,R,2230,R,807,R,1423,R,185,R,70,R,115,R,194,R,48,R,146,R,59,R,15,R,44,A,,A,,2025
227146,4,-2,1,R,1348,R,536,R,812,R,6,R,4,R,2,R,12,R,8,R,4,R,254,R,125,R,129,R,424,R,154,R,270,R,5,R,1,R,4,R,525,R,208,R,317,R,45,R,17,R,28,R,49,R,15,R,34,R,28,R,4,R,24,A,,A,,2025
227146,5,-2,1,R,3940,R,1375,R,2565,R,14,R,5,R,9,R,39,R,14,R,25,R,861,R,355,R,506,R,991,R,298,R,693,R,14,R,7,R,7,R,1705,R,599,R,1106,R,140,R,53,R,87,R,145,R,33,R,112,R,31,R,11,R,20,A,,A,,2025
227146,11,-2,1,R,3064,R,1190,R,1874,R,22,R,13,R,9,R,37,R,13,R,24,R,357,R,111,R,246,R,916,R,353,R,563,R,8,R,5,R,3,R,1571,R,639,R,932,R,115,R,41,R,74,R,37,R,14,R,23,R,1,R,1,R,0,A,,A,,2025
227146,19,-2,1,R,618,R,222,R,396,R,1,R,0,R,1,R,14,R,7,R,7,R,206,R,72,R,134,R,137,R,42,R,95,R,1,R,1,R,0,R,192,R,83,R,109,R,24,R,7,R,17,R,35,R,7,R,28,R,8,R,3,R,5,A,,A,,2025
227146,20,-2,1,R,3322,R,1153,R,2169,R,13,R,5,R,8,R,25,R,7,R,18,R,655,R,283,R,372,R,854,R,256,R,598,R,13,R,6,R,7,R,1513,R,516,R,997,R,116,R,46,R,70,R,110,R,26,R,84,R,23,R,8,R,15,A,,A,,2025
227146,21,-2,999,R,2793,R,1103,R,1690,R,12,R,9,R,3,R,29,R,14,R,15,R,590,R,279,R,311,R,721,R,245,R,476,R,10,R,5,R,5,R,1213,R,475,R,738,R,95,R,41,R,54,R,74,R,24,R,50,R,49,R,11,R,38,A,,A,,2025
227146,22,-2,1,R,2793,R,1103,R,1690,R,12,R,9,R,3,R,29,R,14,R,15,R,590,R,279,R,311,R,721,R,245,R,476,R,10,R,5,R,5,R,1213,R,475,R,738,R,95,R,41,R,54,R,74,R,24,R,50,R,49,R,11,R,38,A,,A,,2025
227146,23,-2,1,R,2520,R,993,R,1527,R,7,R,5,R,2,R,28,R,14,R,14,R,564,R,271,R,293,R,672,R,232,R,440,R,10,R,5,R,5,R,1036,R,398,R,638,R,87,R,36,R,51,R,67,R,21,R,46,R,49,R,11,R,38,A,,A,,2025
227146,24,-2,1,R,852,R,328,R,524,R,3,R,2,R,1,R,10,R,8,R,2,R,166,R,72,R,94,R,268,R,97,R,171,R,2,R,0,R,2,R,332,R,130,R,202,R,27,R,10,R,17,R,22,R,6,R,16,R,22,R,3,R,19,A,,A,,2025
227146,25,-2,1,R,1668,R,665,R,1003,R,4,R,3,R,1,R,18,R,6,R,12,R,398,R,199,R,199,R,404,R,135,R,269,R,8,R,5,R,3,R,704,R,268,R,436,R,60,R,26,R,34,R,45,R,15,R,30,R,27,R,8,R,19,A,,A,,2025
227146,31,-2,1,R,273,R,110,R,163,R,5,R,4,R,1,R,1,R,0,R,1,R,26,R,8,R,18,R,49,R,13,R,36,R,0,R,0,R,0,R,177,R,77,R,100,R,8,R,5,R,3,R,7,R,3,R,4,R,0,R,0,R,0,A,,A,,2025
227146,39,-2,1,R,244,R,94,R,150,R,1,R,0,R,1,R,8,R,3,R,5,R,91,R,33,R,58,R,49,R,18,R,31,R,0,R,0,R,0,R,66,R,32,R,34,R,9,R,3,R,6,R,12,R,2,R,10,R,8,R,3,R,5,A,,A,,2025
227146,40,-2,1,R,1424,R,571,R,853,R,3,R,3,R,0,R,10,R,3,R,7,R,307,R,166,R,141,R,355,R,117,R,238,R,8,R,5,R,3,R,638,R,236,R,402,R,51,R,23,R,28,R,33,R,13,R,20,R,19,R,5,R,14,A,,A,,2025
227146,41,-2,999,R,5559,R,1998,R,3561,R,30,R,13,R,17,R,59,R,21,R,38,R,882,R,312,R,570,R,1610,R,560,R,1050,R,17,R,8,R,9,R,2588,R,971,R,1617,R,205,R,70,R,135,R,157,R,38,R,119,R,11,R,5,R,6,A,,A,,2025
227146,42,-2,1,R,5559,R,1998,R,3561,R,30,R,13,R,17,R,59,R,21,R,38,R,882,R,312,R,570,R,1610,R,560,R,1050,R,17,R,8,R,9,R,2588,R,971,R,1617,R,205,R,70,R,135,R,157,R,38,R,119,R,11,R,5,R,6,A,,A,,2025
227146,43,-2,1,R,2768,R,918,R,1850,R,13,R,4,R,9,R,23,R,8,R,15,R,551,R,209,R,342,R,743,R,220,R,523,R,9,R,3,R,6,R,1194,R,409,R,785,R,98,R,34,R,64,R,127,R,27,R,100,R,10,R,4,R,6,A,,A,,2025
227146,44,-2,1,R,496,R,208,R,288,R,3,R,2,R,1,R,2,R,0,R,2,R,88,R,53,R,35,R,156,R,57,R,99,R,3,R,1,R,2,R,193,R,78,R,115,R,18,R,7,R,11,R,27,R,9,R,18,R,6,R,1,R,5,A,,A,,2025
227146,45,-2,1,R,2272,R,710,R,1562,R,10,R,2,R,8,R,21,R,8,R,13,R,463,R,156,R,307,R,587,R,163,R,424,R,6,R,2,R,4,R,1001,R,331,R,670,R,80,R,27,R,53,R,100,R,18,R,82,R,4,R,3,R,1,A,,A,,2025
227146,51,-2,1,R,2791,R,1080,R,1711,R,17,R,9,R,8,R,36,R,13,R,23,R,331,R,103,R,228,R,867,R,340,R,527,R,8,R,5,R,3,R,1394,R,562,R,832,R,107,R,36,R,71,R,30,R,11,R,19,R,1,R,1,R,0,A,,A,,2025
227146,59,-2,1,R,374,R,128,R,246,R,0,R,0,R,0,R,6,R,4,R,2,R,115,R,39,R,76,R,88,R,24,R,64,R,1,R,1,R,0,R,126,R,51,R,75,R,15,R,4,R,11,R,23,R,5,R,18,R,0,R,0,R,0,A,,A,,2025
227146,60,-2,1,R,1898,R,582,R,1316,R,10,R,2,R,8,R,15,R,4,R,11,R,348,R,117,R,231,R,499,R,139,R,360,R,5,R,1,R,4,R,875,R,280,R,595,R,65,R,23,R,42,R,77,R,13,R,64,R,4,R,3,R,1,A,,A,,2025
227182,1,1,999,R,111144,R,45618,R,65526,R,217,R,97,R,120,R,9311,R,4338,R,4973,R,15998,R,5545,R,10453,R,45010,R,17972,R,27038,R,0,R,0,R,0,R,27815,R,12055,R,15760,R,4246,R,1740,R,2506,R,5428,R,2580,R,2848,R,3119,R,1291,R,1828,R,22.0,R,111122.0,2025
227182,2,2,1,R,111144,R,45618,R,65526,R,217,R,97,R,120,R,9311,R,4338,R,4973,R,15998,R,5545,R,10453,R,45010,R,17972,R,27038,R,0,R,0,R,0,R,27815,R,12055,R,15760,R,4246,R,1740,R,2506,R,5428,R,2580,R,2848,R,3119,R,1291,R,1828,R,22.0,R,111122.0,2025
227182,3,-2,1,R,72666,R,29493,R,43173,R,143,R,63,R,80,R,5061,R,2350,R,2711,R,11657,R,3957,R,7700,R,31054,R,12259,R,18795,R,0,R,0,R,0,R,16843,R,7398,R,9445,R,2743,R,1137,R,1606,R,2703,R,1312,R,1391,R,2462,R,1017,R,1445,A,,A,,2025
227182,4,-2,1,R,11772,R,5019,R,6753,R,22,R,11,R,11,R,857,R,406,R,451,R,1383,R,515,R,868,R,5751,R,2390,R,3361,R,0,R,0,R,0,R,2447,R,1102,R,1345,R,381,R,157,R,224,R,501,R,248,R,253,R,430,R,190,R,240,A,,A,,2025
227182,5,-2,1,R,60894,R,24474,R,36420,R,121,R,52,R,69,R,4204,R,1944,R,2260,R,10274,R,3442,R,6832,R,25303,R,9869,R,15434,R,0,R,0,R,0,R,14396,R,6296,R,8100,R,2362,R,980,R,1382,R,2202,R,1064,R,1138,R,2032,R,827,R,1205,A,,A,,2025
227182,11,-2,1,R,38478,R,16125,R,22353,R,74,R,34,R,40,R,4250,R,1988,R,2262,R,4341,R,1588,R,2753,R,13956,R,5713,R,8243,R,0,R,0,R,0,R,10972,R,4657,R,6315,R,1503,R,603,R,900,R,2725,R,1268,R,1457,R,657,R,274,R,383,A,,A,,2025
227182,19,-2,1,R,8151,R,3044,R,5107,R,19,R,6,R,13,R,617,R,269,R,348,R,1991,R,564,R,1427,R,2409,R,909,R,1500,R,0,R,0,R,0,R,2118,R,879,R,1239,R,321,R,125,R,196,R,473,R,213,R,260,R,203,R,79,R,124,A,,A,,2025
227182,20,-2,1,R,52743,R,21430,R,31313,R,102,R,46,R,56,R,3587,R,1675,R,1912,R,8283,R,2878,R,5405,R,22894,R,8960,R,13934,R,0,R,0,R,0,R,12278,R,5417,R,6861,R,2041,R,855,R,1186,R,1729,R,851,R,878,R,1829,R,748,R,1081,A,,A,,2025
227182,21,-2,999,R,23167,R,10339,R,12828,R,44,R,20,R,24,R,1950,R,938,R,1012,R,3093,R,1184,R,1909,R,9744,R,4225,R,5519,R,0,R,0,R,0,R,5022,R,2409,R,2613,R,862,R,383,R,479,R,1322,R,673,R,649,R,1130,R,507,R,623,A,,A,,2025
227182,22,-2,1,R,23167,R,10339,R,12828,R,44,R,20,R,24,R,1950,R,938,R,1012,R,3093,R,1184,R,1909,R,9744,R,4225,R,5519,R,0,R,0,R,0,R,5022,R,2409,R,2613,R,862,R,383,R,479,R,1322,R,673,R,649,R,1130,R,507,R,623,A,,A,,2025
227182,23,-2,1,R,19244,R,8660,R,10584,R,36,R,17,R,19,R,1418,R,680,R,738,R,2667,R,1029,R,1638,R,8231,R,3602,R,4629,R,0,R,0,R,0,R,4200,R,2047,R,2153,R,710,R,322,R,388,R,962,R,502,R,460,R,1020,R,461,R,559,A,,A,,2025
227182,24,-2,1,R,4631,R,2046,R,2585,R,8,R,3,R,5,R,403,R,188,R,215,R,456,R,155,R,301,R,2149,R,942,R,1207,R,0,R,0,R,0,R,1003,R,465,R,538,R,150,R,68,R,82,R,266,R,136,R,130,R,196,R,89,R,107,A,,A,,2025
227182,25,-2,1,R,14613,R,6614,R,7999,R,28,R,14,R,14,R,1015,R,492,R,523,R,2211,R,874,R,1337,R,6082,R,2660,R,3422,R,0,R,0,R,0,R,3197,R,1582,R,1615,R,560,R,254,R,306,R,696,R,366,R,330,R,824,R,372,R,452,A,,A,,2025
227182,31,-2,1,R,3923,R,1679,R,2244,R,8,R,3,R,5,R,532,R,258,R,274,R,426,R,155,R,271,R,1513,R,623,R,890,R,0,R,0,R,0,R,822,R,362,R,460,R,152,R,61,R,91,R,360,R,171,R,189,R,110,R,46,R,64,A,,A,,2025
227182,39,-2,1,R,1804,R,780,R,1024,R,6,R,3,R,3,R,129,R,53,R,76,R,420,R,148,R,272,R,556,R,241,R,315,R,0,R,0,R,0,R,407,R,201,R,206,R,65,R,27,R,38,R,111,R,59,R,52,R,110,R,48,R,62,A,,A,,2025
227182,40,-2,1,R,12809,R,5834,R,6975,R,22,R,11,R,11,R,886,R,439,R,447,R,1791,R,726,R,1065,R,5526,R,2419,R,3107,R,0,R,0,R,0,R,2790,R,1381,R,1409,R,495,R,227,R,268,R,585,R,307,R,278,R,714,R,324,R,390,A,,A,,2025
227182,41,-2,999,R,87977,R,35279,R,52698,R,173,R,77,R,96,R,7361,R,3400,R,3961,R,12905,R,4361,R,8544,R,35266,R,13747,R,21519,R,0,R,0,R,0,R,22793,R,9646,R,13147,R,3384,R,1357,R,2027,R,4106,R,1907,R,2199,R,1989,R,784,R,1205,A,,A,,2025
227182,42,-2,1,R,87977,R,35279,R,52698,R,173,R,77,R,96,R,7361,R,3400,R,3961,R,12905,R,4361,R,8544,R,35266,R,13747,R,21519,R,0,R,0,R,0,R,22793,R,9646,R,13147,R,3384,R,1357,R,2027,R,4106,R,1907,R,2199,R,1989,R,784,R,1205,A,,A,,2025
227182,43,-2,1,R,53422,R,20833,R,32589,R,107,R,46,R,61,R,3643,R,1670,R,1973,R,8990,R,2928,R,6062,R,22823,R,8657,R,14166,R,0,R,0,R,0,R,12643,R,5351,R,7292,R,2033,R,815,R,1218,R,1741,R,810,R,931,R,1442,R,556,R,886,A,,A,,2025
227182,44,-2,1,R,7141,R,2973,R,4168,R,14,R,8,R,6,R,454,R,218,R,236,R,927,R,360,R,567,R,3602,R,1448,R,2154,R,0,R,0,R,0,R,1444,R,637,R,807,R,231,R,89,R,142,R,235,R,112,R,123,R,234,R,101,R,133,A,,A,,2025
227182,45,-2,1,R,46281,R,17860,R,28421,R,93,R,38,R,55,R,3189,R,1452,R,1737,R,8063,R,2568,R,5495,R,19221,R,7209,R,12012,R,0,R,0,R,0,R,11199,R,4714,R,6485,R,1802,R,726,R,1076,R,1506,R,698,R,808,R,1208,R,455,R,753,A,,A,,2025
227182,51,-2,1,R,34555,R,14446,R,20109,R,66,R,31,R,35,R,3718,R,1730,R,1988,R,3915,R,1433,R,2482,R,12443,R,5090,R,7353,R,0,R,0,R,0,R,10150,R,4295,R,5855,R,1351,R,542,R,809,R,2365,R,1097,R,1268,R,547,R,228,R,319,A,,A,,2025
227182,59,-2,1,R,6347,R,2264,R,4083,R,13,R,3,R,10,R,488,R,216,R,272,R,1571,R,416,R,1155,R,1853,R,668,R,1185,R,0,R,0,R,0,R,1711,R,678,R,1033,R,256,R,98,R,158,R,362,R,154,R,208,R,93,R,31,R,62,A,,A,,2025
227182,60,-2,1,R,39934,R,15596,R,24338,R,80,R,35,R,45,R,2701,R,1236,R,1465,R,6492,R,2152,R,4340,R,17368,R,6541,R,10827,R,0,R,0,R,0,R,9488,R,4036,R,5452,R,1546,R,628,R,918,R,1144,R,544,R,600,R,1115,R,424,R,691,A,,A,,2025
227216,1,1,999,R,51868,R,23751,R,28117,R,146,R,65,R,81,R,3673,R,1760,R,1913,R,7433,R,3288,R,4145,R,12877,R,5430,R,7447,R,50,R,23,R,27,R,16381,R,7438,R,8943,R,2053,R,888,R,1165,R,825,R,388,R,437,R,8430,R,4471,R,3959,R,0.0,R,51868.0,2025
227216,2,2,1,R,37680,R,17608,R,20072,R,134,R,61,R,73,R,3057,R,1514,R,1543,R,6454,R,2984,R,3470,R,11204,R,4867,R,6337,R,45,R,22,R,23,R,12747,R,6166,R,6581,R,1699,R,771,R,928,R,590,R,295,R,295,R,1750,R,928,R,822,R,0.0,R,37680.0,2025
227216,3,-2,1,R,37495,R,17547,R,19948,R,117,R,57,R,60,R,3025,R,1507,R,1518,R,6424,R,2976,R,3448,R,11178,R,4858,R,6320,R,28,R,15,R,13,R,12704,R,6150,R,6554,R,1688,R,767,R,921,R,586,R,292,R,294,R,1745,R,925,R,820,A,,A,,2025
227216,4,-2,1,R,6849,R,3158,R,3691,R,19,R,9,R,10,R,571,R,293,R,278,R,1408,R,674,R,734,R,2179,R,943,R,1236,R,4,R,2,R,2,R,1932,R,895,R,1037,R,253,R,108,R,145,R,136,R,72,R,64,R,347,R,162,R,185,A,,A,,2025
227216,5,-2,1,R,30646,R,14389,R,16257,R,98,R,48,R,50,R,2454,R,1214,R,1240,R,5016,R,2302,R,2714,R,8999,R,3915,R,5084,R,24,R,13,R,11,R,10772,R,5255,R,5517,R,1435,R,659,R,776,R,450,R,220,R,230,R,1398,R,763,R,635,A,,A,,2025
227216,11,-2,1,R,185,R,61,R,124,R,17,R,4,R,13,R,32,R,7,R,25,R,30,R,8,R,22,R,26,R,9,R,17,R,17,R,7,R,10,R,43,R,16,R,27,R,11,R,4,R,7,R,4,R,3,R,1,R,5,R,3,R,2,A,,A,,2025
227216,12,4,3,R,14188,R,6143,R,8045,R,12,R,4,R,8,R,616,R,246,R,370,R,979,R,304,R,675,R,1673,R,563,R,1110,R,5,R,1,R,4,R,3634,R,1272,R,2362,R,354,R,117,R,237,R,235,R,93,R,142,R,6680,R,3543,R,3137,R,0.0,R,14188.0,2025
227216,19,-2,1,R,3841,R,1850,R,1991,R,14,R,4,R,10,R,244,R,124,R,120,R,636,R,296,R,340,R,1053,R,479,R,574,R,2,R,2,R,0,R,1402,R,691,R,711,R,185,R,87,R,98,R,97,R,53,R,44,R,208,R,114,R,94,A,,A,,2025
227216,20,-2,1,R,26805,R,12539,R,14266,R,84,R,44,R,40,R,2210,R,1090,R,1120,R,4380,R,2006,R,2374,R,7946,R,3436,R,4510,R,22,R,11,R,11,R,9370,R,4564,R,4806,R,1250,R,572,R,678,R,353,R,167,R,186,R,1190,R,649,R,541,A,,A,,2025
227216,21,-2,999,R,39750,R,18370,R,21380,R,105,R,50,R,55,R,2732,R,1308,R,1424,R,5772,R,2550,R,3222,R,9783,R,4121,R,5662,R,36,R,18,R,18,R,12054,R,5583,R,6471,R,1572,R,680,R,892,R,594,R,291,R,303,R,7102,R,3769,R,3333,A,,A,,2025
227216,22,-2,1,R,30573,R,14019,R,16554,R,100,R,48,R,52,R,2424,R,1181,R,1243,R,5321,R,2413,R,2908,R,9022,R,3830,R,5192,R,33,R,18,R,15,R,10325,R,4891,R,5434,R,1390,R,613,R,777,R,449,R,226,R,223,R,1509,R,799,R,710,A,,A,,2025
227216,23,-2,1,R,30475,R,13986,R,16489,R,99,R,47,R,52,R,2400,R,1176,R,1224,R,5320,R,2413,R,2907,R,9015,R,3828,R,5187,R,23,R,14,R,9,R,10286,R,4878,R,5408,R,1379,R,609,R,770,R,445,R,223,R,222,R,1508,R,798,R,710,A,,A,,2025
227216,24,-2,1,R,6569,R,3020,R,3549,R,19,R,9,R,10,R,546,R,281,R,265,R,1350,R,640,R,710,R,2098,R,907,R,1191,R,4,R,2,R,2,R,1864,R,864,R,1000,R,248,R,104,R,144,R,115,R,62,R,53,R,325,R,151,R,174,A,,A,,2025
227216,25,-2,1,R,23906,R,10966,R,12940,R,80,R,38,R,42,R,1854,R,895,R,959,R,3970,R,1773,R,2197,R,6917,R,2921,R,3996,R,19,R,12,R,7,R,8422,R,4014,R,4408,R,1131,R,505,R,626,R,330,R,161,R,169,R,1183,R,647,R,536,A,,A,,2025
227216,31,-2,1,R,98,R,33,R,65,R,1,R,1,R,0,R,24,R,5,R,19,R,1,R,0,R,1,R,7,R,2,R,5,R,10,R,4,R,6,R,39,R,13,R,26,R,11,R,4,R,7,R,4,R,3,R,1,R,1,R,1,R,0,A,,A,,2025
227216,32,-2,3,R,9177,R,4351,R,4826,R,5,R,2,R,3,R,308,R,127,R,181,R,451,R,137,R,314,R,761,R,291,R,470,R,3,R,0,R,3,R,1729,R,692,R,1037,R,182,R,67,R,115,R,145,R,65,R,80,R,5593,R,2970,R,2623,A,,A,,2025
227216,39,-2,1,R,2984,R,1401,R,1583,R,14,R,4,R,10,R,184,R,94,R,90,R,471,R,203,R,268,R,812,R,366,R,446,R,2,R,2,R,0,R,1093,R,520,R,573,R,143,R,65,R,78,R,76,R,43,R,33,R,189,R,104,R,85,A,,A,,2025
227216,40,-2,1,R,20922,R,9565,R,11357,R,66,R,34,R,32,R,1670,R,801,R,869,R,3499,R,1570,R,1929,R,6105,R,2555,R,3550,R,17,R,10,R,7,R,7329,R,3494,R,3835,R,988,R,440,R,548,R,254,R,118,R,136,R,994,R,543,R,451,A,,A,,2025
227216,41,-2,999,R,12118,R,5381,R,6737,R,41,R,15,R,26,R,941,R,452,R,489,R,1661,R,738,R,923,R,3094,R,1309,R,1785,R,14,R,5,R,9,R,4327,R,1855,R,2472,R,481,R,208,R,273,R,231,R,97,R,134,R,1328,R,702,R,626,A,,A,,2025
227216,42,-2,1,R,7107,R,3589,R,3518,R,34,R,13,R,21,R,633,R,333,R,300,R,1133,R,571,R,562,R,2182,R,1037,R,1145,R,12,R,4,R,8,R,2422,R,1275,R,1147,R,309,R,158,R,151,R,141,R,69,R,72,R,241,R,129,R,112,A,,A,,2025
227216,43,-2,1,R,7020,R,3561,R,3459,R,18,R,10,R,8,R,625,R,331,R,294,R,1104,R,563,R,541,R,2163,R,1030,R,1133,R,5,R,1,R,4,R,2418,R,1272,R,1146,R,309,R,158,R,151,R,141,R,69,R,72,R,237,R,127,R,110,A,,A,,2025
227216,44,-2,1,R,280,R,138,R,142,R,0,R,0,R,0,R,25,R,12,R,13,R,58,R,34,R,24,R,81,R,36,R,45,R,0,R,0,R,0,R,68,R,31,R,37,R,5,R,4,R,1,R,21,R,10,R,11,R,22,R,11,R,11,A,,A,,2025
227216,45,-2,1,R,6740,R,3423,R,3317,R,18,R,10,R,8,R,600,R,319,R,281,R,1046,R,529,R,517,R,2082,R,994,R,1088,R,5,R,1,R,4,R,2350,R,1241,R,1109,R,304,R,154,R,150,R,120,R,59,R,61,R,215,R,116,R,99,A,,A,,2025
227216,51,-2,1,R,87,R,28,R,59,R,16,R,3,R,13,R,8,R,2,R,6,R,29,R,8,R,21,R,19,R,7,R,12,R,7,R,3,R,4,R,4,R,3,R,1,Z,0,Z,0,Z,0,Z,0,Z,0,Z,0,R,4,R,2,R,2,A,,A,,2025
227216,52,-2,3,R,5011,R,1792,R,3219,R,7,R,2,R,5,R,308,R,119,R,189,R,528,R,167,R,361,R,912,R,272,R,640,R,2,R,1,R,1,R,1905,R,580,R,1325,R,172,R,50,R,122,R,90,R,28,R,62,R,1087,R,573,R,514,A,,A,,2025
227216,59,-2,1,R,857,R,449,R,408,R,0,R,0,R,0,R,60,R,30,R,30,R,165,R,93,R,72,R,241,R,113,R,128,R,0,R,0,R,0,R,309,R,171,R,138,R,42,R,22,R,20,R,21,R,10,R,11,R,19,R,10,R,9,A,,A,,2025
227216,60,-2,1,R,5883,R,2974,R,2909,R,18,R,10,R,8,R,540,R,289,R,251,R,881,R,436,R,445,R,1841,R,881,R,960,R,5,R,1,R,4,R,2041,R,1070,R,971,R,262,R,132,R,130,R,99,R,49,R,50,R,196,R,106,R,90,A,,A,,2025
227225,1,1,999,R,4440,R,1669,R,2771,R,29,R,9,R,20,R,68,R,34,R,34,R,514,R,162,R,352,R,1435,R,533,R,902,R,3,R,2,R,1,R,2167,R,840,R,1327,R,122,R,41,R,81,R,28,R,10,R,18,R,74,R,38,R,36,R,0.0,R,4440.0,2025
227225,2,2,1,R,4440,R,1669,R,2771,R,29,R,9,R,20,R,68,R,34,R,34,R,514,R,162,R,352,R,1435,R,533,R,902,R,3,R,2,R,1,R,2167,R,840,R,1327,R,122,R,41,R,81,R,28,R,10,R,18,R,74,R,38,R,36,R,0.0,R,4440.0,2025
227225,3,-2,1,R,2421,R,829,R,1592,R,15,R,4,R,11,R,18,R,8,R,10,R,372,R,112,R,260,R,778,R,253,R,525,R,2,R,1,R,1,R,1123,R,410,R,713,R,54,R,13,R,41,R,8,R,2,R,6,R,51,R,26,R,25,A,,A,,2025
227225,4,-2,1,R,742,R,296,R,446,R,4,R,1,R,3,R,8,R,2,R,6,R,100,R,40,R,60,R,242,R,95,R,147,R,0,R,0,R,0,R,358,R,144,R,214,R,13,R,5,R,8,R,1,R,1,R,0,R,16,R,8,R,8,A,,A,,2025
227225,5,-2,1,R,1679,R,533,R,1146,R,11,R,3,R,8,R,10,R,6,R,4,R,272,R,72,R,200,R,536,R,158,R,378,R,2,R,1,R,1,R,765,R,266,R,499,R,41,R,8,R,33,R,7,R,1,R,6,R,35,R,18,R,17,A,,A,,2025
227225,11,-2,1,R,2019,R,840,R,1179,R,14,R,5,R,9,R,50,R,26,R,24,R,142,R,50,R,92,R,657,R,280,R,377,R,1,R,1,R,0,R,1044,R,430,R,614,R,68,R,28,R,40,R,20,R,8,R,12,R,23,R,12,R,11,A,,A,,2025
227225,19,-2,1,R,273,R,74,R,199,R,4,R,1,R,3,R,2,R,2,R,0,R,53,R,11,R,42,R,59,R,17,R,42,R,1,R,0,R,1,R,143,R,41,R,102,R,7,R,1,R,6,R,3,R,0,R,3,R,1,R,1,R,0,A,,A,,2025
227225,20,-2,1,R,1406,R,459,R,947,R,7,R,2,R,5,R,8,R,4,R,4,R,219,R,61,R,158,R,477,R,141,R,336,R,1,R,1,R,0,R,622,R,225,R,397,R,34,R,7,R,27,R,4,R,1,R,3,R,34,R,17,R,17,A,,A,,2025
227225,21,-2,999,R,1467,R,539,R,928,R,7,R,3,R,4,R,13,R,3,R,10,R,164,R,59,R,105,R,468,R,160,R,308,R,0,R,0,R,0,R,741,R,289,R,452,R,34,R,7,R,27,R,8,R,3,R,5,R,32,R,15,R,17,A,,A,,2025
227225,22,-2,1,R,1467,R,539,R,928,R,7,R,3,R,4,R,13,R,3,R,10,R,164,R,59,R,105,R,468,R,160,R,308,R,0,R,0,R,0,R,741,R,289,R,452,R,34,R,7,R,27,R,8,R,3,R,5,R,32,R,15,R,17,A,,A,,2025
227225,23,-2,1,R,1244,R,459,R,785,R,7,R,3,R,4,R,9,R,2,R,7,R,154,R,55,R,99,R,387,R,136,R,251,R,0,R,0,R,0,R,622,R,242,R,380,R,29,R,5,R,24,R,6,R,2,R,4,R,30,R,14,R,16,A,,A,,2025
227225,24,-2,1,R,505,R,197,R,308,R,2,R,0,R,2,R,5,R,1,R,4,R,60,R,22,R,38,R,164,R,61,R,103,R,0,R,0,R,0,R,248,R,101,R,147,R,12,R,4,R,8,R,1,R,1,R,0,R,13,R,7,R,6,A,,A,,2025
227225,25,-2,1,R,739,R,262,R,477,R,5,R,3,R,2,R,4,R,1,R,3,R,94,R,33,R,61,R,223,R,75,R,148,R,0,R,0,R,0,R,374,R,141,R,233,R,17,R,1,R,16,R,5,R,1,R,4,R,17,R,7,R,10,A,,A,,2025
227225,31,-2,1,R,223,R,80,R,143,R,0,R,0,R,0,R,4,R,1,R,3,R,10,R,4,R,6,R,81,R,24,R,57,R,0,R,0,R,0,R,119,R,47,R,72,R,5,R,2,R,3,R,2,R,1,R,1,R,2,R,1,R,1,A,,A,,2025
227225,39,-2,1,R,148,R,40,R,108,R,2,R,1,R,1,R,1,R,1,R,0,R,20,R,6,R,14,R,29,R,8,R,21,R,0,R,0,R,0,R,89,R,24,R,65,R,5,R,0,R,5,R,2,R,0,R,2,R,0,R,0,R,0,A,,A,,2025
227225,40,-2,1,R,591,R,222,R,369,R,3,R,2,R,1,R,3,R,0,R,3,R,74,R,27,R,47,R,194,R,67,R,127,R,0,R,0,R,0,R,285,R,117,R,168,R,12,R,1,R,11,R,3,R,1,R,2,R,17,R,7,R,10,A,,A,,2025
227225,41,-2,999,R,2973,R,1130,R,1843,R,22,R,6,R,16,R,55,R,31,R,24,R,350,R,103,R,247,R,967,R,373,R,594,R,3,R,2,R,1,R,1426,R,551,R,875,R,88,R,34,R,54,R,20,R,7,R,13,R,42,R,23,R,19,A,,A,,2025
227225,42,-2,1,R,2973,R,1130,R,1843,R,22,R,6,R,16,R,55,R,31,R,24,R,350,R,103,R,247,R,967,R,373,R,594,R,3,R,2,R,1,R,1426,R,551,R,875,R,88,R,34,R,54,R,20,R,7,R,13,R,42,R,23,R,19,A,,A,,2025
227225,43,-2,1,R,1177,R,370,R,807,R,8,R,1,R,7,R,9,R,6,R,3,R,218,R,57,R,161,R,391,R,117,R,274,R,2,R,1,R,1,R,501,R,168,R,333,R,25,R,8,R,17,R,2,R,0,R,2,R,21,R,12,R,9,A,,A,,2025
227225,44,-2,1,R,237,R,99,R,138,R,2,R,1,R,1,R,3,R,1,R,2,R,40,R,18,R,22,R,78,R,34,R,44,R,0,R,0,R,0,R,110,R,43,R,67,R,1,R,1,R,0,R,0,R,0,R,0,R,3,R,1,R,2,A,,A,,2025
227225,45,-2,1,R,940,R,271,R,669,R,6,R,0,R,6,R,6,R,5,R,1,R,178,R,39,R,139,R,313,R,83,R,230,R,2,R,1,R,1,R,391,R,125,R,266,R,24,R,7,R,17,R,2,R,0,R,2,R,18,R,11,R,7,A,,A,,2025
227225,51,-2,1,R,1796,R,760,R,1036,R,14,R,5,R,9,R,46,R,25,R,21,R,132,R,46,R,86,R,576,R,256,R,320,R,1,R,1,R,0,R,925,R,383,R,542,R,63,R,26,R,37,R,18,R,7,R,11,R,21,R,11,R,10,A,,A,,2025
227225,59,-2,1,R,125,R,34,R,91,R,2,R,0,R,2,R,1,R,1,R,0,R,33,R,5,R,28,R,30,R,9,R,21,R,1,R,0,R,1,R,54,R,17,R,37,R,2,R,1,R,1,R,1,R,0,R,1,R,1,R,1,R,0,A,,A,,2025
227225,60,-2,1,R,815,R,237,R,578,R,4,R,0,R,4,R,5,R,4,R,1,R,145,R,34,R,111,R,283,R,74,R,209,R,1,R,1,R,0,R,337,R,108,R,229,R,22,R,6,R,16,R,1,R,0,R,1,R,17,R,10,R,7,A,,A,,2025
227304,1,1,999,R,14120,R,6085,R,8035,R,38,R,16,R,22,R,226,R,113,R,113,R,954,R,498,R,456,R,8556,R,3531,R,5025,R,20,R,11,R,9,R,3239,R,1396,R,1843,R,50,R,17,R,33,R,921,R,447,R,474,R,116,R,56,R,60,R,0.0,R,14120.0,2025
227304,2,2,1,R,14120,R,6085,R,8035,R,38,R,16,R,22,R,226,R,113,R,113,R,954,R,498,R,456,R,8556,R,3531,R,5025,R,20,R,11,R,9,R,3239,R,1396,R,1843,R,50,R,17,R,33,R,921,R,447,R,474,R,116,R,56,R,60,R,0.0,R,14120.0,2025
227304,3,-2,1,R,6681,R,2362,R,4319,R,21,R,10,R,11,R,88,R,41,R,47,R,487,R,191,R,296,R,4345,R,1435,R,2910,R,7,R,2,R,5,R,1458,R,559,R,899,R,50,R,17,R,33,R,126,R,58,R,68,R,99,R,49,R,50,A,,A,,2025
227304,4,-2,1,R,1904,R,760,R,1144,R,3,R,2,R,1,R,28,R,14,R,14,R,108,R,51,R,57,R,1268,R,475,R,793,R,5,R,2,R,3,R,379,R,159,R,220,R,14,R,6,R,8,R,51,R,25,R,26,R,48,R,26,R,22,A,,A,,2025
227304,5,-2,1,R,4777,R,1602,R,3175,R,18,R,8,R,10,R,60,R,27,R,33,R,379,R,140,R,239,R,3077,R,960,R,2117,R,2,R,0,R,2,R,1079,R,400,R,679,R,36,R,11,R,25,R,75,R,33,R,42,R,51,R,23,R,28,A,,A,,2025
227304,11,-2,1,R,7439,R,3723,R,3716,R,17,R,6,R,11,R,138,R,72,R,66,R,467,R,307,R,160,R,4211,R,2096,R,2115,R,13,R,9,R,4,R,1781,R,837,R,944,R,0,R,0,R,0,R,795,R,389,R,406,R,17,R,7,R,10,A,,A,,2025
227304,19,-2,1,R,397,R,125,R,272,R,2,R,1,R,1,R,7,R,5,R,2,R,45,R,16,R,29,R,234,R,70,R,164,R,0,R,0,R,0,R,99,R,32,R,67,R,4,R,0,R,4,R,3,R,0,R,3,R,3,R,1,R,2,A,,A,,2025
227304,20,-2,1,R,4380,R,1477,R,2903,R,16,R,7,R,9,R,53,R,22,R,31,R,334,R,124,R,210,R,2843,R,890,R,1953,R,2,R,0,R,2,R,980,R,368,R,612,R,32,R,11,R,21,R,72,R,33,R,39,R,48,R,22,R,26,A,,A,,2025
227304,21,-2,999,R,6026,R,2271,R,3755,R,17,R,8,R,9,R,92,R,44,R,48,R,443,R,215,R,228,R,3717,R,1297,R,2420,R,6,R,1,R,5,R,1382,R,532,R,850,R,44,R,17,R,27,R,228,R,111,R,117,R,97,R,46,R,51,A,,A,,2025
227304,22,-2,1,R,6026,R,2271,R,3755,R,17,R,8,R,9,R,92,R,44,R,48,R,443,R,215,R,228,R,3717,R,1297,R,2420,R,6,R,1,R,5,R,1382,R,532,R,850,R,44,R,17,R,27,R,228,R,111,R,117,R,97,R,46,R,51,A,,A,,2025
227304,23,-2,1,R,4084,R,1436,R,2648,R,8,R,3,R,5,R,43,R,18,R,25,R,282,R,109,R,173,R,2690,R,891,R,1799,R,5,R,1,R,4,R,846,R,315,R,531,R,44,R,17,R,27,R,80,R,40,R,40,R,86,R,42,R,44,A,,A,,2025
227304,24,-2,1,R,1351,R,527,R,824,R,1,R,0,R,1,R,19,R,10,R,9,R,71,R,33,R,38,R,916,R,336,R,580,R,4,R,1,R,3,R,247,R,100,R,147,R,14,R,6,R,8,R,36,R,18,R,18,R,43,R,23,R,20,A,,A,,2025
227304,25,-2,1,R,2733,R,909,R,1824,R,7,R,3,R,4,R,24,R,8,R,16,R,211,R,76,R,135,R,1774,R,555,R,1219,R,1,R,0,R,1,R,599,R,215,R,384,R,30,R,11,R,19,R,44,R,22,R,22,R,43,R,19,R,24,A,,A,,2025
227304,31,-2,1,R,1942,R,835,R,1107,R,9,R,5,R,4,R,49,R,26,R,23,R,161,R,106,R,55,R,1027,R,406,R,621,R,1,R,0,R,1,R,536,R,217,R,319,R,0,R,0,R,0,R,148,R,71,R,77,R,11,R,4,R,7,A,,A,,2025
227304,39,-2,1,R,206,R,66,R,140,R,1,R,1,R,0,R,3,R,1,R,2,R,27,R,9,R,18,R,113,R,37,R,76,R,0,R,0,R,0,R,54,R,17,R,37,R,4,R,0,R,4,R,1,R,0,R,1,R,3,R,1,R,2,A,,A,,2025
227304,40,-2,1,R,2527,R,843,R,1684,R,6,R,2,R,4,R,21,R,7,R,14,R,184,R,67,R,117,R,1661,R,518,R,1143,R,1,R,0,R,1,R,545,R,198,R,347,R,26,R,11,R,15,R,43,R,22,R,21,R,40,R,18,R,22,A,,A,,2025
227304,41,-2,999,R,8094,R,3814,R,4280,R,21,R,8,R,13,R,134,R,69,R,65,R,511,R,283,R,228,R,4839,R,2234,R,2605,R,14,R,10,R,4,R,1857,R,864,R,993,R,6,R,0,R,6,R,693,R,336,R,357,R,19,R,10,R,9,A,,A,,2025
227304,42,-2,1,R,8094,R,3814,R,4280,R,21,R,8,R,13,R,134,R,69,R,65,R,511,R,283,R,228,R,4839,R,2234,R,2605,R,14,R,10,R,4,R,1857,R,864,R,993,R,6,R,0,R,6,R,693,R,336,R,357,R,19,R,10,R,9,A,,A,,2025
227304,43,-2,1,R,2597,R,926,R,1671,R,13,R,7,R,6,R,45,R,23,R,22,R,205,R,82,R,123,R,1655,R,544,R,1111,R,2,R,1,R,1,R,612,R,244,R,368,R,6,R,0,R,6,R,46,R,18,R,28,R,13,R,7,R,6,A,,A,,2025
227304,44,-2,1,R,553,R,233,R,320,R,2,R,2,R,0,R,9,R,4,R,5,R,37,R,18,R,19,R,352,R,139,R,213,R,1,R,1,R,0,R,132,R,59,R,73,R,0,R,0,R,0,R,15,R,7,R,8,R,5,R,3,R,2,A,,A,,2025
227304,45,-2,1,R,2044,R,693,R,1351,R,11,R,5,R,6,R,36,R,19,R,17,R,168,R,64,R,104,R,1303,R,405,R,898,R,1,R,0,R,1,R,480,R,185,R,295,R,6,R,0,R,6,R,31,R,11,R,20,R,8,R,4,R,4,A,,A,,2025
227304,51,-2,1,R,5497,R,2888,R,2609,R,8,R,1,R,7,R,89,R,46,R,43,R,306,R,201,R,105,R,3184,R,1690,R,1494,R,12,R,9,R,3,R,1245,R,620,R,625,R,0,R,0,Z,0,R,647,R,318,R,329,R,6,R,3,R,3,A,,A,,2025
227304,59,-2,1,R,191,R,59,R,132,R,1,R,0,R,1,R,4,R,4,R,0,R,18,R,7,R,11,R,121,R,33,R,88,R,0,R,0,R,0,R,45,R,15,R,30,R,0,R,0,R,0,R,2,R,0,R,2,R,0,R,0,R,0,A,,A,,2025
227304,60,-2,1,R,1853,R,634,R,1219,R,10,R,5,R,5,R,32,R,15,R,17,R,150,R,57,R,93,R,1182,R,372,R,810,R,1,R,0,R,1,R,435,R,170,R,265,R,6,R,0,R,6,R,29,R,11,R,18,R,8,R,4,R,4,A,,A,,2025
227368,1,1,999,R,39206,R,16265,R,22941,R,17,R,6,R,11,R,569,R,244,R,325,R,423,R,209,R,214,R,35600,R,14578,R,21022,R,7,R,0,R,7,R,1106,R,510,R,596,R,107,R,53,R,54,R,442,R,184,R,258,R,935,R,481,R,454,R,0.0,R,39206.0,2025
227368,2,2,1,R,32649,R,14035,R,18614,R,11,R,5,R,6,R,350,R,168,R,182,R,220,R,150,R,70,R,30398,R,12866,R,17532,R,2,R,0,R,2,R,661,R,356,R,305,R,76,R,38,R,38,R,371,R,162,R,209,R,560,R,290,R,270,R,0.0,R,32649.0,2025
227368,3,-2,1,R,30435,R,13121,R,17314,R,11,R,5,R,6,R,257,R,124,R,133,R,205,R,141,R,64,R,28543,R,12113,R,16430,R,2,R,0,R,2,R,585,R,317,R,268,R,62,R,34,R,28,R,245,R,112,R,133,R,525,R,275,R,250,A,,A,,2025
227368,4,-2,1,R,7333,R,3285,R,4048,R,2,R,1,R,1,R,61,R,28,R,33,R,75,R,58,R,17,R,6844,R,3015,R,3829,R,0,R,0,R,0,R,138,R,84,R,54,R,16,R,7,R,9,R,88,R,40,R,48,R,109,R,52,R,57,A,,A,,2025
227368,5,-2,1,R,23102,R,9836,R,13266,R,9,R,4,R,5,R,196,R,96,R,100,R,130,R,83,R,47,R,21699,R,9098,R,12601,R,2,R,0,R,2,R,447,R,233,R,214,R,46,R,27,R,19,R,157,R,72,R,85,R,416,R,223,R,193,A,,A,,2025
227368,11,-2,1,R,2214,R,914,R,1300,R,0,R,0,R,0,R,93,R,44,R,49,R,15,R,9,R,6,R,1855,R,753,R,1102,R,0,R,0,R,0,R,76,R,39,R,37,R,14,R,4,R,10,R,126,R,50,R,76,R,35,R,15,R,20,A,,A,,2025
227368,12,4,3,R,6557,R,2230,R,4327,R,6,R,1,R,5,R,219,R,76,R,143,R,203,R,59,R,144,R,5202,R,1712,R,3490,R,5,R,0,R,5,R,445,R,154,R,291,R,31,R,15,R,16,R,71,R,22,R,49,R,375,R,191,R,184,R,0.0,R,6557.0,2025
227368,19,-2,1,R,2237,R,992,R,1245,R,3,R,1,R,2,R,12,R,7,R,5,R,42,R,32,R,10,R,2048,R,870,R,1178,R,0,R,0,R,0,R,58,R,32,R,26,R,12,R,8,R,4,R,18,R,10,R,8,R,44,R,32,R,12,A,,A,,2025
227368,20,-2,1,R,20865,R,8844,R,12021,R,6,R,3,R,3,R,184,R,89,R,95,R,88,R,51,R,37,R,19651,R,8228,R,11423,R,2,R,0,R,2,R,389,R,201,R,188,R,34,R,19,R,15,R,139,R,62,R,77,R,372,R,191,R,181,A,,A,,2025
227368,21,-2,999,R,25820,R,10772,R,15048,R,10,R,4,R,6,R,390,R,171,R,219,R,239,R,139,R,100,R,23441,R,9599,R,13842,R,1,R,0,R,1,R,625,R,313,R,312,R,68,R,36,R,32,R,279,R,113,R,166,R,767,R,397,R,370,A,,A,,2025
227368,22,-2,1,R,23050,R,9807,R,13243,R,7,R,3,R,4,R,260,R,122,R,138,R,167,R,116,R,51,R,21383,R,8932,R,12451,R,1,R,0,R,1,R,439,R,242,R,197,R,54,R,29,R,25,R,250,R,107,R,143,R,489,R,256,R,233,A,,A,,2025
227368,23,-2,1,R,22181,R,9433,R,12748,R,7,R,3,R,4,R,206,R,96,R,110,R,161,R,110,R,51,R,20680,R,8639,R,12041,R,1,R,0,R,1,R,406,R,222,R,184,R,50,R,29,R,21,R,189,R,83,R,106,R,481,R,251,R,230,A,,A,,2025
227368,24,-2,1,R,5706,R,2500,R,3206,R,0,R,0,R,0,R,55,R,23,R,32,R,61,R,48,R,13,R,5317,R,2291,R,3026,R,0,R,0,R,0,R,109,R,66,R,43,R,14,R,6,R,8,R,64,R,26,R,38,R,86,R,40,R,46,A,,A,,2025
227368,25,-2,1,R,16475,R,6933,R,9542,R,7,R,3,R,4,R,151,R,73,R,78,R,100,R,62,R,38,R,15363,R,6348,R,9015,R,1,R,0,R,1,R,297,R,156,R,141,R,36,R,23,R,13,R,125,R,57,R,68,R,395,R,211,R,184,A,,A,,2025
227368,31,-2,1,R,869,R,374,R,495,R,0,R,0,R,0,R,54,R,26,R,28,R,6,R,6,R,0,R,703,R,293,R,410,R,0,R,0,R,0,R,33,R,20,R,13,R,4,R,0,R,4,R,61,R,24,R,37,R,8,R,5,R,3,A,,A,,2025
227368,32,-2,3,R,2770,R,965,R,1805,R,3,R,1,R,2,R,130,R,49,R,81,R,72,R,23,R,49,R,2058,R,667,R,1391,R,0,R,0,R,0,R,186,R,71,R,115,R,14,R,7,R,7,R,29,R,6,R,23,R,278,R,141,R,137,A,,A,,2025
227368,39,-2,1,R,1527,R,693,R,834,R,2,R,1,R,1,R,8,R,5,R,3,R,32,R,25,R,7,R,1375,R,592,R,783,R,0,R,0,R,0,R,42,R,25,R,17,R,10,R,6,R,4,R,16,R,9,R,7,R,42,R,30,R,12,A,,A,,2025
227368,40,-2,1,R,14948,R,6240,R,8708,R,5,R,2,R,3,R,143,R,68,R,75,R,68,R,37,R,31,R,13988,R,5756,R,8232,R,1,R,0,R,1,R,255,R,131,R,124,R,26,R,17,R,9,R,109,R,48,R,61,R,353,R,181,R,172,A,,A,,2025
227368,41,-2,999,R,13386,R,5493,R,7893,R,7,R,2,R,5,R,179,R,73,R,106,R,184,R,70,R,114,R,12159,R,4979,R,7180,R,6,R,0,R,6,R,481,R,197,R,284,R,39,R,17,R,22,R,163,R,71,R,92,R,168,R,84,R,84,A,,A,,2025
227368,42,-2,1,R,9599,R,4228,R,5371,R,4,R,2,R,2,R,90,R,46,R,44,R,53,R,34,R,19,R,9015,R,3934,R,5081,R,1,R,0,R,1,R,222,R,114,R,108,R,22,R,9,R,13,R,121,R,55,R,66,R,71,R,34,R,37,A,,A,,2025
227368,43,-2,1,R,8254,R,3688,R,4566,R,4,R,2,R,2,R,51,R,28,R,23,R,44,R,31,R,13,R,7863,R,3474,R,4389,R,1,R,0,R,1,R,179,R,95,R,84,R,12,R,5,R,7,R,56,R,29,R,27,R,44,R,24,R,20,A,,A,,2025
227368,44,-2,1,R,1627,R,785,R,842,R,2,R,1,R,1,R,6,R,5,R,1,R,14,R,10,R,4,R,1527,R,724,R,803,R,0,R,0,R,0,R,29,R,18,R,11,R,2,R,1,R,1,R,24,R,14,R,10,R,23,R,12,R,11,A,,A,,2025
227368,45,-2,1,R,6627,R,2903,R,3724,R,2,R,1,R,1,R,45,R,23,R,22,R,30,R,21,R,9,R,6336,R,2750,R,3586,R,1,R,0,R,1,R,150,R,77,R,73,R,10,R,4,R,6,R,32,R,15,R,17,R,21,R,12,R,9,A,,A,,2025
227368,51,-2,1,R,1345,R,540,R,805,R,0,R,0,R,0,R,39,R,18,R,21,R,9,R,3,R,6,R,1152,R,460,R,692,R,0,R,0,R,0,R,43,R,19,R,24,R,10,R,4,R,6,R,65,R,26,R,39,R,27,R,10,R,17,A,,A,,2025
227368,52,-2,3,R,3787,R,1265,R,2522,R,3,R,0,R,3,R,89,R,27,R,62,R,131,R,36,R,95,R,3144,R,1045,R,2099,R,5,R,0,R,5,R,259,R,83,R,176,R,17,R,8,R,9,R,42,R,16,R,26,R,97,R,50,R,47,A,,A,,2025
227368,59,-2,1,R,710,R,299,R,411,R,1,R,0,R,1,R,4,R,2,R,2,R,10,R,7,R,3,R,673,R,278,R,395,R,0,R,0,R,0,R,16,R,7,R,9,R,2,R,2,R,0,R,2,R,1,R,1,R,2,R,2,R,0,A,,A,,2025
227368,60,-2,1,R,5917,R,2604,R,3313,R,1,R,1,R,0,R,41,R,21,R,20,R,20,R,14,R,6,R,5663,R,2472,R,3191,R,1,R,0,R,1,R,134,R,70,R,64,R,8,R,2,R,6,R,30,R,14,R,16,R,19,R,10,R,9,A,,A,,2025
227377,1,1,999,R,12630,R,5527,R,7103,R,17,R,11,R,6,R,46,R,22,R,24,R,16,R,6,R,10,R,10651,R,4619,R,6032,R,1,R,0,R,1,R,289,R,151,R,138,R,14,R,9,R,5,R,1573,R,699,R,874,R,23,R,10,R,13,R,0.0,R,12630.0,2025
227377,2,2,1,R,12630,R,5527,R,7103,R,17,R,11,R,6,R,46,R,22,R,24,R,16,R,6,R,10,R,10651,R,4619,R,6032,R,1,R,0,R,1,R,289,R,151,R,138,R,14,R,9,R,5,R,1573,R,699,R,874,R,23,R,10,R,13,R,0.0,R,12630.0,2025
227377,3,-2,1,R,4371,R,1854,R,2517,R,7,R,2,R,5,R,14,R,7,R,7,R,5,R,2,R,3,R,4051,R,1711,R,2340,R,0,R,0,R,0,R,93,R,46,R,47,R,8,R,6,R,2,R,170,R,70,R,100,R,23,R,10,R,13,A,,A,,2025
227377,4,-2,1,R,1040,R,482,R,558,R,5,R,1,R,4,R,2,R,1,R,1,R,1,R,1,R,0,R,927,R,430,R,497,R,0,R,0,R,0,R,21,R,10,R,11,R,3,R,2,R,1,R,76,R,36,R,40,R,5,R,1,R,4,A,,A,,2025
227377,5,-2,1,R,3331,R,1372,R,1959,R,2,R,1,R,1,R,12,R,6,R,6,R,4,R,1,R,3,R,3124,R,1281,R,1843,R,0,R,0,R,0,R,72,R,36,R,36,R,5,R,4,R,1,R,94,R,34,R,60,R,18,R,9,R,9,A,,A,,2025
227377,11,-2,1,R,8259,R,3673,R,4586,R,10,R,9,R,1,R,32,R,15,R,17,R,11,R,4,R,7,R,6600,R,2908,R,3692,R,1,R,0,R,1,R,196,R,105,R,91,R,6,R,3,R,3,R,1403,R,629,R,774,R,0,R,0,R,0,A,,A,,2025
227377,19,-2,1,R,389,R,124,R,265,R,0,R,0,R,0,R,1,R,1,R,0,R,1,R,0,R,1,R,370,R,117,R,253,R,0,R,0,R,0,R,6,R,2,R,4,R,1,R,0,R,1,R,7,R,3,R,4,R,3,R,1,R,2,A,,A,,2025
227377,20,-2,1,R,2942,R,1248,R,1694,R,2,R,1,R,1,R,11,R,5,R,6,R,3,R,1,R,2,R,2754,R,1164,R,1590,R,0,R,0,R,0,R,66,R,34,R,32,R,4,R,4,R,0,R,87,R,31,R,56,R,15,R,8,R,7,A,,A,,2025
227377,21,-2,999,R,2474,R,1145,R,1329,R,3,R,2,R,1,R,5,R,4,R,1,R,4,R,3,R,1,R,2211,R,1027,R,1184,R,0,R,0,R,0,R,43,R,20,R,23,R,4,R,3,R,1,R,184,R,76,R,108,R,20,R,10,R,10,A,,A,,2025
227377,22,-2,1,R,2474,R,1145,R,1329,R,3,R,2,R,1,R,5,R,4,R,1,R,4,R,3,R,1,R,2211,R,1027,R,1184,R,0,R,0,R,0,R,43,R,20,R,23,R,4,R,3,R,1,R,184,R,76,R,108,R,20,R,10,R,10,A,,A,,2025
227377,23,-2,1,R,1945,R,917,R,1028,R,3,R,2,R,1,R,5,R,4,R,1,R,1,R,1,R,0,R,1783,R,840,R,943,R,0,R,0,R,0,R,33,R,14,R,19,R,4,R,3,R,1,R,96,R,43,R,53,R,20,R,10,R,10,A,,A,,2025
227377,24,-2,1,R,629,R,329,R,300,R,2,R,1,R,1,R,1,R,1,R,0,R,1,R,1,R,0,R,558,R,291,R,267,R,0,R,0,R,0,R,16,R,8,R,8,R,1,R,1,R,0,R,46,R,25,R,21,R,4,R,1,R,3,A,,A,,2025
227377,25,-2,1,R,1316,R,588,R,728,R,1,R,1,R,0,R,4,R,3,R,1,R,0,R,0,R,0,R,1225,R,549,R,676,R,0,R,0,R,0,R,17,R,6,R,11,R,3,R,2,R,1,R,50,R,18,R,32,R,16,R,9,R,7,A,,A,,2025
227377,31,-2,1,R,529,R,228,R,301,R,0,R,0,R,0,R,0,R,0,R,0,R,3,R,2,R,1,R,428,R,187,R,241,R,0,R,0,R,0,R,10,R,6,R,4,R,0,R,0,R,0,R,88,R,33,R,55,R,0,R,0,R,0,A,,A,,2025
227377,39,-2,1,R,166,R,61,R,105,R,0,R,0,R,0,R,0,R,0,R,0,R,0,R,0,R,0,R,157,R,58,R,99,R,0,R,0,R,0,R,3,R,1,R,2,R,1,R,0,R,1,R,3,R,1,R,2,R,2,R,1,R,1,A,,A,,2025
227377,40,-2,1,R,1150,R,527,R,623,R,1,R,1,R,0,R,4,R,3,R,1,R,0,R,0,R,0,R,1068,R,491,R,577,R,0,R,0,R,0,R,14,R,5,R,9,R,2,R,2,R,0,R,47,R,17,R,30,R,14,R,8,R,6,A,,A,,2025
227377,41,-2,999,R,10156,R,4382,R,5774,R,14,R,9,R,5,R,41,R,18,R,23,R,12,R,3,R,9,R,8440,R,3592,R,4848,R,1,R,0,R,1,R,246,R,131,R,115,R,10,R,6,R,4,R,1389,R,623,R,766,R,3,R,0,R,3,A,,A,,2025
227377,42,-2,1,R,10156,R,4382,R,5774,R,14,R,9,R,5,R,41,R,18,R,23,R,12,R,3,R,9,R,8440,R,3592,R,4848,R,1,R,0,R,1,R,246,R,131,R,115,R,10,R,6,R,4,R,1389,R,623,R,766,R,3,R,0,R,3,A,,A,,2025
227377,43,-2,1,R,2426,R,937,R,1489,R,4,R,0,R,4,R,9,R,3,R,6,R,4,R,1,R,3,R,2268,R,871,R,1397,R,0,R,0,R,0,R,60,R,32,R,28,R,4,R,3,R,1,R,74,R,27,R,47,R,3,R,0,R,3,A,,A,,2025
227377,44,-2,1,R,411,R,153,R,258,R,3,R,0,R,3,R,1,R,0,R,1,R,0,R,0,R,0,R,369,R,139,R,230,R,0,R,0,R,0,R,5,R,2,R,3,R,2,R,1,R,1,R,30,R,11,R,19,R,1,R,0,R,1,A,,A,,2025
227377,45,-2,1,R,2015,R,784,R,1231,R,1,R,0,R,1,R,8,R,3,R,5,R,4,R,1,R,3,R,1899,R,732,R,1167,R,0,R,0,R,0,R,55,R,30,R,25,R,2,R,2,R,0,R,44,R,16,R,28,R,2,R,0,R,2,A,,A,,2025
227377,51,-2,1,R,7730,R,3445,R,4285,R,10,R,9,R,1,R,32,R,15,R,17,R,8,R,2,R,6,R,6172,R,2721,R,3451,R,1,R,0,R,1,R,186,R,99,R,87,R,6,R,3,R,3,R,1315,R,596,R,719,R,0,R,0,R,0,A,,A,,2025
227377,59,-2,1,R,223,R,63,R,160,R,0,R,0,R,0,R,1,R,1,R,0,R,1,R,0,R,1,R,213,R,59,R,154,R,0,R,0,R,0,R,3,R,1,R,2,R,0,R,0,R,0,R,4,R,2,R,2,R,1,R,0,R,1,A,,A,,2025
227377,60,-2,1,R,1792,R,721,R,1071,R,1,R,0,R,1,R,7,R,2,R,5,R,3,R,1,R,2,R,1686,R,673,R,1013,R,0,R,0,R,0,R,52,R,29,R,23,R,2,R,2,R,0,R,40,R,14,R,26,R,1,R,0,R,1,A,,A,,2025
227386,1,1,999,R,3478,R,1094,R,2384,R,23,R,11,R,12,R,43,R,10,R,33,R,596,R,112,R,484,R,777,R,239,R,538,R,0,R,0,R,0,R,1883,R,656,R,1227,R,126,R,48,R,78,R,3,R,0,R,3,R,27,R,18,R,9,R,0.0,R,3478.0,2025
227386,2,2,1,R,3478,R,1094,R,2384,R,23,R,11,R,12,R,43,R,10,R,33,R,596,R,112,R,484,R,777,R,239,R,538,R,0,R,0,R,0,R,1883,R,656,R,1227,R,126,R,48,R,78,R,3,R,0,R,3,R,27,R,18,R,9,R,0.0,R,3478.0,2025
227386,3,-2,1,R,1943,R,495,R,1448,R,13,R,4,R,9,R,25,R,7,R,18,R,441,R,59,R,382,R,351,R,92,R,259,R,0,R,0,R,0,R,1025,R,298,R,727,R,60,R,17,R,43,R,2,R,0,R,2,R,26,R,18,R,8,A,,A,,2025
227386,4,-2,1,R,423,R,161,R,262,R,3,R,0,R,3,R,5,R,3,R,2,R,75,R,15,R,60,R,89,R,31,R,58,R,0,R,0,R,0,R,222,R,95,R,127,R,20,R,11,R,9,R,1,R,0,R,1,R,8,R,6,R,2,A,,A,,2025
227386,5,-2,1,R,1520,R,334,R,1186,R,10,R,4,R,6,R,20,R,4,R,16,R,366,R,44,R,322,R,262,R,61,R,201,R,0,R,0,R,0,R,803,R,203,R,600,R,40,R,6,R,34,R,1,R,0,R,1,R,18,R,12,R,6,A,,A,,2025
227386,11,-2,1,R,1535,R,599,R,936,R,10,R,7,R,3,R,18,R,3,R,15,R,155,R,53,R,102,R,426,R,147,R,279,R,0,R,0,R,0,R,858,R,358,R,500,R,66,R,31,R,35,R,1,R,0,R,1,R,1,R,0,R,1,A,,A,,2025
227386,19,-2,1,R,354,R,97,R,257,R,3,R,3,R,0,R,9,R,3,R,6,R,89,R,14,R,75,R,49,R,12,R,37,R,0,R,0,R,0,R,188,R,63,R,125,R,13,R,1,R,12,R,1,R,0,R,1,R,2,R,1,R,1,A,,A,,2025
227386,20,-2,1,R,1166,R,237,R,929,R,7,R,1,R,6,R,11,R,1,R,10,R,277,R,30,R,247,R,213,R,49,R,164,R,0,R,0,R,0,R,615,R,140,R,475,R,27,R,5,R,22,R,0,R,0,R,0,R,16,R,11,R,5,A,,A,,2025
227386,21,-2,999,R,1091,R,357,R,734,R,10,R,4,R,6,R,11,R,3,R,8,R,215,R,38,R,177,R,226,R,68,R,158,R,0,R,0,R,0,R,570,R,214,R,356,R,34,R,13,R,21,R,0,R,0,R,0,R,25,R,17,R,8,A,,A,,2025
227386,22,-2,1,R,1091,R,357,R,734,R,10,R,4,R,6,R,11,R,3,R,8,R,215,R,38,R,177,R,226,R,68,R,158,R,0,R,0,R,0,R,570,R,214,R,356,R,34,R,13,R,21,R,0,R,0,R,0,R,25,R,17,R,8,A,,A,,2025
227386,23,-2,1,R,980,R,308,R,672,R,9,R,3,R,6,R,10,R,3,R,7,R,209,R,38,R,171,R,202,R,60,R,142,R,0,R,0,R,0,R,496,R,175,R,321,R,29,R,12,R,17,R,0,R,0,R,0,R,25,R,17,R,8,A,,A,,2025
227386,24,-2,1,R,317,R,125,R,192,R,3,R,0,R,3,R,4,R,2,R,2,R,57,R,13,R,44,R,75,R,27,R,48,R,0,R,0,R,0,R,157,R,69,R,88,R,13,R,8,R,5,R,0,R,0,R,0,R,8,R,6,R,2,A,,A,,2025
227386,25,-2,1,R,663,R,183,R,480,R,6,R,3,R,3,R,6,R,1,R,5,R,152,R,25,R,127,R,127,R,33,R,94,R,0,R,0,R,0,R,339,R,106,R,233,R,16,R,4,R,12,R,0,R,0,R,0,R,17,R,11,R,6,A,,A,,2025
227386,31,-2,1,R,111,R,49,R,62,R,1,R,1,R,0,R,1,R,0,R,1,R,6,R,0,R,6,R,24,R,8,R,16,R,0,R,0,R,0,R,74,R,39,R,35,R,5,R,1,R,4,R,0,R,0,R,0,R,0,R,0,R,0,A,,A,,2025
227386,39,-2,1,R,148,R,48,R,100,R,2,R,2,R,0,R,3,R,1,R,2,R,36,R,8,R,28,R,23,R,6,R,17,R,0,R,0,R,0,R,78,R,29,R,49,R,4,R,1,R,3,R,0,R,0,R,0,R,2,R,1,R,1,A,,A,,2025
227386,40,-2,1,R,515,R,135,R,380,R,4,R,1,R,3,R,3,R,0,R,3,R,116,R,17,R,99,R,104,R,27,R,77,R,0,R,0,R,0,R,261,R,77,R,184,R,12,R,3,R,9,R,0,R,0,R,0,R,15,R,10,R,5,A,,A,,2025
227386,41,-2,999,R,2387,R,737,R,1650,R,13,R,7,R,6,R,32,R,7,R,25,R,381,R,74,R,307,R,551,R,171,R,380,R,0,R,0,R,0,R,1313,R,442,R,871,R,92,R,35,R,57,R,3,R,0,R,3,R,2,R,1,R,1,A,,A,,2025
227386,42,-2,1,R,2387,R,737,R,1650,R,13,R,7,R,6,R,32,R,7,R,25,R,381,R,74,R,307,R,551,R,171,R,380,R,0,R,0,R,0,R,1313,R,442,R,871,R,92,R,35,R,57,R,3,R,0,R,3,R,2,R,1,R,1,A,,A,,2025
227386,43,-2,1,R,963,R,187,R,776,R,4,R,1,R,3,R,15,R,4,R,11,R,232,R,21,R,211,R,149,R,32,R,117,R,0,R,0,R,0,R,529,R,123,R,406,R,31,R,5,R,26,R,2,R,0,R,2,R,1,R,1,R,0,A,,A,,2025
227386,44,-2,1,R,106,R,36,R,70,R,0,R,0,R,0,R,1,R,1,R,0,R,18,R,2,R,16,R,14,R,4,R,10,R,0,R,0,R,0,R,65,R,26,R,39,R,7,R,3,R,4,R,1,R,0,R,1,R,0,R,0,R,0,A,,A,,2025
227386,45,-2,1,R,857,R,151,R,706,R,4,R,1,R,3,R,14,R,3,R,11,R,214,R,19,R,195,R,135,R,28,R,107,R,0,R,0,R,0,R,464,R,97,R,367,R,24,R,2,R,22,R,1,R,0,R,1,R,1,R,1,R,0,A,,A,,2025
227386,51,-2,1,R,1424,R,550,R,874,R,9,R,6,R,3,R,17,R,3,R,14,R,149,R,53,R,96,R,402,R,139,R,263,R,0,R,0,R,0,R,784,R,319,R,465,R,61,R,30,R,31,R,1,R,0,R,1,R,1,R,0,R,1,A,,A,,2025
227386,59,-2,1,R,206,R,49,R,157,R,1,R,1,R,0,R,6,R,2,R,4,R,53,R,6,R,47,R,26,R,6,R,20,R,0,R,0,R,0,R,110,R,34,R,76,R,9,R,0,R,9,R,1,R,0,R,1,R,0,R,0,R,0,A,,A,,2025
227386,60,-2,1,R,651,R,102,R,549,R,3,R,0,R,3,R,8,R,1,R,7,R,161,R,13,R,148,R,109,R,22,R,87,R,0,R,0,R,0,R,354,R,63,R,291,R,15,R,2,R,13,R,0,R,0,R,0,R,1,R,1,R,0,A,,A,,2025
227401,1,1,999,R,6371,R,2310,R,4061,R,72,R,25,R,47,R,118,R,41,R,77,R,676,R,237,R,439,R,1521,R,562,R,959,R,12,R,2,R,10,R,3573,R,1296,R,2277,R,269,R,94,R,175,R,59,R,25,R,34,R,71,R,28,R,43,R,0.0,R,6371.0,2025
227401,2,2,1,R,6371,R,2310,R,4061,R,72,R,25,R,47,R,118,R,41,R,77,R,676,R,237,R,439,R,1521,R,562,R,959,R,12,R,2,R,10,R,3573,R,1296,R,2277,R,269,R,94,R,175,R,59,R,25,R,34,R,71,R,28,R,43,R,0.0,R,6371.0,2025
227401,3,-2,1,R,3824,R,1292,R,2532,R,49,R,18,R,31,R,88,R,29,R,59,R,477,R,163,R,314,R,795,R,283,R,512,R,6,R,2,R,4,R,2166,R,708,R,1458,R,163,R,51,R,112,R,25,R,13,R,12,R,55,R,25,R,30,A,,A,,2025
227401,4,-2,1,R,952,R,399,R,553,R,10,R,3,R,7,R,14,R,6,R,8,R,113,R,54,R,59,R,222,R,94,R,128,R,2,R,1,R,1,R,522,R,208,R,314,R,49,R,20,R,29,R,1,R,1,R,0,R,19,R,12,R,7,A,,A,,2025
227401,5,-2,1,R,2872,R,893,R,1979,R,39,R,15,R,24,R,74,R,23,R,51,R,364,R,109,R,255,R,573,R,189,R,384,R,4,R,1,R,3,R,1644,R,500,R,1144,R,114,R,31,R,83,R,24,R,12,R,12,R,36,R,13,R,23,A,,A,,2025
227401,11,-2,1,R,2547,R,1018,R,1529,R,23,R,7,R,16,R,30,R,12,R,18,R,199,R,74,R,125,R,726,R,279,R,447,R,6,R,0,R,6,R,1407,R,588,R,819,R,106,R,43,R,63,R,34,R,12,R,22,R,16,R,3,R,13,A,,A,,2025
227401,19,-2,1,R,682,R,201,R,481,R,18,R,5,R,13,R,12,R,5,R,7,R,120,R,49,R,71,R,118,R,29,R,89,R,2,R,0,R,2,R,347,R,90,R,257,R,30,R,9,R,21,R,20,R,10,R,10,R,15,R,4,R,11,A,,A,,2025
227401,20,-2,1,R,2190,R,692,R,1498,R,21,R,10,R,11,R,62,R,18,R,44,R,244,R,60,R,184,R,455,R,160,R,295,R,2,R,1,R,1,R,1297,R,410,R,887,R,84,R,22,R,62,R,4,R,2,R,2,R,21,R,9,R,12,A,,A,,2025
227401,21,-2,999,R,1728,R,681,R,1047,R,20,R,6,R,14,R,27,R,12,R,15,R,185,R,83,R,102,R,395,R,159,R,236,R,3,R,0,R,3,R,985,R,372,R,613,R,74,R,27,R,47,R,6,R,1,R,5,R,33,R,21,R,12,A,,A,,2025
227401,22,-2,1,R,1728,R,681,R,1047,R,20,R,6,R,14,R,27,R,12,R,15,R,185,R,83,R,102,R,395,R,159,R,236,R,3,R,0,R,3,R,985,R,372,R,613,R,74,R,27,R,47,R,6,R,1,R,5,R,33,R,21,R,12,A,,A,,2025
227401,23,-2,1,R,1511,R,590,R,921,R,19,R,6,R,13,R,27,R,12,R,15,R,168,R,75,R,93,R,336,R,134,R,202,R,2,R,0,R,2,R,856,R,317,R,539,R,68,R,24,R,44,R,2,R,1,R,1,R,33,R,21,R,12,A,,A,,2025
227401,24,-2,1,R,621,R,277,R,344,R,3,R,0,R,3,R,14,R,6,R,8,R,78,R,41,R,37,R,154,R,69,R,85,R,1,R,0,R,1,R,327,R,137,R,190,R,27,R,11,R,16,R,1,R,1,R,0,R,16,R,12,R,4,A,,A,,2025
227401,25,-2,1,R,890,R,313,R,577,R,16,R,6,R,10,R,13,R,6,R,7,R,90,R,34,R,56,R,182,R,65,R,117,R,1,R,0,R,1,R,529,R,180,R,349,R,41,R,13,R,28,R,1,R,0,R,1,R,17,R,9,R,8,A,,A,,2025
227401,31,-2,1,R,217,R,91,R,126,R,1,R,0,R,1,R,0,R,0,R,0,R,17,R,8,R,9,R,59,R,25,R,34,R,1,R,0,R,1,R,129,R,55,R,74,R,6,R,3,R,3,R,4,R,0,R,4,R,0,R,0,R,0,A,,A,,2025
227401,39,-2,1,R,212,R,67,R,145,R,11,R,4,R,7,R,2,R,0,R,2,R,26,R,8,R,18,R,33,R,12,R,21,R,0,R,0,R,0,R,117,R,34,R,83,R,14,R,5,R,9,R,0,R,0,R,0,R,9,R,4,R,5,A,,A,,2025
227401,40,-2,1,R,678,R,246,R,432,R,5,R,2,R,3,R,11,R,6,R,5,R,64,R,26,R,38,R,149,R,53,R,96,R,1,R,0,R,1,R,412,R,146,R,266,R,27,R,8,R,19,R,1,R,0,R,1,R,8,R,5,R,3,A,,A,,2025
227401,41,-2,999,R,4643,R,1629,R,3014,R,52,R,19,R,33,R,91,R,29,R,62,R,491,R,154,R,337,R,1126,R,403,R,723,R,9,R,2,R,7,R,2588,R,924,R,1664,R,195,R,67,R,128,R,53,R,24,R,29,R,38,R,7,R,31,A,,A,,2025
227401,42,-2,1,R,4643,R,1629,R,3014,R,52,R,19,R,33,R,91,R,29,R,62,R,491,R,154,R,337,R,1126,R,403,R,723,R,9,R,2,R,7,R,2588,R,924,R,1664,R,195,R,67,R,128,R,53,R,24,R,29,R,38,R,7,R,31,A,,A,,2025
227401,43,-2,1,R,2313,R,702,R,1611,R,30,R,12,R,18,R,61,R,17,R,44,R,309,R,88,R,221,R,459,R,149,R,310,R,4,R,2,R,2,R,1310,R,391,R,919,R,95,R,27,R,68,R,23,R,12,R,11,R,22,R,4,R,18,A,,A,,2025
227401,44,-2,1,R,331,R,122,R,209,R,7,R,3,R,4,R,0,R,0,R,0,R,35,R,13,R,22,R,68,R,25,R,43,R,1,R,1,R,0,R,195,R,71,R,124,R,22,R,9,R,13,R,0,R,0,R,0,R,3,R,0,R,3,A,,A,,2025
227401,45,-2,1,R,1982,R,580,R,1402,R,23,R,9,R,14,R,61,R,17,R,44,R,274,R,75,R,199,R,391,R,124,R,267,R,3,R,1,R,2,R,1115,R,320,R,795,R,73,R,18,R,55,R,23,R,12,R,11,R,19,R,4,R,15,A,,A,,2025
227401,51,-2,1,R,2330,R,927,R,1403,R,22,R,7,R,15,R,30,R,12,R,18,R,182,R,66,R,116,R,667,R,254,R,413,R,5,R,0,R,5,R,1278,R,533,R,745,R,100,R,40,R,60,R,30,R,12,R,18,R,16,R,3,R,13,A,,A,,2025
227401,59,-2,1,R,470,R,134,R,336,R,7,R,1,R,6,R,10,R,5,R,5,R,94,R,41,R,53,R,85,R,17,R,68,R,2,R,0,R,2,R,230,R,56,R,174,R,16,R,4,R,12,R,20,R,10,R,10,R,6,R,0,R,6,A,,A,,2025
227401,60,-2,1,R,1512,R,446,R,1066,R,16,R,8,R,8,R,51,R,12,R,39,R,180,R,34,R,146,R,306,R,107,R,199,R,1,R,1,R,0,R,885,R,264,R,621,R,57,R,14,R,43,R,3,R,2,R,1,R,13,R,4,R,9,A,,A,,2025
227526,1,1,999,R,10968,R,3775,R,7193,R,14,R,6,R,8,R,104,R,58,R,46,R,9074,R,2971,R,6103,R,787,R,302,R,485,R,6,R,0,R,6,R,137,R,73,R,64,R,382,R,121,R,261,R,204,R,92,R,112,R,260,R,152,R,108,R,0.0,R,10968.0,2025
227526,2,2,1,R,9582,R,3271,R,6311,R,12,R,5,R,7,R,75,R,45,R,30,R,8126,R,2686,R,5440,R,717,R,273,R,444,R,6,R,0,R,6,R,106,R,61,R,45,R,352,R,108,R,244,R,125,R,63,R,62,R,63,R,30,R,33,R,0.0,R,9582.0,2025
227526,3,-2,1,R,9582,R,3271,R,6311,R,12,R,5,R,7,R,75,R,45,R,30,R,8126,R,2686,R,5440,R,717,R,273,R,444,R,6,R,0,R,6,R,106,R,61,R,45,R,352,R,108,R,244,R,125,R,63,R,62,R,63,R,30,R,33,A,,A,,2025
227526,4,-2,1,R,2454,R,771,R,1683,R,4,R,1,R,3,R,18,R,11,R,7,R,2066,R,627,R,1439,R,169,R,59,R,110,R,1,R,0,R,1,R,16,R,12,R,4,R,103,R,26,R,77,R,67,R,32,R,35,R,10,R,3,R,7,A,,A,,2025
227526,5,-2,1,R,7128,R,2500,R,4628,R,8,R,4,R,4,R,57,R,34,R,23,R,6060,R,2059,R,4001,R,548,R,214,R,334,R,5,R,0,R,5,R,90,R,49,R,41,R,249,R,82,R,167,R,58,R,31,R,27,R,53,R,27,R,26,A,,A,,2025
227526,12,4,3,R,1386,R,504,R,882,R,2,R,1,R,1,R,29,R,13,R,16,R,948,R,285,R,663,R,70,R,29,R,41,R,0,R,0,R,0,R,31,R,12,R,19,R,30,R,13,R,17,R,79,R,29,R,50,R,197,R,122,R,75,R,0.0,R,1386.0,2025
227526,19,-2,1,R,705,R,327,R,378,R,0,R,0,R,0,R,11,R,6,R,5,R,548,R,239,R,309,R,81,R,42,R,39,R,1,R,0,R,1,R,20,R,11,R,9,R,26,R,14,R,12,R,14,R,12,R,2,R,4,R,3,R,1,A,,A,,2025
227526,20,-2,1,R,6423,R,2173,R,4250,R,8,R,4,R,4,R,46,R,28,R,18,R,5512,R,1820,R,3692,R,467,R,172,R,295,R,4,R,0,R,4,R,70,R,38,R,32,R,223,R,68,R,155,R,44,R,19,R,25,R,49,R,24,R,25,A,,A,,2025
227526,21,-2,999,R,9679,R,3272,R,6407,R,14,R,6,R,8,R,78,R,37,R,41,R,8060,R,2601,R,5459,R,679,R,258,R,421,R,6,R,0,R,6,R,113,R,61,R,52,R,354,R,111,R,243,R,154,R,70,R,84,R,221,R,128,R,93,A,,A,,2025
227526,22,-2,1,R,8809,R,2949,R,5860,R,12,R,5,R,7,R,64,R,36,R,28,R,7490,R,2434,R,5056,R,640,R,239,R,401,R,6,R,0,R,6,R,93,R,54,R,39,R,337,R,103,R,234,R,113,R,54,R,59,R,54,R,24,R,30,A,,A,,2025
227526,23,-2,1,R,8809,R,2949,R,5860,R,12,R,5,R,7,R,64,R,36,R,28,R,7490,R,2434,R,5056,R,640,R,239,R,401,R,6,R,0,R,6,R,93,R,54,R,39,R,337,R,103,R,234,R,113,R,54,R,59,R,54,R,24,R,30,A,,A,,2025
227526,24,-2,1,R,2399,R,746,R,1653,R,4,R,1,R,3,R,18,R,11,R,7,R,2021,R,605,R,1416,R,164,R,58,R,106,R,1,R,0,R,1,R,15,R,11,R,4,R,100,R,26,R,74,R,66,R,31,R,35,R,10,R,3,R,7,A,,A,,2025
227526,25,-2,1,R,6410,R,2203,R,4207,R,8,R,4,R,4,R,46,R,25,R,21,R,5469,R,1829,R,3640,R,476,R,181,R,295,R,5,R,0,R,5,R,78,R,43,R,35,R,237,R,77,R,160,R,47,R,23,R,24,R,44,R,21,R,23,A,,A,,2025
227526,32,-2,3,R,870,R,323,R,547,R,2,R,1,R,1,R,14,R,1,R,13,R,570,R,167,R,403,R,39,R,19,R,20,R,0,R,0,R,0,R,20,R,7,R,13,R,17,R,8,R,9,R,41,R,16,R,25,R,167,R,104,R,63,A,,A,,2025
227526,39,-2,1,R,612,R,278,R,334,R,0,R,0,R,0,R,8,R,5,R,3,R,482,R,204,R,278,R,68,R,36,R,32,R,1,R,0,R,1,R,17,R,10,R,7,R,23,R,13,R,10,R,9,R,7,R,2,R,4,R,3,R,1,A,,A,,2025
227526,40,-2,1,R,5798,R,1925,R,3873,R,8,R,4,R,4,R,38,R,20,R,18,R,4987,R,1625,R,3362,R,408,R,145,R,263,R,4,R,0,R,4,R,61,R,33,R,28,R,214,R,64,R,150,R,38,R,16,R,22,R,40,R,18,R,22,A,,A,,2025
227526,41,-2,999,R,1289,R,503,R,786,R,0,R,0,R,0,R,26,R,21,R,5,R,1014,R,370,R,644,R,108,R,44,R,64,R,0,R,0,R,0,R,24,R,12,R,12,R,28,R,10,R,18,R,50,R,22,R,28,R,39,R,24,R,15,A,,A,,2025
227526,42,-2,1,R,773,R,322,R,451,R,0,R,0,R,0,R,11,R,9,R,2,R,636,R,252,R,384,R,77,R,34,R,43,R,0,R,0,R,0,R,13,R,7,R,6,R,15,R,5,R,10,R,12,R,9,R,3,R,9,R,6,R,3,A,,A,,2025
227526,43,-2,1,R,773,R,322,R,451,R,0,R,0,R,0,R,11,R,9,R,2,R,636,R,252,R,384,R,77,R,34,R,43,R,0,R,0,R,0,R,13,R,7,R,6,R,15,R,5,R,10,R,12,R,9,R,3,R,9,R,6,R,3,A,,A,,2025
227526,44,-2,1,R,55,R,25,R,30,R,0,R,0,R,0,R,0,R,0,R,0,R,45,R,22,R,23,R,5,R,1,R,4,R,0,R,0,R,0,R,1,R,1,R,0,R,3,R,0,R,3,R,1,R,1,R,0,R,0,R,0,R,0,A,,A,,2025
227526,45,-2,1,R,718,R,297,R,421,R,0,R,0,R,0,R,11,R,9,R,2,R,591,R,230,R,361,R,72,R,33,R,39,R,0,R,0,R,0,R,12,R,6,R,6,R,12,R,5,R,7,R,11,R,8,R,3,R,9,R,6,R,3,A,,A,,2025
227526,52,-2,3,R,516,R,181,R,335,R,0,R,0,R,0,R,15,R,12,R,3,R,378,R,118,R,260,R,31,R,10,R,21,R,0,R,0,R,0,R,11,R,5,R,6,R,13,R,5,R,8,R,38,R,13,R,25,R,30,R,18,R,12,A,,A,,2025
227526,59,-2,1,R,93,R,49,R,44,R,0,R,0,R,0,R,3,R,1,R,2,R,66,R,35,R,31,R,13,R,6,R,7,R,0,R,0,R,0,R,3,R,1,R,2,R,3,R,1,R,2,R,5,R,5,R,0,R,0,R,0,R,0,A,,A,,2025
227526,60,-2,1,R,625,R,248,R,377,R,0,R,0,R,0,R,8,R,8,R,0,R,525,R,195,R,330,R,59,R,27,R,32,R,0,R,0,R,0,R,9,R,5,R,4,R,9,R,4,R,5,R,6,R,3,R,3,R,9,R,6,R,3,A,,A,,2025
227687,1,1,999,R,3049,R,1313,R,1736,R,5,R,3,R,2,R,18,R,11,R,7,R,104,R,60,R,44,R,987,R,410,R,577,R,3,R,2,R,1,R,1739,R,726,R,1013,R,111,R,51,R,60,R,7,R,5,R,2,R,75,R,45,R,30,R,0.0,R,3049.0,2025
227687,2,2,1,R,3049,R,1313,R,1736,R,5,R,3,R,2,R,18,R,11,R,7,R,104,R,60,R,44,R,987,R,410,R,577,R,3,R,2,R,1,R,1739,R,726,R,1013,R,111,R,51,R,60,R,7,R,5,R,2,R,75,R,45,R,30,R,0.0,R,3049.0,2025
227687,3,-2,1,R,1233,R,469,R,764,R,4,R,2,R,2,R,2,R,2,Z,0,R,82,R,48,R,34,R,405,R,146,R,259,R,1,R,1,Z,0,R,612,R,203,R,409,R,48,R,19,R,29,R,4,R,3,R,1,R,75,R,45,R,30,A,,A,,2025
227687,4,-2,1,R,381,R,168,R,213,R,2,R,2,Z,0,Z,0,Z,0,Z,0,R,27,R,11,R,16,R,119,R,47,R,72,R,1,R,1,Z,0,R,167,R,69,R,98,R,18,R,9,R,9,R,4,R,3,R,1,R,43,R,26,R,17,A,,A,,2025
227687,5,-2,1,R,852,R,301,R,551,R,2,Z,0,R,2,R,2,R,2,Z,0,R,55,R,37,R,18,R,286,R,99,R,187,Z,0,Z,0,Z,0,R,445,R,134,R,311,R,30,R,10,R,20,R,0,R,0,Z,0,R,32,R,19,R,13,A,,A,,2025
227687,11,-2,1,R,1816,R,844,R,972,R,1,R,1,Z,0,R,16,R,9,R,7,R,22,R,12,R,10,R,582,R,264,R,318,R,2,R,1,R,1,R,1127,R,523,R,604,R,63,R,32,R,31,R,3,R,2,R,1,Z,0,Z,0,Z,0,A,,A,,2025
227687,19,-2,1,R,178,R,65,R,113,R,1,Z,0,R,1,Z,0,Z,0,Z,0,R,18,R,12,R,6,R,49,R,15,R,34,Z,0,Z,0,Z,0,R,98,R,31,R,67,R,6,R,3,R,3,R,0,R,0,Z,0,R,6,R,4,R,2,A,,A,,2025
227687,20,-2,1,R,674,R,236,R,438,R,1,Z,0,R,1,R,2,R,2,Z,0,R,37,R,25,R,12,R,237,R,84,R,153,Z,0,Z,0,Z,0,R,347,R,103,R,244,R,24,R,7,R,17,Z,0,Z,0,Z,0,R,26,R,15,R,11,A,,A,,2025
227687,21,-2,999,R,1065,R,415,R,650,R,2,R,2,Z,0,R,3,R,2,R,1,R,68,R,42,R,26,R,360,R,129,R,231,R,1,R,1,Z,0,R,514,R,173,R,341,R,41,R,20,R,21,R,3,R,2,R,1,R,73,R,44,R,29,A,,A,,2025
227687,22,-2,1,R,1065,R,415,R,650,R,2,R,2,Z,0,R,3,R,2,R,1,R,68,R,42,R,26,R,360,R,129,R,231,R,1,R,1,Z,0,R,514,R,173,R,341,R,41,R,20,R,21,R,3,R,2,R,1,R,73,R,44,R,29,A,,A,,2025
227687,23,-2,1,R,987,R,398,R,589,R,2,R,2,Z,0,R,2,R,2,Z,0,R,68,R,42,R,26,R,328,R,123,R,205,R,1,R,1,Z,0,R,471,R,163,R,308,R,39,R,19,R,20,R,3,R,2,R,1,R,73,R,44,R,29,A,,A,,2025
227687,24,-2,1,R,328,R,147,R,181,R,2,R,2,Z,0,Z,0,Z,0,Z,0,R,26,R,11,R,15,R,103,R,43,R,60,R,1,R,1,Z,0,R,136,R,53,R,83,R,15,R,9,R,6,R,3,R,2,R,1,R,42,R,26,R,16,A,,A,,2025
227687,25,-2,1,R,659,R,251,R,408,Z,0,Z,0,Z,0,R,2,R,2,Z,0,R,42,R,31,R,11,R,225,R,80,R,145,Z,0,Z,0,Z,0,R,335,R,110,R,225,R,24,R,10,R,14,R,0,R,0,Z,0,R,31,R,18,R,13,A,,A,,2025
227687,31,-2,1,R,78,R,17,R,61,Z,0,Z,0,Z,0,R,1,Z,0,R,1,Z,0,Z,0,Z,0,R,32,R,6,R,26,Z,0,Z,0,Z,0,R,43,R,10,R,33,R,2,R,1,R,1,Z,0,Z,0,Z,0,Z,0,Z,0,Z,0,A,,A,,2025
227687,39,-2,1,R,132,R,55,R,77,Z,0,Z,0,Z,0,Z,0,Z,0,Z,0,R,14,R,10,R,4,R,36,R,11,R,25,Z,0,Z,0,Z,0,R,72,R,27,R,45,R,4,R,3,R,1,R,0,R,0,Z,0,R,6,R,4,R,2,A,,A,,2025
227687,40,-2,1,R,527,R,196,R,331,Z,0,Z,0,Z,0,R,2,R,2,Z,0,R,28,R,21,R,7,R,189,R,69,R,120,Z,0,Z,0,Z,0,R,263,R,83,R,180,R,20,R,7,R,13,Z,0,Z,0,Z,0,R,25,R,14,R,11,A,,A,,2025
227687,41,-2,999,R,1984,R,898,R,1086,R,3,R,1,R,2,R,15,R,9,R,6,R,36,R,18,R,18,R,627,R,281,R,346,R,2,R,1,R,1,R,1225,R,553,R,672,R,70,R,31,R,39,R,4,R,3,R,1,R,2,R,1,R,1,A,,A,,2025
227687,42,-2,1,R,1984,R,898,R,1086,R,3,R,1,R,2,R,15,R,9,R,6,R,36,R,18,R,18,R,627,R,281,R,346,R,2,R,1,R,1,R,1225,R,553,R,672,R,70,R,31,R,39,R,4,R,3,R,1,R,2,R,1,R,1,A,,A,,2025
227687,43,-2,1,R,246,R,71,R,175,R,2,Z,0,R,2,Z,0,Z,0,Z,0,R,14,R,6,R,8,R,77,R,23,R,54,Z,0,Z,0,Z,0,R,141,R,40,R,101,R,9,Z,0,R,9,R,1,R,1,Z,0,R,2,R,1,R,1,A,,A,,2025
227687,44,-2,1,R,53,R,21,R,32,Z,0,Z,0,Z,0,Z,0,Z,0,Z,0,R,1,Z,0,R,1,R,16,R,4,R,12,Z,0,Z,0,Z,0,R,31,R,16,R,15,R,3,Z,0,R,3,R,1,R,1,Z,0,R,1,Z,0,R,1,A,,A,,2025
227687,45,-2,1,R,193,R,50,R,143,R,2,Z,0,R,2,Z,0,Z,0,Z,0,R,13,R,6,R,7,R,61,R,19,R,42,Z,0,Z,0,Z,0,R,110,R,24,R,86,R,6,Z,0,R,6,Z,0,Z,0,Z,0,R,1,R,1,Z,0,A,,A,,2025
227687,51,-2,1,R,1738,R,827,R,911,R,1,R,1,Z,0,R,15,R,9,R,6,R,22,R,12,R,10,R,550,R,258,R,292,R,2,R,1,R,1,R,1084,R,513,R,571,R,61,R,31,R,30,R,3,R,2,R,1,Z,0,Z,0,Z,0,A,,A,,2025
227687,59,-2,1,R,46,R,10,R,36,R,1,Z,0,R,1,Z,0,Z,0,Z,0,R,4,R,2,R,2,R,13,R,4,R,9,Z,0,Z,0,Z,0,R,26,R,4,R,22,R,2,Z,0,R,2,Z,0,Z,0,Z,0,Z,0,Z,0,Z,0,A,,A,,2025
227687,60,-2,1,R,147,R,40,R,107,R,1,Z,0,R,1,Z,0,Z,0,Z,0,R,9,R,4,R,5,R,48,R,15,R,33,Z,0,Z,0,Z,0,R,84,R,20,R,64,R,4,Z,0,R,4,Z,0,Z,0,Z,0,R,1,R,1,Z,0,A,,A,,2025
227854,1,1,999,R,28889,R,11884,R,17005,R,69,R,34,R,35,R,734,R,291,R,443,R,2622,R,988,R,1634,R,19371,R,7881,R,11490,R,42,R,20,R,22,R,4565,R,2027,R,2538,R,1020,R,416,R,604,R,423,R,209,R,214,R,43,R,18,R,25,R,0.0,R,28889.0,2025
227854,2,2,1,R,28889,R,11884,R,17005,R,69,R,34,R,35,R,734,R,291,R,443,R,2622,R,988,R,1634,R,19371,R,7881,R,11490,R,42,R,20,R,22,R,4565,R,2027,R,2538,R,1020,R,416,R,604,R,423,R,209,R,214,R,43,R,18,R,25,R,0.0,R,28889.0,2025
227854,3,-2,1,R,23025,R,8990,R,14035,R,50,R,19,R,31,R,617,R,234,R,383,R,2210,R,818,R,1392,R,15481,R,5985,R,9496,R,33,R,15,R,18,R,3603,R,1517,R,2086,R,854,R,334,R,520,R,134,R,50,R,84,R,43,R,18,R,25,A,,A,,2025
227854,4,-2,1,R,3811,R,1719,R,2092,R,9,R,4,R,5,R,67,R,33,R,34,R,334,R,153,R,181,R,2777,R,1244,R,1533,R,4,R,1,R,3,R,466,R,218,R,248,R,123,R,51,R,72,R,30,R,15,R,15,R,1,R,0,R,1,A,,A,,2025
227854,5,-2,1,R,19214,R,7271,R,11943,R,41,R,15,R,26,R,550,R,201,R,349,R,1876,R,665,R,1211,R,12704,R,4741,R,7963,R,29,R,14,R,15,R,3137,R,1299,R,1838,R,731,R,283,R,448,R,104,R,35,R,69,R,42,R,18,R,24,A,,A,,2025
227854,11,-2,1,R,5864,R,2894,R,2970,R,19,R,15,R,4,R,117,R,57,R,60,R,412,R,170,R,242,R,3890,R,1896,R,1994,R,9,R,5,R,4,R,962,R,510,R,452,R,166,R,82,R,84,R,289,R,159,R,130,R,0,R,0,R,0,A,,A,,2025
227854,19,-2,1,R,2927,R,1011,R,1916,R,4,R,3,R,1,R,128,R,37,R,91,R,353,R,122,R,231,R,1678,R,570,R,1108,R,7,R,3,R,4,R,622,R,230,R,392,R,108,R,38,R,70,R,27,R,8,R,19,R,0,R,0,R,0,A,,A,,2025
227854,20,-2,1,R,16287,R,6260,R,10027,R,37,R,12,R,25,R,422,R,164,R,258,R,1523,R,543,R,980,R,11026,R,4171,R,6855,R,22,R,11,R,11,R,2515,R,1069,R,1446,R,623,R,245,R,378,R,77,R,27,R,50,R,42,R,18,R,24,A,,A,,2025
227854,21,-2,999,R,2800,R,1409,R,1391,R,8,R,4,R,4,R,41,R,15,R,26,R,285,R,107,R,178,R,1961,R,1021,R,940,R,3,R,0,R,3,R,368,R,196,R,172,R,83,R,45,R,38,R,46,R,18,R,28,R,5,R,3,R,2,A,,A,,2025
227854,22,-2,1,R,2800,R,1409,R,1391,R,8,R,4,R,4,R,41,R,15,R,26,R,285,R,107,R,178,R,1961,R,1021,R,940,R,3,R,0,R,3,R,368,R,196,R,172,R,83,R,45,R,38,R,46,R,18,R,28,R,5,R,3,R,2,A,,A,,2025
227854,23,-2,1,R,2314,R,1184,R,1130,R,7,R,4,R,3,R,31,R,10,R,21,R,243,R,97,R,146,R,1633,R,859,R,774,R,3,R,0,R,3,R,297,R,161,R,136,R,76,R,41,R,35,R,19,R,9,R,10,R,5,R,3,R,2,A,,A,,2025
227854,24,-2,1,R,900,R,484,R,416,R,1,R,0,R,1,R,5,R,2,R,3,R,89,R,41,R,48,R,700,R,381,R,319,R,1,R,0,R,1,R,82,R,48,R,34,R,16,R,10,R,6,R,6,R,2,R,4,R,0,R,0,R,0,A,,A,,2025
227854,25,-2,1,R,1414,R,700,R,714,R,6,R,4,R,2,R,26,R,8,R,18,R,154,R,56,R,98,R,933,R,478,R,455,R,2,R,0,R,2,R,215,R,113,R,102,R,60,R,31,R,29,R,13,R,7,R,6,R,5,R,3,R,2,A,,A,,2025
227854,31,-2,1,R,486,R,225,R,261,R,1,R,0,R,1,R,10,R,5,R,5,R,42,R,10,R,32,R,328,R,162,R,166,R,0,R,0,R,0,R,71,R,35,R,36,R,7,R,4,R,3,R,27,R,9,R,18,R,0,R,0,R,0,A,,A,,2025
227854,39,-2,1,R,171,R,71,R,100,R,1,R,1,R,0,R,7,R,1,R,6,R,30,R,10,R,20,R,91,R,40,R,51,R,0,R,0,R,0,R,30,R,14,R,16,R,10,R,4,R,6,R,2,R,1,R,1,R,0,R,0,R,0,A,,A,,2025
227854,40,-2,1,R,1243,R,629,R,614,R,5,R,3,R,2,R,19,R,7,R,12,R,124,R,46,R,78,R,842,R,438,R,404,R,2,R,0,R,2,R,185,R,99,R,86,R,50,R,27,R,23,R,11,R,6,R,5,R,5,R,3,R,2,A,,A,,2025
227854,41,-2,999,R,26089,R,10475,R,15614,R,61,R,30,R,31,R,693,R,276,R,417,R,2337,R,881,R,1456,R,17410,R,6860,R,10550,R,39,R,20,R,19,R,4197,R,1831,R,2366,R,937,R,371,R,566,R,377,R,191,R,186,R,38,R,15,R,23,A,,A,,2025
227854,42,-2,1,R,26089,R,10475,R,15614,R,61,R,30,R,31,R,693,R,276,R,417,R,2337,R,881,R,1456,R,17410,R,6860,R,10550,R,39,R,20,R,19,R,4197,R,1831,R,2366,R,937,R,371,R,566,R,377,R,191,R,186,R,38,R,15,R,23,A,,A,,2025
227854,43,-2,1,R,20711,R,7806,R,12905,R,43,R,15,R,28,R,586,R,224,R,362,R,1967,R,721,R,1246,R,13848,R,5126,R,8722,R,30,R,15,R,15,R,3306,R,1356,R,1950,R,778,R,293,R,485,R,115,R,41,R,74,R,38,R,15,R,23,A,,A,,2025
227854,44,-2,1,R,2911,R,1235,R,1676,R,8,R,4,R,4,R,62,R,31,R,31,R,245,R,112,R,133,R,2077,R,863,R,1214,R,3,R,1,R,2,R,384,R,170,R,214,R,107,R,41,R,66,R,24,R,13,R,11,R,1,R,0,R,1,A,,A,,2025
227854,45,-2,1,R,17800,R,6571,R,11229,R,35,R,11,R,24,R,524,R,193,R,331,R,1722,R,609,R,1113,R,11771,R,4263,R,7508,R,27,R,14,R,13,R,2922,R,1186,R,1736,R,671,R,252,R,419,R,91,R,28,R,63,R,37,R,15,R,22,A,,A,,2025
227854,51,-2,1,R,5378,R,2669,R,2709,R,18,R,15,R,3,R,107,R,52,R,55,R,370,R,160,R,210,R,3562,R,1734,R,1828,R,9,R,5,R,4,R,891,R,475,R,416,R,159,R,78,R,81,R,262,R,150,R,112,R,0,R,0,R,0,A,,A,,2025
227854,59,-2,1,R,2756,R,940,R,1816,R,3,R,2,R,1,R,121,R,36,R,85,R,323,R,112,R,211,R,1587,R,530,R,1057,R,7,R,3,R,4,R,592,R,216,R,376,R,98,R,34,R,64,R,25,R,7,R,18,R,0,R,0,R,0,A,,A,,2025
227854,60,-2,1,R,15044,R,5631,R,9413,R,32,R,9,R,23,R,403,R,157,R,246,R,1399,R,497,R,902,R,10184,R,3733,R,6451,R,20,R,11,R,9,R,2330,R,970,R,1360,R,573,R,218,R,355,R,66,R,21,R,45,R,37,R,15,R,22,A,,A,,2025
227881,1,1,999,R,23409,R,8629,R,14780,R,155,R,63,R,92,R,744,R,310,R,434,R,3945,R,1400,R,2545,R,6567,R,2212,R,4355,R,26,R,12,R,14,R,10492,R,3965,R,6527,R,808,R,306,R,502,R,392,R,216,R,176,R,280,R,145,R,135,R,0.0,R,23409.0,2025
227881,2,2,1,R,19433,R,7343,R,12090,R,142,R,59,R,83,R,430,R,192,R,238,R,3445,R,1269,R,2176,R,5575,R,1933,R,3642,R,23,R,12,R,11,R,8621,R,3334,R,5287,R,719,R,277,R,442,R,337,R,194,R,143,R,141,R,73,R,68,R,0.0,R,19433.0,2025
227881,3,-2,1,R,19338,R,7308,R,12030,R,142,R,59,R,83,R,421,R,188,R,233,R,3435,R,1265,R,2170,R,5552,R,1927,R,3625,R,23,R,12,R,11,R,8581,R,3319,R,5262,R,716,R,275,R,441,R,331,R,191,R,140,R,137,R,72,R,65,A,,A,,2025
227881,4,-2,1,R,3480,R,1328,R,2152,R,15,R,9,R,6,R,62,R,26,R,36,R,788,R,299,R,489,R,1132,R,403,R,729,R,5,R,3,R,2,R,1287,R,508,R,779,R,143,R,57,R,86,R,28,R,12,R,16,R,20,R,11,R,9,A,,A,,2025
227881,5,-2,1,R,15858,R,5980,R,9878,R,127,R,50,R,77,R,359,R,162,R,197,R,2647,R,966,R,1681,R,4420,R,1524,R,2896,R,18,R,9,R,9,R,7294,R,2811,R,4483,R,573,R,218,R,355,R,303,R,179,R,124,R,117,R,61,R,56,A,,A,,2025
227881,11,-2,1,R,95,R,35,R,60,Z,0,Z,0,Z,0,R,9,R,4,R,5,R,10,R,4,R,6,R,23,R,6,R,17,Z,0,Z,0,Z,0,R,40,R,15,R,25,R,3,R,2,R,1,R,6,R,3,R,3,R,4,R,1,R,3,A,,A,,2025
227881,12,4,3,R,3976,R,1286,R,2690,R,13,R,4,R,9,R,314,R,118,R,196,R,500,R,131,R,369,R,992,R,279,R,713,R,3,Z,0,R,3,R,1871,R,631,R,1240,R,89,R,29,R,60,R,55,R,22,R,33,R,139,R,72,R,67,R,0.0,R,3976.0,2025
227881,19,-2,1,R,2706,R,1046,R,1660,R,31,R,13,R,18,R,73,R,32,R,41,R,400,R,159,R,241,R,712,R,234,R,478,R,6,R,3,R,3,R,1257,R,498,R,759,R,108,R,32,R,76,R,83,R,52,R,31,R,36,R,23,R,13,A,,A,,2025
227881,20,-2,1,R,13152,R,4934,R,8218,R,96,R,37,R,59,R,286,R,130,R,156,R,2247,R,807,R,1440,R,3708,R,1290,R,2418,R,12,R,6,R,6,R,6037,R,2313,R,3724,R,465,R,186,R,279,R,220,R,127,R,93,R,81,R,38,R,43,A,,A,,2025
227881,21,-2,999,R,17270,R,6463,R,10807,R,104,R,43,R,61,R,577,R,243,R,334,R,3055,R,1114,R,1941,R,4888,R,1692,R,3196,R,20,R,10,R,10,R,7586,R,2919,R,4667,R,628,R,238,R,390,R,205,R,103,R,102,R,207,R,101,R,106,A,,A,,2025
227881,22,-2,1,R,15574,R,5882,R,9692,R,98,R,43,R,55,R,328,R,147,R,181,R,2880,R,1071,R,1809,R,4492,R,1561,R,2931,R,19,R,10,R,9,R,6857,R,2667,R,4190,R,587,R,225,R,362,R,183,R,93,R,90,R,130,R,65,R,65,A,,A,,2025
227881,23,-2,1,R,15567,R,5880,R,9687,R,98,R,43,R,55,R,328,R,147,R,181,R,2879,R,1070,R,1809,R,4490,R,1561,R,2929,R,19,R,10,R,9,R,6856,R,2667,R,4189,R,587,R,225,R,362,R,183,R,93,R,90,R,127,R,64,R,63,A,,A,,2025
227881,24,-2,1,R,3273,R,1254,R,2019,R,13,R,8,R,5,R,55,R,24,R,31,R,739,R,283,R,456,R,1077,R,389,R,688,R,5,R,3,R,2,R,1210,R,474,R,736,R,130,R,52,R,78,R,26,R,11,R,15,R,18,R,10,R,8,A,,A,,2025
227881,25,-2,1,R,12294,R,4626,R,7668,R,85,R,35,R,50,R,273,R,123,R,150,R,2140,R,787,R,1353,R,3413,R,1172,R,2241,R,14,R,7,R,7,R,5646,R,2193,R,3453,R,457,R,173,R,284,R,157,R,82,R,75,R,109,R,54,R,55,A,,A,,2025
227881,31,-2,1,R,7,R,2,R,5,Z,0,Z,0,Z,0,Z,0,Z,0,Z,0,R,1,R,1,Z,0,R,2,Z,0,R,2,Z,0,Z,0,Z,0,R,1,Z,0,R,1,Z,0,Z,0,Z,0,Z,0,Z,0,Z,0,R,3,R,1,R,2,A,,A,,2025
227881,32,-2,3,R,1696,R,581,R,1115,R,6,Z,0,R,6,R,249,R,96,R,153,R,175,R,43,R,132,R,396,R,131,R,265,R,1,Z,0,R,1,R,729,R,252,R,477,R,41,R,13,R,28,R,22,R,10,R,12,R,77,R,36,R,41,A,,A,,2025
227881,39,-2,1,R,1820,R,733,R,1087,R,20,R,12,R,8,R,45,R,19,R,26,R,282,R,120,R,162,R,447,R,150,R,297,R,5,R,3,R,2,R,865,R,357,R,508,R,75,R,22,R,53,R,46,R,28,R,18,R,35,R,22,R,13,A,,A,,2025
227881,40,-2,1,R,10474,R,3893,R,6581,R,65,R,23,R,42,R,228,R,104,R,124,R,1858,R,667,R,1191,R,2966,R,1022,R,1944,R,9,R,4,R,5,R,4781,R,1836,R,2945,R,382,R,151,R,231,R,111,R,54,R,57,R,74,R,32,R,42,A,,A,,2025
227881,41,-2,999,R,6139,R,2166,R,3973,R,51,R,20,R,31,R,167,R,67,R,100,R,890,R,286,R,604,R,1679,R,520,R,1159,R,6,R,2,R,4,R,2906,R,1046,R,1860,R,180,R,68,R,112,R,187,R,113,R,74,R,73,R,44,R,29,A,,A,,2025
227881,42,-2,1,R,3859,R,1461,R,2398,R,44,R,16,R,28,R,102,R,45,R,57,R,565,R,198,R,367,R,1083,R,372,R,711,R,4,R,2,R,2,R,1764,R,667,R,1097,R,132,R,52,R,80,R,154,R,101,R,53,R,11,R,8,R,3,A,,A,,2025
227881,43,-2,1,R,3771,R,1428,R,2343,R,44,R,16,R,28,R,93,R,41,R,52,R,556,R,195,R,361,R,1062,R,366,R,696,R,4,R,2,R,2,R,1725,R,652,R,1073,R,129,R,50,R,79,R,148,R,98,R,50,R,10,R,8,R,2,A,,A,,2025
227881,44,-2,1,R,207,R,74,R,133,R,2,R,1,R,1,R,7,R,2,R,5,R,49,R,16,R,33,R,55,R,14,R,41,Z,0,Z,0,Z,0,R,77,R,34,R,43,R,13,R,5,R,8,R,2,R,1,R,1,R,2,R,1,R,1,A,,A,,2025
227881,45,-2,1,R,3564,R,1354,R,2210,R,42,R,15,R,27,R,86,R,39,R,47,R,507,R,179,R,328,R,1007,R,352,R,655,R,4,R,2,R,2,R,1648,R,618,R,1030,R,116,R,45,R,71,R,146,R,97,R,49,R,8,R,7,R,1,A,,A,,2025
227881,51,-2,1,R,88,R,33,R,55,Z,0,Z,0,Z,0,R,9,R,4,R,5,R,9,R,3,R,6,R,21,R,6,R,15,Z,0,Z,0,Z,0,R,39,R,15,R,24,R,3,R,2,R,1,R,6,R,3,R,3,R,1,Z,0,R,1,A,,A,,2025
227881,52,-2,3,R,2280,R,705,R,1575,R,7,R,4,R,3,R,65,R,22,R,43,R,325,R,88,R,237,R,596,R,148,R,448,R,2,Z,0,R,2,R,1142,R,379,R,763,R,48,R,16,R,32,R,33,R,12,R,21,R,62,R,36,R,26,A,,A,,2025
227881,59,-2,1,R,886,R,313,R,573,R,11,R,1,R,10,R,28,R,13,R,15,R,118,R,39,R,79,R,265,R,84,R,181,R,1,Z,0,R,1,R,392,R,141,R,251,R,33,R,10,R,23,R,37,R,24,R,13,R,1,R,1,Z,0,A,,A,,2025
227881,60,-2,1,R,2678,R,1041,R,1637,R,31,R,14,R,17,R,58,R,26,R,32,R,389,R,140,R,249,R,742,R,268,R,474,R,3,R,2,R,1,R,1256,R,477,R,779,R,83,R,35,R,48,R,109,R,73,R,36,R,7,R,6,R,1,A,,A,,2025
227924,1,1,999,R,31776,R,12336,R,19440,R,73,R,33,R,40,R,854,R,339,R,515,R,2330,R,911,R,1419,R,21739,R,8158,R,13581,R,32,R,8,R,24,R,5331,R,2306,R,3025,R,1100,R,469,R,631,R,141,R,55,R,86,R,176,R,57,R,119,R,0.0,R,31776.0,2025
227924,2,2,1,R,31776,R,12336,R,19440,R,73,R,33,R,40,R,854,R,339,R,515,R,2330,R,911,R,1419,R,21739,R,8158,R,13581,R,32,R,8,R,24,R,5331,R,2306,R,3025,R,1100,R,469,R,631,R,141,R,55,R,86,R,176,R,57,R,119,R,0.0,R,31776.0,2025
227924,3,-2,1,R,27026,R,10458,R,16568,R,67,R,30,R,37,R,696,R,284,R,412,R,2088,R,819,R,1269,R,18456,R,6883,R,11573,R,26,R,7,R,19,R,4483,R,1944,R,2539,R,952,R,399,R,553,R,98,R,41,R,57,R,160,R,51,R,109,A,,A,,2025
227924,4,-2,1,R,4426,R,1835,R,2591,R,14,R,5,R,9,R,111,R,50,R,61,R,278,R,116,R,162,R,3182,R,1270,R,1912,R,7,R,1,R,6,R,664,R,318,R,346,R,125,R,59,R,66,R,21,R,10,R,11,R,24,R,6,R,18,A,,A,,2025
227924,5,-2,1,R,22600,R,8623,R,13977,R,53,R,25,R,28,R,585,R,234,R,351,R,1810,R,703,R,1107,R,15274,R,5613,R,9661,R,19,R,6,R,13,R,3819,R,1626,R,2193,R,827,R,340,R,487,R,77,R,31,R,46,R,136,R,45,R,91,A,,A,,2025
227924,11,-2,1,R,4750,R,1878,R,2872,R,6,R,3,R,3,R,158,R,55,R,103,R,242,R,92,R,150,R,3283,R,1275,R,2008,R,6,R,1,R,5,R,848,R,362,R,486,R,148,R,70,R,78,R,43,R,14,R,29,R,16,R,6,R,10,A,,A,,2025
227924,19,-2,1,R,3425,R,1355,R,2070,R,7,R,5,R,2,R,92,R,27,R,65,R,322,R,135,R,187,R,2065,R,775,R,1290,R,2,R,1,R,1,R,769,R,343,R,426,R,113,R,49,R,64,R,26,R,11,R,15,R,29,R,9,R,20,A,,A,,2025
227924,20,-2,1,R,19175,R,7268,R,11907,R,46,R,20,R,26,R,493,R,207,R,286,R,1488,R,568,R,920,R,13209,R,4838,R,8371,R,17,R,5,R,12,R,3050,R,1283,R,1767,R,714,R,291,R,423,R,51,R,20,R,31,R,107,R,36,R,71,A,,A,,2025
227924,21,-2,999,R,4961,R,2004,R,2957,R,12,R,5,R,7,R,112,R,47,R,65,R,271,R,105,R,166,R,3522,R,1385,R,2137,R,5,R,2,R,3,R,790,R,371,R,419,R,123,R,50,R,73,R,16,R,6,R,10,R,110,R,33,R,77,A,,A,,2025
227924,22,-2,1,R,4961,R,2004,R,2957,R,12,R,5,R,7,R,112,R,47,R,65,R,271,R,105,R,166,R,3522,R,1385,R,2137,R,5,R,2,R,3,R,790,R,371,R,419,R,123,R,50,R,73,R,16,R,6,R,10,R,110,R,33,R,77,A,,A,,2025
227924,23,-2,1,R,4491,R,1786,R,2705,R,12,R,5,R,7,R,104,R,43,R,61,R,256,R,95,R,161,R,3146,R,1219,R,1927,R,5,R,2,R,3,R,736,R,339,R,397,R,119,R,49,R,70,R,16,R,6,R,10,R,97,R,28,R,69,A,,A,,2025
227924,24,-2,1,R,1568,R,635,R,933,R,4,R,2,R,2,R,36,R,13,R,23,R,58,R,15,R,43,R,1186,R,471,R,715,R,3,R,1,R,2,R,223,R,109,R,114,R,35,R,18,R,17,R,8,R,2,R,6,R,15,R,4,R,11,A,,A,,2025
227924,25,-2,1,R,2923,R,1151,R,1772,R,8,R,3,R,5,R,68,R,30,R,38,R,198,R,80,R,118,R,1960,R,748,R,1212,R,2,R,1,R,1,R,513,R,230,R,283,R,84,R,31,R,53,R,8,R,4,R,4,R,82,R,24,R,58,A,,A,,2025
227924,31,-2,1,R,470,R,218,R,252,R,0,R,0,R,0,R,8,R,4,R,4,R,15,R,10,R,5,R,376,R,166,R,210,R,0,R,0,R,0,R,54,R,32,R,22,R,4,R,1,R,3,R,0,R,0,R,0,R,13,R,5,R,8,A,,A,,2025
227924,39,-2,1,R,459,R,181,R,278,R,0,R,0,R,0,R,8,R,3,R,5,R,47,R,21,R,26,R,267,R,95,R,172,R,0,R,0,R,0,R,105,R,52,R,53,R,8,R,4,R,4,R,2,R,0,R,2,R,22,R,6,R,16,A,,A,,2025
227924,40,-2,1,R,2464,R,970,R,1494,R,8,R,3,R,5,R,60,R,27,R,33,R,151,R,59,R,92,R,1693,R,653,R,1040,R,2,R,1,R,1,R,408,R,178,R,230,R,76,R,27,R,49,R,6,R,4,R,2,R,60,R,18,R,42,A,,A,,2025
227924,41,-2,999,R,26815,R,10332,R,16483,R,61,R,28,R,33,R,742,R,292,R,450,R,2059,R,806,R,1253,R,18217,R,6773,R,11444,R,27,R,6,R,21,R,4541,R,1935,R,2606,R,977,R,419,R,558,R,125,R,49,R,76,R,66,R,24,R,42,A,,A,,2025
227924,42,-2,1,R,26815,R,10332,R,16483,R,61,R,28,R,33,R,742,R,292,R,450,R,2059,R,806,R,1253,R,18217,R,6773,R,11444,R,27,R,6,R,21,R,4541,R,1935,R,2606,R,977,R,419,R,558,R,125,R,49,R,76,R,66,R,24,R,42,A,,A,,2025
227924,43,-2,1,R,22535,R,8672,R,13863,R,55,R,25,R,30,R,592,R,241,R,351,R,1832,R,724,R,1108,R,15310,R,5664,R,9646,R,21,R,5,R,16,R,3747,R,1605,R,2142,R,833,R,350,R,483,R,82,R,35,R,47,R,63,R,23,R,40,A,,A,,2025
227924,44,-2,1,R,2858,R,1200,R,1658,R,10,R,3,R,7,R,75,R,37,R,38,R,220,R,101,R,119,R,1996,R,799,R,1197,R,4,R,0,R,4,R,441,R,209,R,232,R,90,R,41,R,49,R,13,R,8,R,5,R,9,R,2,R,7,A,,A,,2025
227924,45,-2,1,R,19677,R,7472,R,12205,R,45,R,22,R,23,R,517,R,204,R,313,R,1612,R,623,R,989,R,13314,R,4865,R,8449,R,17,R,5,R,12,R,3306,R,1396,R,1910,R,743,R,309,R,434,R,69,R,27,R,42,R,54,R,21,R,33,A,,A,,2025
227924,51,-2,1,R,4280,R,1660,R,2620,R,6,R,3,R,3,R,150,R,51,R,99,R,227,R,82,R,145,R,2907,R,1109,R,1798,R,6,R,1,R,5,R,794,R,330,R,464,R,144,R,69,R,75,R,43,R,14,R,29,R,3,R,1,R,2,A,,A,,2025
227924,59,-2,1,R,2966,R,1174,R,1792,R,7,R,5,R,2,R,84,R,24,R,60,R,275,R,114,R,161,R,1798,R,680,R,1118,R,2,R,1,R,1,R,664,R,291,R,373,R,105,R,45,R,60,R,24,R,11,R,13,R,7,R,3,R,4,A,,A,,2025
227924,60,-2,1,R,16711,R,6298,R,10413,R,38,R,17,R,21,R,433,R,180,R,253,R,1337,R,509,R,828,R,11516,R,4185,R,7331,R,15,R,4,R,11,R,2642,R,1105,R,1537,R,638,R,264,R,374,R,45,R,16,R,29,R,47,R,18,R,29,A,,A,,2025
227979,1,1,999,R,44123,R,17791,R,26332,R,87,R,39,R,48,R,2369,R,1116,R,1253,R,4611,R,1570,R,3041,R,26231,R,10344,R,15887,R,34,R,12,R,22,R,7560,R,3299,R,4261,R,910,R,361,R,549,R,1177,R,534,R,643,R,1144,R,516,R,628,R,0.0,R,44123.0,2025
227979,2,2,1,R,44123,R,17791,R,26332,R,87,R,39,R,48,R,2369,R,1116,R,1253,R,4611,R,1570,R,3041,R,26231,R,10344,R,15887,R,34,R,12,R,22,R,7560,R,3299,R,4261,R,910,R,361,R,549,R,1177,R,534,R,643,R,1144,R,516,R,628,R,0.0,R,44123.0,2025
227979,3,-2,1,R,29109,R,11548,R,17561,R,56,R,24,R,32,R,1387,R,669,R,718,R,3017,R,1030,R,1987,R,17874,R,6839,R,11035,R,15,R,4,R,11,R,5005,R,2192,R,2813,R,581,R,233,R,348,R,374,R,186,R,188,R,800,R,371,R,429,A,,A,,2025
227979,4,-2,1,R,7501,R,3344,R,4157,R,21,R,11,R,10,R,261,R,142,R,119,R,717,R,342,R,375,R,4881,R,2069,R,2812,R,6,R,1,R,5,R,1163,R,559,R,604,R,140,R,64,R,76,R,153,R,80,R,73,R,159,R,76,R,83,A,,A,,2025
227979,5,-2,1,R,21608,R,8204,R,13404,R,35,R,13,R,22,R,1126,R,527,R,599,R,2300,R,688,R,1612,R,12993,R,4770,R,8223,R,9,R,3,R,6,R,3842,R,1633,R,2209,R,441,R,169,R,272,R,221,R,106,R,115,R,641,R,295,R,346,A,,A,,2025
227979,11,-2,1,R,15014,R,6243,R,8771,R,31,R,15,R,16,R,982,R,447,R,535,R,1594,R,540,R,1054,R,8357,R,3505,R,4852,R,19,R,8,R,11,R,2555,R,1107,R,1448,R,329,R,128,R,201,R,803,R,348,R,455,R,344,R,145,R,199,A,,A,,2025
227979,19,-2,1,R,2632,R,892,R,1740,R,6,R,3,R,3,R,167,R,79,R,88,R,609,R,156,R,453,R,1049,R,323,R,726,R,0,R,0,R,0,R,533,R,213,R,320,R,66,R,26,R,40,R,25,R,13,R,12,R,177,R,79,R,98,A,,A,,2025
227979,20,-2,1,R,18976,R,7312,R,11664,R,29,R,10,R,19,R,959,R,448,R,511,R,1691,R,532,R,1159,R,11944,R,4447,R,7497,R,9,R,3,R,6,R,3309,R,1420,R,1889,R,375,R,143,R,232,R,196,R,93,R,103,R,464,R,216,R,248,A,,A,,2025
227979,21,-2,999,R,12483,R,5324,R,7159,R,27,R,16,R,11,R,525,R,290,R,235,R,1105,R,409,R,696,R,7793,R,3172,R,4621,R,11,R,4,R,7,R,1993,R,956,R,1037,R,230,R,107,R,123,R,329,R,148,R,181,R,470,R,222,R,248,A,,A,,2025
227979,22,-2,1,R,12483,R,5324,R,7159,R,27,R,16,R,11,R,525,R,290,R,235,R,1105,R,409,R,696,R,7793,R,3172,R,4621,R,11,R,4,R,7,R,1993,R,956,R,1037,R,230,R,107,R,123,R,329,R,148,R,181,R,470,R,222,R,248,A,,A,,2025
227979,23,-2,1,R,10604,R,4550,R,6054,R,21,R,11,R,10,R,460,R,259,R,201,R,956,R,351,R,605,R,6594,R,2684,R,3910,R,8,R,2,R,6,R,1781,R,861,R,920,R,204,R,95,R,109,R,154,R,81,R,73,R,426,R,206,R,220,A,,A,,2025
227979,24,-2,1,R,4586,R,2051,R,2535,R,14,R,9,R,5,R,148,R,84,R,64,R,364,R,169,R,195,R,3128,R,1330,R,1798,R,2,R,0,R,2,R,687,R,336,R,351,R,81,R,40,R,41,R,83,R,42,R,41,R,79,R,41,R,38,A,,A,,2025
227979,25,-2,1,R,6018,R,2499,R,3519,R,7,R,2,R,5,R,312,R,175,R,137,R,592,R,182,R,410,R,3466,R,1354,R,2112,R,6,R,2,R,4,R,1094,R,525,R,569,R,123,R,55,R,68,R,71,R,39,R,32,R,347,R,165,R,182,A,,A,,2025
227979,31,-2,1,R,1879,R,774,R,1105,R,6,R,5,R,1,R,65,R,31,R,34,R,149,R,58,R,91,R,1199,R,488,R,711,R,3,R,2,R,1,R,212,R,95,R,117,R,26,R,12,R,14,R,175,R,67,R,108,R,44,R,16,R,28,A,,A,,2025
227979,39,-2,1,R,785,R,306,R,479,R,2,R,0,R,2,R,28,R,19,R,9,R,181,R,42,R,139,R,276,R,109,R,167,R,0,R,0,R,0,R,154,R,73,R,81,R,18,R,7,R,11,R,7,R,4,R,3,R,119,R,52,R,67,A,,A,,2025
227979,40,-2,1,R,5233,R,2193,R,3040,R,5,R,2,R,3,R,284,R,156,R,128,R,411,R,140,R,271,R,3190,R,1245,R,1945,R,6,R,2,R,4,R,940,R,452,R,488,R,105,R,48,R,57,R,64,R,35,R,29,R,228,R,113,R,115,A,,A,,2025
227979,41,-2,999,R,31640,R,12467,R,19173,R,60,R,23,R,37,R,1844,R,826,R,1018,R,3506,R,1161,R,2345,R,18438,R,7172,R,11266,R,23,R,8,R,15,R,5567,R,2343,R,3224,R,680,R,254,R,426,R,848,R,386,R,462,R,674,R,294,R,380,A,,A,,2025
227979,42,-2,1,R,31640,R,12467,R,19173,R,60,R,23,R,37,R,1844,R,826,R,1018,R,3506,R,1161,R,2345,R,18438,R,7172,R,11266,R,23,R,8,R,15,R,5567,R,2343,R,3224,R,680,R,254,R,426,R,848,R,386,R,462,R,674,R,294,R,380,A,,A,,2025
227979,43,-2,1,R,18505,R,6998,R,11507,R,35,R,13,R,22,R,927,R,410,R,517,R,2061,R,679,R,1382,R,11280,R,4155,R,7125,R,7,R,2,R,5,R,3224,R,1331,R,1893,R,377,R,138,R,239,R,220,R,105,R,115,R,374,R,165,R,209,A,,A,,2025
227979,44,-2,1,R,2915,R,1293,R,1622,R,7,R,2,R,5,R,113,R,58,R,55,R,353,R,173,R,180,R,1753,R,739,R,1014,R,4,R,1,R,3,R,476,R,223,R,253,R,59,R,24,R,35,R,70,R,38,R,32,R,80,R,35,R,45,A,,A,,2025
227979,45,-2,1,R,15590,R,5705,R,9885,R,28,R,11,R,17,R,814,R,352,R,462,R,1708,R,506,R,1202,R,9527,R,3416,R,6111,R,3,R,1,R,2,R,2748,R,1108,R,1640,R,318,R,114,R,204,R,150,R,67,R,83,R,294,R,130,R,164,A,,A,,2025
227979,51,-2,1,R,13135,R,5469,R,7666,R,25,R,10,R,15,R,917,R,416,R,501,R,1445,R,482,R,963,R,7158,R,3017,R,4141,R,16,R,6,R,10,R,2343,R,1012,R,1331,R,303,R,116,R,187,R,628,R,281,R,347,R,300,R,129,R,171,A,,A,,2025
227979,59,-2,1,R,1847,R,586,R,1261,R,4,R,3,R,1,R,139,R,60,R,79,R,428,R,114,R,314,R,773,R,214,R,559,R,0,R,0,R,0,R,379,R,140,R,239,R,48,R,19,R,29,R,18,R,9,R,9,R,58,R,27,R,31,A,,A,,2025
227979,60,-2,1,R,13743,R,5119,R,8624,R,24,R,8,R,16,R,675,R,292,R,383,R,1280,R,392,R,888,R,8754,R,3202,R,5552,R,3,R,1,R,2,R,2369,R,968,R,1401,R,270,R,95,R,175,R,132,R,58,R,74,R,236,R,103,R,133,A,,A,,2025
228158,1,1,999,R,13388,R,5486,R,7902,R,214,R,91,R,123,R,278,R,138,R,140,R,876,R,328,R,548,R,6833,R,2606,R,4227,R,19,R,8,R,11,R,5148,R,2303,R,2845,R,0,R,0,R,0,R,4,R,1,R,3,R,16,R,11,R,5,R,0.0,R,13388.0,2025
228158,2,2,1,R,13388,R,5486,R,7902,R,214,R,91,R,123,R,278,R,138,R,140,R,876,R,328,R,548,R,6833,R,2606,R,4227,R,19,R,8,R,11,R,5148,R,2303,R,2845,R,0,R,0,R,0,R,4,R,1,R,3,R,16,R,11,R,5,R,0.0,R,13388.0,2025
228158,3,-2,1,R,8580,R,3317,R,5263,R,137,R,56,R,81,R,192,R,97,R,95,R,718,R,265,R,453,R,4302,R,1489,R,2813,R,13,R,4,R,9,R,3198,R,1394,R,1804,R,0,R,0,R,0,R,4,R,1,R,3,R,16,R,11,R,5,A,,A,,2025
228158,4,-2,1,R,1932,R,865,R,1067,R,39,R,20,R,19,R,48,R,28,R,20,R,215,R,95,R,120,R,942,R,367,R,575,R,1,R,0,R,1,R,686,R,355,R,331,R,0,R,0,R,0,R,0,R,0,R,0,R,1,R,0,R,1,A,,A,,2025
228158,5,-2,1,R,6648,R,2452,R,4196,R,98,R,36,R,62,R,144,R,69,R,75,R,503,R,170,R,333,R,3360,R,1122,R,2238,R,12,R,4,R,8,R,2512,R,1039,R,1473,R,0,R,0,R,0,R,4,R,1,R,3,R,15,R,11,R,4,A,,A,,2025
228158,11,-2,1,R,4808,R,2169,R,2639,R,77,R,35,R,42,R,86,R,41,R,45,R,158,R,63,R,95,R,2531,R,1117,R,1414,R,6,R,4,R,2,R,1950,R,909,R,1041,R,0,R,0,R,0,R,0,R,0,R,0,R,0,R,0,R,0,A,,A,,2025
228158,19,-2,1,R,791,R,348,R,443,R,17,R,4,R,13,R,21,R,10,R,11,R,57,R,28,R,29,R,290,R,123,R,167,R,2,R,0,R,2,R,402,R,182,R,220,R,0,R,0,R,0,R,0,R,0,R,0,R,2,R,1,R,1,A,,A,,2025
228158,20,-2,1,R,5857,R,2104,R,3753,R,81,R,32,R,49,R,123,R,59,R,64,R,446,R,142,R,304,R,3070,R,999,R,2071,R,10,R,4,R,6,R,2110,R,857,R,1253,R,0,R,0,R,0,R,4,R,1,R,3,R,13,R,10,R,3,A,,A,,2025
228158,21,-2,999,R,5604,R,2280,R,3324,R,88,R,39,R,49,R,132,R,65,R,67,R,497,R,193,R,304,R,2959,R,1101,R,1858,R,7,R,4,R,3,R,1903,R,867,R,1036,R,0,R,0,R,0,R,3,R,1,R,2,R,15,R,10,R,5,A,,A,,2025
228158,22,-2,1,R,5604,R,2280,R,3324,R,88,R,39,R,49,R,132,R,65,R,67,R,497,R,193,R,304,R,2959,R,1101,R,1858,R,7,R,4,R,3,R,1903,R,867,R,1036,R,0,R,0,R,0,R,3,R,1,R,2,R,15,R,10,R,5,A,,A,,2025
228158,23,-2,1,R,5191,R,2131,R,3060,R,84,R,37,R,47,R,118,R,61,R,57,R,487,R,189,R,298,R,2720,R,1024,R,1696,R,6,R,3,R,3,R,1758,R,806,R,952,R,0,R,0,R,0,R,3,R,1,R,2,R,15,R,10,R,5,A,,A,,2025
228158,24,-2,1,R,1390,R,645,R,745,R,27,R,15,R,12,R,31,R,19,R,12,R,171,R,77,R,94,R,724,R,296,R,428,R,0,R,0,R,0,R,436,R,238,R,198,R,0,R,0,R,0,R,0,R,0,R,0,R,1,R,0,R,1,A,,A,,2025
228158,25,-2,1,R,3801,R,1486,R,2315,R,57,R,22,R,35,R,87,R,42,R,45,R,316,R,112,R,204,R,1996,R,728,R,1268,R,6,R,3,R,3,R,1322,R,568,R,754,R,0,R,0,R,0,R,3,R,1,R,2,R,14,R,10,R,4,A,,A,,2025
228158,31,-2,1,R,413,R,149,R,264,R,4,R,2,R,2,R,14,R,4,R,10,R,10,R,4,R,6,R,239,R,77,R,162,R,1,R,1,R,0,R,145,R,61,R,84,R,0,R,0,R,0,R,0,R,0,R,0,R,0,R,0,R,0,A,,A,,2025
228158,39,-2,1,R,392,R,176,R,216,R,6,R,0,R,6,R,12,R,6,R,6,R,34,R,17,R,17,R,153,R,66,R,87,R,0,R,0,R,0,R,185,R,86,R,99,R,0,R,0,R,0,R,0,R,0,R,0,R,2,R,1,R,1,A,,A,,2025
228158,40,-2,1,R,3409,R,1310,R,2099,R,51,R,22,R,29,R,75,R,36,R,39,R,282,R,95,R,187,R,1843,R,662,R,1181,R,6,R,3,R,3,R,1137,R,482,R,655,R,0,R,0,R,0,R,3,R,1,R,2,R,12,R,9,R,3,A,,A,,2025
228158,41,-2,999,R,7784,R,3206,R,4578,R,126,R,52,R,74,R,146,R,73,R,73,R,379,R,135,R,244,R,3874,R,1505,R,2369,R,12,R,4,R,8,R,3245,R,1436,R,1809,R,0,R,0,R,0,R,1,R,0,R,1,R,1,R,1,R,0,A,,A,,2025
228158,42,-2,1,R,7784,R,3206,R,4578,R,126,R,52,R,74,R,146,R,73,R,73,R,379,R,135,R,244,R,3874,R,1505,R,2369,R,12,R,4,R,8,R,3245,R,1436,R,1809,R,0,R,0,R,0,R,1,R,0,R,1,R,1,R,1,R,0,A,,A,,2025
228158,43,-2,1,R,3389,R,1186,R,2203,R,53,R,19,R,34,R,74,R,36,R,38,R,231,R,76,R,155,R,1582,R,465,R,1117,R,7,R,1,R,6,R,1440,R,588,R,852,R,0,R,0,R,0,R,1,R,0,R,1,R,1,R,1,R,0,A,,A,,2025
228158,44,-2,1,R,542,R,220,R,322,R,12,R,5,R,7,R,17,R,9,R,8,R,44,R,18,R,26,R,218,R,71,R,147,R,1,R,0,R,1,R,250,R,117,R,133,R,0,R,0,R,0,R,0,R,0,R,0,R,0,R,0,R,0,A,,A,,2025
228158,45,-2,1,R,2847,R,966,R,1881,R,41,R,14,R,27,R,57,R,27,R,30,R,187,R,58,R,129,R,1364,R,394,R,970,R,6,R,1,R,5,R,1190,R,471,R,719,R,0,R,0,R,0,R,1,R,0,R,1,R,1,R,1,R,0,A,,A,,2025
228158,51,-2,1,R,4395,R,2020,R,2375,R,73,R,33,R,40,R,72,R,37,R,35,R,148,R,59,R,89,R,2292,R,1040,R,1252,R,5,R,3,R,2,R,1805,R,848,R,957,R,0,R,0,R,0,R,0,R,0,R,0,R,0,R,0,R,0,A,,A,,2025
228158,59,-2,1,R,399,R,172,R,227,R,11,R,4,R,7,R,9,R,4,R,5,R,23,R,11,R,12,R,137,R,57,R,80,R,2,R,0,R,2,R,217,R,96,R,121,R,0,R,0,R,0,R,0,R,0,R,0,R,0,R,0,R,0,A,,A,,2025
228158,60,-2,1,R,2448,R,794,R,1654,R,30,R,10,R,20,R,48,R,23,R,25,R,164,R,47,R,117,R,1227,R,337,R,890,R,4,R,1,R,3,R,973,R,375,R,598,R,0,R,0,R,0,R,1,R,0,R,1,R,1,R,1,R,0,A,,A,,2025
228316,1,1,999,R,7651,R,3157,R,4494,R,38,R,22,R,16,R,37,R,20,R,17,R,61,R,33,R,28,R,6755,R,2737,R,4018,R,1,R,1,R,0,R,547,R,230,R,317,R,41,R,16,R,25,R,91,R,49,R,42,R,80,R,49,R,31,R,0.0,R,7651.0,2025
228316,2,2,1,R,7651,R,3157,R,4494,R,38,R,22,R,16,R,37,R,20,R,17,R,61,R,33,R,28,R,6755,R,2737,R,4018,R,1,R,1,R,0,R,547,R,230,R,317,R,41,R,16,R,25,R,91,R,49,R,42,R,80,R,49,R,31,R,0.0,R,7651.0,2025
228316,3,-2,1,R,4058,R,1468,R,2590,R,28,R,17,R,11,R,15,R,7,R,8,R,20,R,14,R,6,R,3704,R,1304,R,2400,R,0,R,0,R,0,R,193,R,71,R,122,R,8,R,5,R,3,R,27,R,12,R,15,R,63,R,38,R,25,A,,A,,2025
228316,4,-2,1,R,1272,R,532,R,740,R,9,R,6,R,3,R,1,R,1,R,0,R,8,R,5,R,3,R,1178,R,490,R,688,R,0,R,0,R,0,R,46,R,13,R,33,R,3,R,2,R,1,R,14,R,7,R,7,R,13,R,8,R,5,A,,A,,2025
228316,5,-2,1,R,2786,R,936,R,1850,R,19,R,11,R,8,R,14,R,6,R,8,R,12,R,9,R,3,R,2526,R,814,R,1712,R,0,R,0,R,0,R,147,R,58,R,89,R,5,R,3,R,2,R,13,R,5,R,8,R,50,R,30,R,20,A,,A,,2025
228316,11,-2,1,R,3593,R,1689,R,1904,R,10,R,5,R,5,R,22,R,13,R,9,R,41,R,19,R,22,R,3051,R,1433,R,1618,R,1,R,1,R,0,R,354,R,159,R,195,R,33,R,11,R,22,R,64,R,37,R,27,R,17,R,11,R,6,A,,A,,2025
228316,19,-2,1,R,121,R,44,R,77,R,0,R,0,R,0,R,0,R,0,R,0,R,1,R,1,R,0,R,98,R,35,R,63,R,0,R,0,R,0,R,20,R,8,R,12,R,1,R,0,R,1,R,0,R,0,R,0,R,1,R,0,R,1,A,,A,,2025
228316,20,-2,1,R,2665,R,892,R,1773,R,19,R,11,R,8,R,14,R,6,R,8,R,11,R,8,R,3,R,2428,R,779,R,1649,R,0,R,0,R,0,R,127,R,50,R,77,R,4,R,3,R,1,R,13,R,5,R,8,R,49,R,30,R,19,A,,A,,2025
228316,21,-2,999,R,2238,R,868,R,1370,R,15,R,12,R,3,R,7,R,3,R,4,R,20,R,12,R,8,R,2013,R,761,R,1252,R,0,R,0,R,0,R,120,R,51,R,69,R,10,R,4,R,6,R,27,R,12,R,15,R,26,R,13,R,13,A,,A,,2025
228316,22,-2,1,R,2238,R,868,R,1370,R,15,R,12,R,3,R,7,R,3,R,4,R,20,R,12,R,8,R,2013,R,761,R,1252,R,0,R,0,R,0,R,120,R,51,R,69,R,10,R,4,R,6,R,27,R,12,R,15,R,26,R,13,R,13,A,,A,,2025
228316,23,-2,1,R,1741,R,661,R,1080,R,15,R,12,R,3,R,6,R,2,R,4,R,12,R,7,R,5,R,1580,R,585,R,995,R,0,R,0,R,0,R,82,R,32,R,50,R,6,R,3,R,3,R,14,R,7,R,7,R,26,R,13,R,13,A,,A,,2025
228316,24,-2,1,R,739,R,287,R,452,R,7,R,6,R,1,R,0,R,0,R,0,R,5,R,2,R,3,R,688,R,266,R,422,R,0,R,0,R,0,R,22,R,5,R,17,R,2,R,1,R,1,R,8,R,3,R,5,R,7,R,4,R,3,A,,A,,2025
228316,25,-2,1,R,1002,R,374,R,628,R,8,R,6,R,2,R,6,R,2,R,4,R,7,R,5,R,2,R,892,R,319,R,573,R,0,R,0,R,0,R,60,R,27,R,33,R,4,R,2,R,2,R,6,R,4,R,2,R,19,R,9,R,10,A,,A,,2025
228316,31,-2,1,R,497,R,207,R,290,R,0,R,0,R,0,R,1,R,1,R,0,R,8,R,5,R,3,R,433,R,176,R,257,R,0,R,0,R,0,R,38,R,19,R,19,R,4,R,1,R,3,R,13,R,5,R,8,R,0,R,0,R,0,A,,A,,2025
228316,39,-2,1,R,60,R,22,R,38,R,0,R,0,R,0,R,0,R,0,R,0,R,0,R,0,R,0,R,44,R,16,R,28,R,0,R,0,R,0,R,14,R,6,R,8,R,1,R,0,R,1,R,0,R,0,R,0,R,1,R,0,R,1,A,,A,,2025
228316,40,-2,1,R,942,R,352,R,590,R,8,R,6,R,2,R,6,R,2,R,4,R,7,R,5,R,2,R,848,R,303,R,545,R,0,R,0,R,0,R,46,R,21,R,25,R,3,R,2,R,1,R,6,R,4,R,2,R,18,R,9,R,9,A,,A,,2025
228316,41,-2,999,R,5413,R,2289,R,3124,R,23,R,10,R,13,R,30,R,17,R,13,R,41,R,21,R,20,R,4742,R,1976,R,2766,R,1,R,1,R,0,R,427,R,179,R,248,R,31,R,12,R,19,R,64,R,37,R,27,R,54,R,36,R,18,A,,A,,2025
228316,42,-2,1,R,5413,R,2289,R,3124,R,23,R,10,R,13,R,30,R,17,R,13,R,41,R,21,R,20,R,4742,R,1976,R,2766,R,1,R,1,R,0,R,427,R,179,R,248,R,31,R,12,R,19,R,64,R,37,R,27,R,54,R,36,R,18,A,,A,,2025
228316,43,-2,1,R,2317,R,807,R,1510,R,13,R,5,R,8,R,9,R,5,R,4,R,8,R,7,R,1,R,2124,R,719,R,1405,R,0,R,0,R,0,R,111,R,39,R,72,R,2,R,2,R,0,R,13,R,5,R,8,R,37,R,25,R,12,A,,A,,2025
228316,44,-2,1,R,533,R,245,R,288,R,2,R,0,R,2,R,1,R,1,R,0,R,3,R,3,R,0,R,490,R,224,R,266,R,0,R,0,R,0,R,24,R,8,R,16,R,1,R,1,R,0,R,6,R,4,R,2,R,6,R,4,R,2,A,,A,,2025
228316,45,-2,1,R,1784,R,562,R,1222,R,11,R,5,R,6,R,8,R,4,R,4,R,5,R,4,R,1,R,1634,R,495,R,1139,R,0,R,0,R,0,R,87,R,31,R,56,R,1,R,1,R,0,R,7,R,1,R,6,R,31,R,21,R,10,A,,A,,2025
228316,51,-2,1,R,3096,R,1482,R,1614,R,10,R,5,R,5,R,21,R,12,R,9,R,33,R,14,R,19,R,2618,R,1257,R,1361,R,1,R,1,R,0,R,316,R,140,R,176,R,29,R,10,R,19,R,51,R,32,R,19,R,17,R,11,R,6,A,,A,,2025
228316,59,-2,1,R,61,R,22,R,39,R,0,R,0,R,0,R,0,R,0,R,0,R,1,R,1,R,0,R,54,R,19,R,35,R,0,R,0,R,0,R,6,R,2,R,4,R,0,R,0,R,0,R,0,R,0,R,0,R,0,R,0,R,0,A,,A,,2025
228316,60,-2,1,R,1723,R,540,R,1183,R,11,R,5,R,6,R,8,R,4,R,4,R,4,R,3,R,1,R,1580,R,476,R,1104,R,0,R,0,R,0,R,81,R,29,R,52,R,1,R,1,R,0,R,7,R,1,R,6,R,31,R,21,R,10,A,,A,,2025
228431,1,1,999,R,11800,R,4267,R,7533,R,54,R,24,R,30,R,154,R,55,R,99,R,1420,R,527,R,893,R,2541,R,861,R,1680,R,10,R,3,R,7,R,6686,R,2428,R,4258,R,459,R,169,R,290,R,307,R,116,R,191,R,169,R,84,R,85,R,0.0,R,11800.0,2025
228431,2,2,1,R,10093,R,3769,R,6324,R,44,R,21,R,23,R,129,R,52,R,77,R,1221,R,476,R,745,R,2299,R,798,R,1501,R,9,R,3,R,6,R,5639,R,2125,R,3514,R,399,R,153,R,246,R,268,R,105,R,163,R,85,R,36,R,49,R,0.0,R,10093.0,2025
228431,3,-2,1,R,9626,R,3588,R,6038,R,40,R,21,R,19,R,116,R,45,R,71,R,1195,R,464,R,731,R,2270,R,788,R,1482,R,8,R,2,R,6,R,5340,R,2011,R,3329,R,392,R,152,R,240,R,188,R,73,R,115,R,77,R,32,R,45,A,,A,,2025
228431,4,-2,1,R,2187,R,776,R,1411,R,6,R,4,R,2,R,24,R,11,R,13,R,286,R,96,R,190,R,603,R,201,R,402,R,4,R,1,R,3,R,1124,R,414,R,710,R,70,R,30,R,40,R,56,R,15,R,41,R,14,R,4,R,10,A,,A,,2025
228431,5,-2,1,R,7439,R,2812,R,4627,R,34,R,17,R,17,R,92,R,34,R,58,R,909,R,368,R,541,R,1667,R,587,R,1080,R,4,R,1,R,3,R,4216,R,1597,R,2619,R,322,R,122,R,200,R,132,R,58,R,74,R,63,R,28,R,35,A,,A,,2025
228431,11,-2,1,R,467,R,181,R,286,R,4,R,0,R,4,R,13,R,7,R,6,R,26,R,12,R,14,R,29,R,10,R,19,R,1,R,1,R,0,R,299,R,114,R,185,R,7,R,1,R,6,R,80,R,32,R,48,R,8,R,4,R,4,A,,A,,2025
228431,12,4,3,R,1707,R,498,R,1209,R,10,R,3,R,7,R,25,R,3,R,22,R,199,R,51,R,148,R,242,R,63,R,179,R,1,R,0,R,1,R,1047,R,303,R,744,R,60,R,16,R,44,R,39,R,11,R,28,R,84,R,48,R,36,R,0.0,R,1707.0,2025
228431,19,-2,1,R,936,R,373,R,563,R,8,R,5,R,3,R,10,R,4,R,6,R,102,R,43,R,59,R,165,R,56,R,109,R,1,R,1,R,0,R,572,R,230,R,342,R,40,R,15,R,25,R,29,R,15,R,14,R,9,R,4,R,5,A,,A,,2025
228431,20,-2,1,R,6503,R,2439,R,4064,R,26,R,12,R,14,R,82,R,30,R,52,R,807,R,325,R,482,R,1502,R,531,R,971,R,3,R,0,R,3,R,3644,R,1367,R,2277,R,282,R,107,R,175,R,103,R,43,R,60,R,54,R,24,R,30,A,,A,,2025
228431,21,-2,999,R,9049,R,3334,R,5715,R,42,R,21,R,21,R,111,R,41,R,70,R,1118,R,423,R,695,R,2091,R,720,R,1371,R,8,R,2,R,6,R,5012,R,1859,R,3153,R,353,R,131,R,222,R,175,R,69,R,106,R,139,R,68,R,71,A,,A,,2025
228431,22,-2,1,R,8342,R,3108,R,5234,R,36,R,19,R,17,R,101,R,39,R,62,R,1024,R,396,R,628,R,1981,R,687,R,1294,R,7,R,2,R,5,R,4621,R,1738,R,2883,R,332,R,127,R,205,R,158,R,66,R,92,R,82,R,34,R,48,A,,A,,2025
228431,23,-2,1,R,8319,R,3102,R,5217,R,36,R,19,R,17,R,101,R,39,R,62,R,1023,R,396,R,627,R,1981,R,687,R,1294,R,7,R,2,R,5,R,4609,R,1737,R,2872,R,331,R,127,R,204,R,157,R,65,R,92,R,74,R,30,R,44,A,,A,,2025
228431,24,-2,1,R,2152,R,762,R,1390,R,6,R,4,R,2,R,23,R,11,R,12,R,277,R,93,R,184,R,595,R,197,R,398,R,4,R,1,R,3,R,1111,R,409,R,702,R,68,R,29,R,39,R,54,R,14,R,40,R,14,R,4,R,10,A,,A,,2025
228431,25,-2,1,R,6167,R,2340,R,3827,R,30,R,15,R,15,R,78,R,28,R,50,R,746,R,303,R,443,R,1386,R,490,R,896,R,3,R,1,R,2,R,3498,R,1328,R,2170,R,263,R,98,R,165,R,103,R,51,R,52,R,60,R,26,R,34,A,,A,,2025
228431,31,-2,1,R,23,R,6,R,17,R,0,R,0,R,0,R,0,R,0,R,0,R,1,R,0,R,1,R,0,R,0,R,0,R,0,R,0,Z,0,R,12,R,1,R,11,R,1,R,0,R,1,R,1,R,1,Z,0,R,8,R,4,R,4,A,,A,,2025
228431,32,-2,3,R,707,R,226,R,481,R,6,R,2,R,4,R,10,R,2,R,8,R,94,R,27,R,67,R,110,R,33,R,77,R,1,R,0,R,1,R,391,R,121,R,270,R,21,R,4,R,17,R,17,R,3,R,14,R,57,R,34,R,23,A,,A,,2025
228431,39,-2,1,R,792,R,341,R,451,R,8,R,5,R,3,R,9,R,4,R,5,R,88,R,39,R,49,R,144,R,51,R,93,R,1,R,1,R,0,R,477,R,211,R,266,R,34,R,13,R,21,R,22,R,13,R,9,R,9,R,4,R,5,A,,A,,2025
228431,40,-2,1,R,5375,R,1999,R,3376,R,22,R,10,R,12,R,69,R,24,R,45,R,658,R,264,R,394,R,1242,R,439,R,803,R,2,R,0,R,2,R,3021,R,1117,R,1904,R,229,R,85,R,144,R,81,R,38,R,43,R,51,R,22,R,29,A,,A,,2025
228431,41,-2,999,R,2751,R,933,R,1818,R,12,R,3,R,9,R,43,R,14,R,29,R,302,R,104,R,198,R,450,R,141,R,309,R,2,R,1,R,1,R,1674,R,569,R,1105,R,106,R,38,R,68,R,132,R,47,R,85,R,30,R,16,R,14,A,,A,,2025
228431,42,-2,1,R,1751,R,661,R,1090,R,8,R,2,R,6,R,28,R,13,R,15,R,197,R,80,R,117,R,318,R,111,R,207,R,2,R,1,R,1,R,1018,R,387,R,631,R,67,R,26,R,41,R,110,R,39,R,71,R,3,R,2,R,1,A,,A,,2025
228431,43,-2,1,R,1307,R,486,R,821,R,4,R,2,R,2,R,15,R,6,R,9,R,172,R,68,R,104,R,289,R,101,R,188,R,1,R,0,R,1,R,731,R,274,R,457,R,61,R,25,R,36,R,31,R,8,R,23,R,3,R,2,R,1,A,,A,,2025
228431,44,-2,1,R,35,R,14,R,21,R,0,R,0,R,0,R,1,R,0,R,1,R,9,R,3,R,6,R,8,R,4,R,4,R,0,R,0,R,0,R,13,R,5,R,8,R,2,R,1,R,1,R,2,R,1,R,1,R,0,R,0,R,0,A,,A,,2025
228431,45,-2,1,R,1272,R,472,R,800,R,4,R,2,R,2,R,14,R,6,R,8,R,163,R,65,R,98,R,281,R,97,R,184,R,1,R,0,R,1,R,718,R,269,R,449,R,59,R,24,R,35,R,29,R,7,R,22,R,3,R,2,R,1,A,,A,,2025
228431,51,-2,1,R,444,R,175,R,269,R,4,R,0,R,4,R,13,R,7,R,6,R,25,R,12,R,13,R,29,R,10,R,19,R,1,R,1,R,0,R,287,R,113,R,174,R,6,R,1,R,5,R,79,R,31,R,48,R,0,R,0,R,0,A,,A,,2025
228431,52,-2,3,R,1000,R,272,R,728,R,4,R,1,R,3,R,15,R,1,R,14,R,105,R,24,R,81,R,132,R,30,R,102,R,0,R,0,R,0,R,656,R,182,R,474,R,39,R,12,R,27,R,22,R,8,R,14,R,27,R,14,R,13,A,,A,,2025
228431,59,-2,1,R,144,R,32,R,112,R,0,R,0,R,0,R,1,R,0,R,1,R,14,R,4,R,10,R,21,R,5,R,16,R,0,R,0,R,0,R,95,R,19,R,76,R,6,R,2,R,4,R,7,R,2,R,5,R,0,R,0,R,0,A,,A,,2025
228431,60,-2,1,R,1128,R,440,R,688,R,4,R,2,R,2,R,13,R,6,R,7,R,149,R,61,R,88,R,260,R,92,R,168,R,1,R,0,R,1,R,623,R,250,R,373,R,53,R,22,R,31,R,22,R,5,R,17,R,3,R,2,R,1,A,,A,,2025
228459,1,1,999,R,44523,R,17893,R,26630,R,131,R,62,R,69,R,1256,R,531,R,725,R,4119,R,1727,R,2392,R,17401,R,6440,R,10961,R,45,R,28,R,17,R,16286,R,6722,R,9564,R,1354,R,555,R,799,R,2177,R,835,R,1342,R,1754,R,993,R,761,R,0.0,R,44523.0,2025
228459,2,2,1,R,39456,R,16135,R,23321,R,125,R,59,R,66,R,1095,R,480,R,615,R,3735,R,1620,R,2115,R,15911,R,6028,R,9883,R,39,R,24,R,15,R,14382,R,6093,R,8289,R,1219,R,507,R,712,R,2069,R,794,R,1275,R,881,R,530,R,351,R,0.0,R,39456.0,2025
228459,3,-2,1,R,39348,R,16090,R,23258,R,124,R,59,R,65,R,1094,R,479,R,615,R,3725,R,1617,R,2108,R,15882,R,6020,R,9862,R,39,R,24,R,15,R,14350,R,6078,R,8272,R,1216,R,506,R,710,R,2057,R,786,R,1271,R,861,R,521,R,340,A,,A,,2025
228459,4,-2,1,R,8457,R,3275,R,5182,R,33,R,14,R,19,R,243,R,92,R,151,R,978,R,376,R,602,R,3343,R,1178,R,2165,R,9,R,7,R,2,R,2818,R,1105,R,1713,R,257,R,100,R,157,R,296,R,102,R,194,R,480,R,301,R,179,A,,A,,2025
228459,5,-2,1,R,30891,R,12815,R,18076,R,91,R,45,R,46,R,851,R,387,R,464,R,2747,R,1241,R,1506,R,12539,R,4842,R,7697,R,30,R,17,R,13,R,11532,R,4973,R,6559,R,959,R,406,R,553,R,1761,R,684,R,1077,R,381,R,220,R,161,A,,A,,2025
228459,11,-2,1,R,108,R,45,R,63,R,1,R,0,R,1,R,1,R,1,R,0,R,10,R,3,R,7,R,29,R,8,R,21,R,0,R,0,R,0,R,32,R,15,R,17,R,3,R,1,R,2,R,12,R,8,R,4,R,20,R,9,R,11,A,,A,,2025
228459,12,4,3,R,5067,R,1758,R,3309,R,6,R,3,R,3,R,161,R,51,R,110,R,384,R,107,R,277,R,1490,R,412,R,1078,R,6,R,4,R,2,R,1904,R,629,R,1275,R,135,R,48,R,87,R,108,R,41,R,67,R,873,R,463,R,410,R,0.0,R,5067.0,2025
228459,19,-2,1,R,4006,R,1947,R,2059,R,15,R,5,R,10,R,122,R,60,R,62,R,301,R,143,R,158,R,1422,R,637,R,785,R,8,R,5,R,3,R,1419,R,724,R,695,R,136,R,72,R,64,R,501,R,255,R,246,R,82,R,46,R,36,A,,A,,2025
228459,20,-2,1,R,26885,R,10868,R,16017,R,76,R,40,R,36,R,729,R,327,R,402,R,2446,R,1098,R,1348,R,11117,R,4205,R,6912,R,22,R,12,R,10,R,10113,R,4249,R,5864,R,823,R,334,R,489,R,1260,R,429,R,831,R,299,R,174,R,125,A,,A,,2025
228459,21,-2,999,R,36483,R,14506,R,21977,R,105,R,49,R,56,R,998,R,418,R,580,R,3384,R,1383,R,2001,R,14120,R,5107,R,9013,R,39,R,23,R,16,R,13226,R,5438,R,7788,R,1123,R,467,R,656,R,1862,R,695,R,1167,R,1626,R,926,R,700,A,,A,,2025
228459,22,-2,1,R,32515,R,13149,R,19366,R,100,R,47,R,53,R,884,R,383,R,501,R,3090,R,1307,R,1783,R,12967,R,4802,R,8165,R,34,R,20,R,14,R,11785,R,4978,R,6807,R,1016,R,426,R,590,R,1788,R,671,R,1117,R,851,R,515,R,336,A,,A,,2025
228459,23,-2,1,R,32491,R,13138,R,19353,R,100,R,47,R,53,R,884,R,383,R,501,R,3090,R,1307,R,1783,R,12966,R,4802,R,8164,R,34,R,20,R,14,R,11783,R,4977,R,6806,R,1015,R,425,R,590,R,1788,R,671,R,1117,R,831,R,506,R,325,A,,A,,2025
228459,24,-2,1,R,8122,R,3128,R,4994,R,33,R,14,R,19,R,233,R,89,R,144,R,921,R,348,R,573,R,3192,R,1115,R,2077,R,9,R,7,R,2,R,2728,R,1070,R,1658,R,247,R,96,R,151,R,288,R,95,R,193,R,471,R,294,R,177,A,,A,,2025
228459,25,-2,1,R,24369,R,10010,R,14359,R,67,R,33,R,34,R,651,R,294,R,357,R,2169,R,959,R,1210,R,9774,R,3687,R,6087,R,25,R,13,R,12,R,9055,R,3907,R,5148,R,768,R,329,R,439,R,1500,R,576,R,924,R,360,R,212,R,148,A,,A,,2025
228459,31,-2,1,R,24,R,11,R,13,R,0,R,0,R,0,R,0,R,0,R,0,R,0,R,0,R,0,R,1,R,0,R,1,R,0,R,0,R,0,R,2,R,1,R,1,R,1,R,1,R,0,R,0,R,0,R,0,R,20,R,9,R,11,A,,A,,2025
228459,32,-2,3,R,3968,R,1357,R,2611,R,5,R,2,R,3,R,114,R,35,R,79,R,294,R,76,R,218,R,1153,R,305,R,848,R,5,R,3,R,2,R,1441,R,460,R,981,R,107,R,41,R,66,R,74,R,24,R,50,R,775,R,411,R,364,A,,A,,2025
228459,39,-2,1,R,3113,R,1541,R,1572,R,12,R,3,R,9,R,88,R,46,R,42,R,230,R,109,R,121,R,1072,R,485,R,587,R,8,R,5,R,3,R,1117,R,586,R,531,R,109,R,57,R,52,R,399,R,206,R,193,R,78,R,44,R,34,A,,A,,2025
228459,40,-2,1,R,21256,R,8469,R,12787,R,55,R,30,R,25,R,563,R,248,R,315,R,1939,R,850,R,1089,R,8702,R,3202,R,5500,R,17,R,8,R,9,R,7938,R,3321,R,4617,R,659,R,272,R,387,R,1101,R,370,R,731,R,282,R,168,R,114,A,,A,,2025
228459,41,-2,999,R,8040,R,3387,R,4653,R,26,R,13,R,13,R,258,R,113,R,145,R,735,R,344,R,391,R,3281,R,1333,R,1948,R,6,R,5,R,1,R,3060,R,1284,R,1776,R,231,R,88,R,143,R,315,R,140,R,175,R,128,R,67,R,61,A,,A,,2025
228459,42,-2,1,R,6941,R,2986,R,3955,R,25,R,12,R,13,R,211,R,97,R,114,R,645,R,313,R,332,R,2944,R,1226,R,1718,R,5,R,4,R,1,R,2597,R,1115,R,1482,R,203,R,81,R,122,R,281,R,123,R,158,R,30,R,15,R,15,A,,A,,2025
228459,43,-2,1,R,6857,R,2952,R,3905,R,24,R,12,R,12,R,210,R,96,R,114,R,635,R,310,R,325,R,2916,R,1218,R,1698,R,5,R,4,R,1,R,2567,R,1101,R,1466,R,201,R,81,R,120,R,269,R,115,R,154,R,30,R,15,R,15,A,,A,,2025
228459,44,-2,1,R,335,R,147,R,188,R,0,R,0,R,0,R,10,R,3,R,7,R,57,R,28,R,29,R,151,R,63,R,88,R,0,R,0,R,0,R,90,R,35,R,55,R,10,R,4,R,6,R,8,R,7,R,1,R,9,R,7,R,2,A,,A,,2025
228459,45,-2,1,R,6522,R,2805,R,3717,R,24,R,12,R,12,R,200,R,93,R,107,R,578,R,282,R,296,R,2765,R,1155,R,1610,R,5,R,4,R,1,R,2477,R,1066,R,1411,R,191,R,77,R,114,R,261,R,108,R,153,R,21,R,8,R,13,A,,A,,2025
228459,51,-2,1,R,84,R,34,R,50,R,1,R,0,R,1,R,1,R,1,R,0,R,10,R,3,R,7,R,28,R,8,R,20,R,0,R,0,R,0,R,30,R,14,R,16,R,2,R,0,R,2,R,12,R,8,R,4,R,0,R,0,R,0,A,,A,,2025
228459,52,-2,3,R,1099,R,401,R,698,R,1,R,1,R,0,R,47,R,16,R,31,R,90,R,31,R,59,R,337,R,107,R,230,R,1,R,1,R,0,R,463,R,169,R,294,R,28,R,7,R,21,R,34,R,17,R,17,R,98,R,52,R,46,A,,A,,2025
228459,59,-2,1,R,893,R,406,R,487,R,3,R,2,R,1,R,34,R,14,R,20,R,71,R,34,R,37,R,350,R,152,R,198,R,0,R,0,R,0,R,302,R,138,R,164,R,27,R,15,R,12,R,102,R,49,R,53,R,4,R,2,R,2,A,,A,,2025
228459,60,-2,1,R,5629,R,2399,R,3230,R,21,R,10,R,11,R,166,R,79,R,87,R,507,R,248,R,259,R,2415,R,1003,R,1412,R,5,R,4,R,1,R,2175,R,928,R,1247,R,164,R,62,R,102,R,159,R,59,R,100,R,17,R,6,R,11,A,,A,,2025
228501,1,1,999,R,2846,R,1120,R,1726,R,7,R,4,R,3,R,5,R,2,R,3,R,161,R,125,R,36,R,1948,R,660,R,1288,R,4,R,2,R,2,R,527,R,230,R,297,R,39,R,25,R,14,R,140,R,61,R,79,R,15,R,11,R,4,R,0.0,R,2846.0,2025
228501,2,2,1,R,2213,R,912,R,1301,R,7,R,4,R,3,R,3,R,1,R,2,R,135,R,110,R,25,R,1545,R,540,R,1005,R,3,R,2,R,1,R,335,R,162,R,173,R,36,R,23,R,13,R,137,R,60,R,77,R,12,R,10,R,2,R,0.0,R,2213.0,2025
228501,3,-2,1,R,1714,R,707,R,1007,R,5,R,3,R,2,R,2,R,0,R,2,R,133,R,109,R,24,R,1180,R,391,R,789,R,3,R,2,R,1,R,301,R,151,R,150,R,33,R,21,R,12,R,45,R,20,R,25,R,12,R,10,R,2,A,,A,,2025
228501,4,-2,1,R,222,R,126,R,96,R,0,R,0,R,0,R,1,R,0,R,1,R,38,R,34,R,4,R,114,R,56,R,58,R,0,R,0,R,0,R,50,R,22,R,28,R,11,R,7,R,4,R,6,R,5,R,1,R,2,R,2,R,0,A,,A,,2025
228501,5,-2,1,R,1492,R,581,R,911,R,5,R,3,R,2,R,1,R,0,R,1,R,95,R,75,R,20,R,1066,R,335,R,731,R,3,R,2,R,1,R,251,R,129,R,122,R,22,R,14,R,8,R,39,R,15,R,24,R,10,R,8,R,2,A,,A,,2025
228501,11,-2,1,R,499,R,205,R,294,R,2,R,1,R,1,R,1,R,1,R,0,R,2,R,1,R,1,R,365,R,149,R,216,R,0,R,0,R,0,R,34,R,11,R,23,R,3,R,2,R,1,R,92,R,40,R,52,R,0,R,0,R,0,A,,A,,2025
228501,12,4,3,R,633,R,208,R,425,R,0,R,0,R,0,R,2,R,1,R,1,R,26,R,15,R,11,R,403,R,120,R,283,R,1,R,0,R,1,R,192,R,68,R,124,R,3,R,2,R,1,R,3,R,1,R,2,R,3,R,1,R,2,R,0.0,R,633.0,2025
228501,19,-2,1,R,373,R,157,R,216,R,1,R,1,R,0,R,0,R,0,R,0,R,44,R,33,R,11,R,251,R,81,R,170,R,2,R,2,R,0,R,52,R,29,R,23,R,9,R,6,R,3,R,11,R,2,R,9,R,3,R,3,R,0,A,,A,,2025
228501,20,-2,1,R,1119,R,424,R,695,R,4,R,2,R,2,R,1,R,0,R,1,R,51,R,42,R,9,R,815,R,254,R,561,R,1,R,0,R,1,R,199,R,100,R,99,R,13,R,8,R,5,R,28,R,13,R,15,R,7,R,5,R,2,A,,A,,2025
228501,21,-2,999,R,1199,R,598,R,601,R,5,R,4,R,1,R,2,R,0,R,2,R,119,R,109,R,10,R,727,R,295,R,432,R,4,R,2,R,2,R,276,R,151,R,125,R,29,R,18,R,11,R,24,R,10,R,14,R,13,R,9,R,4,A,,A,,2025
228501,22,-2,1,R,1037,R,527,R,510,R,5,R,4,R,1,R,2,R,0,R,2,R,110,R,101,R,9,R,639,R,262,R,377,R,3,R,2,R,1,R,216,R,123,R,93,R,28,R,17,R,11,R,24,R,10,R,14,R,10,R,8,R,2,A,,A,,2025
228501,23,-2,1,R,1009,R,517,R,492,R,4,R,3,R,1,R,2,R,0,R,2,R,110,R,101,R,9,R,622,R,257,R,365,R,3,R,2,R,1,R,214,R,122,R,92,R,28,R,17,R,11,R,16,R,7,R,9,R,10,R,8,R,2,A,,A,,2025
228501,24,-2,1,R,216,R,124,R,92,R,0,R,0,R,0,R,1,R,0,R,1,R,38,R,34,R,4,R,110,R,54,R,56,R,0,R,0,R,0,R,48,R,22,R,26,R,11,R,7,R,4,R,6,R,5,R,1,R,2,R,2,R,0,A,,A,,2025
228501,25,-2,1,R,793,R,393,R,400,R,4,R,3,R,1,R,1,R,0,R,1,R,72,R,67,R,5,R,512,R,203,R,309,R,3,R,2,R,1,R,166,R,100,R,66,R,17,R,10,R,7,R,10,R,2,R,8,R,8,R,6,R,2,A,,A,,2025
228501,31,-2,1,R,28,R,10,R,18,R,1,R,1,R,0,R,0,R,0,R,0,R,0,R,0,R,0,R,17,R,5,R,12,R,0,R,0,R,0,R,2,R,1,R,1,R,0,R,0,R,0,R,8,R,3,R,5,R,0,R,0,R,0,A,,A,,2025
228501,32,-2,3,R,162,R,71,R,91,R,0,R,0,R,0,R,0,R,0,R,0,R,9,R,8,R,1,R,88,R,33,R,55,R,1,R,0,R,1,R,60,R,28,R,32,R,1,R,1,R,0,R,0,R,0,R,0,R,3,R,1,R,2,A,,A,,2025
228501,39,-2,1,R,217,R,112,R,105,R,1,R,1,R,0,R,0,R,0,R,0,R,29,R,29,R,0,R,135,R,49,R,86,R,2,R,2,R,0,R,37,R,25,R,12,R,8,R,5,R,3,R,4,R,0,R,4,R,1,R,1,R,0,A,,A,,2025
228501,40,-2,1,R,576,R,281,R,295,R,3,R,2,R,1,R,1,R,0,R,1,R,43,R,38,R,5,R,377,R,154,R,223,R,1,R,0,R,1,R,129,R,75,R,54,R,9,R,5,R,4,R,6,R,2,R,4,R,7,R,5,R,2,A,,A,,2025
228501,41,-2,999,R,1647,R,522,R,1125,R,2,R,0,R,2,R,3,R,2,R,1,R,42,R,16,R,26,R,1221,R,365,R,856,R,0,R,0,R,0,R,251,R,79,R,172,R,10,R,7,R,3,R,116,R,51,R,65,R,2,R,2,R,0,A,,A,,2025
228501,42,-2,1,R,1176,R,385,R,791,R,2,R,0,R,2,R,1,R,1,R,0,R,25,R,9,R,16,R,906,R,278,R,628,R,0,R,0,R,0,R,119,R,39,R,80,R,8,R,6,R,2,R,113,R,50,R,63,R,2,R,2,R,0,A,,A,,2025
228501,43,-2,1,R,705,R,190,R,515,R,1,R,0,R,1,R,0,R,0,R,0,R,23,R,8,R,15,R,558,R,134,R,424,R,0,R,0,R,0,R,87,R,29,R,58,R,5,R,4,R,1,R,29,R,13,R,16,R,2,R,2,R,0,A,,A,,2025
228501,44,-2,1,R,6,R,2,R,4,R,0,R,0,R,0,R,0,R,0,R,0,R,0,R,0,R,0,R,4,R,2,R,2,R,0,R,0,R,0,R,2,R,0,R,2,R,0,R,0,R,0,R,0,R,0,R,0,R,0,R,0,R,0,A,,A,,2025
228501,45,-2,1,R,699,R,188,R,511,R,1,R,0,R,1,R,0,R,0,R,0,R,23,R,8,R,15,R,554,R,132,R,422,R,0,R,0,R,0,R,85,R,29,R,56,R,5,R,4,R,1,R,29,R,13,R,16,R,2,R,2,R,0,A,,A,,2025
228501,51,-2,1,R,471,R,195,R,276,R,1,R,0,R,1,R,1,R,1,R,0,R,2,R,1,R,1,R,348,R,144,R,204,R,0,R,0,R,0,R,32,R,10,R,22,R,3,R,2,R,1,R,84,R,37,R,47,R,0,R,0,R,0,A,,A,,2025
228501,52,-2,3,R,471,R,137,R,334,R,0,R,0,R,0,R,2,R,1,R,1,R,17,R,7,R,10,R,315,R,87,R,228,R,0,R,0,R,0,R,132,R,40,R,92,R,2,R,1,R,1,R,3,R,1,R,2,R,0,R,0,R,0,A,,A,,2025
228501,59,-2,1,R,156,R,45,R,111,R,0,R,0,R,0,R,0,R,0,R,0,R,15,R,4,R,11,R,116,R,32,R,84,R,0,R,0,R,0,R,15,R,4,R,11,R,1,R,1,R,0,R,7,R,2,R,5,R,2,R,2,R,0,A,,A,,2025
228501,60,-2,1,R,543,R,143,R,400,R,1,R,0,R,1,R,0,R,0,R,0,R,8,R,4,R,4,R,438,R,100,R,338,R,0,R,0,R,0,R,70,R,25,R,45,R,4,R,3,R,1,R,22,R,11,R,11,R,0,R,0,R,0,A,,A,,2025
228529,1,1,999,R,19646,R,7545,R,12101,R,257,R,91,R,166,R,325,R,135,R,190,R,1608,R,595,R,1013,R,4171,R,1495,R,2676,R,199,R,113,R,86,R,12203,R,4781,R,7422,R,551,R,209,R,342,R,189,R,63,R,126,R,143,R,63,R,80,R,0.0,R,19646.0,2025
228529,2,2,1,R,17013,R,6664,R,10349,R,230,R,82,R,148,R,278,R,117,R,161,R,1271,R,497,R,774,R,3613,R,1325,R,2288,R,196,R,111,R,85,R,10691,R,4266,R,6425,R,481,R,176,R,305,R,159,R,55,R,104,R,94,R,35,R,59,R,0.0,R,17013.0,2025
228529,3,-2,1,R,14104,R,5528,R,8576,R,106,R,37,R,69,R,206,R,82,R,124,R,883,R,347,R,536,R,3451,R,1255,R,2196,R,14,R,5,R,9,R,8730,R,3546,R,5184,R,461,R,166,R,295,R,159,R,55,R,104,R,94,R,35,R,59,A,,A,,2025
228529,4,-2,1,R,3055,R,1185,R,1870,R,20,R,7,R,13,R,49,R,24,R,25,R,121,R,39,R,82,R,764,R,281,R,483,R,2,R,0,R,2,R,1937,R,780,R,1157,R,96,R,31,R,65,R,50,R,20,R,30,R,16,R,3,R,13,A,,A,,2025
228529,5,-2,1,R,11049,R,4343,R,6706,R,86,R,30,R,56,R,157,R,58,R,99,R,762,R,308,R,454,R,2687,R,974,R,1713,R,12,R,5,R,7,R,6793,R,2766,R,4027,R,365,R,135,R,230,R,109,R,35,R,74,R,78,R,32,R,46,A,,A,,2025
228529,11,-2,1,R,2909,R,1136,R,1773,R,124,R,45,R,79,R,72,R,35,R,37,R,388,R,150,R,238,R,162,R,70,R,92,R,182,R,106,R,76,R,1961,R,720,R,1241,R,20,R,10,R,10,R,0,R,0,R,0,R,0,R,0,R,0,A,,A,,2025
228529,12,4,3,R,2633,R,881,R,1752,R,27,R,9,R,18,R,47,R,18,R,29,R,337,R,98,R,239,R,558,R,170,R,388,R,3,R,2,R,1,R,1512,R,515,R,997,R,70,R,33,R,37,R,30,R,8,R,22,R,49,R,28,R,21,R,0.0,R,2633.0,2025
228529,19,-2,1,R,1882,R,823,R,1059,R,17,R,5,R,12,R,50,R,20,R,30,R,191,R,77,R,114,R,527,R,204,R,323,R,4,R,1,R,3,R,987,R,471,R,516,R,63,R,27,R,36,R,21,R,5,R,16,R,22,R,13,R,9,A,,A,,2025
228529,20,-2,1,R,9167,R,3520,R,5647,R,69,R,25,R,44,R,107,R,38,R,69,R,571,R,231,R,340,R,2160,R,770,R,1390,R,8,R,4,R,4,R,5806,R,2295,R,3511,R,302,R,108,R,194,R,88,R,30,R,58,R,56,R,19,R,37,A,,A,,2025
228529,21,-2,999,R,12818,R,4864,R,7954,R,104,R,34,R,70,R,178,R,68,R,110,R,775,R,291,R,484,R,3042,R,1076,R,1966,R,14,R,6,R,8,R,8000,R,3135,R,4865,R,419,R,147,R,272,R,156,R,50,R,106,R,130,R,57,R,73,A,,A,,2025
228529,22,-2,1,R,11784,R,4551,R,7233,R,85,R,29,R,56,R,162,R,64,R,98,R,640,R,254,R,386,R,2821,R,1009,R,1812,R,13,R,5,R,8,R,7443,R,2974,R,4469,R,390,R,136,R,254,R,141,R,48,R,93,R,89,R,32,R,57,A,,A,,2025
228529,23,-2,1,R,11784,R,4551,R,7233,R,85,R,29,R,56,R,162,R,64,R,98,R,640,R,254,R,386,R,2821,R,1009,R,1812,R,13,R,5,R,8,R,7443,R,2974,R,4469,R,390,R,136,R,254,R,141,R,48,R,93,R,89,R,32,R,57,A,,A,,2025
228529,24,-2,1,R,3027,R,1174,R,1853,R,20,R,7,R,13,R,49,R,24,R,25,R,118,R,38,R,80,R,752,R,277,R,475,R,2,R,0,R,2,R,1927,R,776,R,1151,R,95,R,30,R,65,R,48,R,19,R,29,R,16,R,3,R,13,A,,A,,2025
228529,25,-2,1,R,8757,R,3377,R,5380,R,65,R,22,R,43,R,113,R,40,R,73,R,522,R,216,R,306,R,2069,R,732,R,1337,R,11,R,5,R,6,R,5516,R,2198,R,3318,R,295,R,106,R,189,R,93,R,29,R,64,R,73,R,29,R,44,A,,A,,2025
228529,32,-2,3,R,1034,R,313,R,721,R,19,R,5,R,14,R,16,R,4,R,12,R,135,R,37,R,98,R,221,R,67,R,154,R,1,R,1,R,0,R,557,R,161,R,396,R,29,R,11,R,18,R,15,R,2,R,13,R,41,R,25,R,16,A,,A,,2025
228529,39,-2,1,R,1375,R,594,R,781,R,12,R,3,R,9,R,34,R,12,R,22,R,135,R,58,R,77,R,367,R,143,R,224,R,3,R,1,R,2,R,738,R,343,R,395,R,51,R,20,R,31,R,15,R,3,R,12,R,20,R,11,R,9,A,,A,,2025
228529,40,-2,1,R,7382,R,2783,R,4599,R,53,R,19,R,34,R,79,R,28,R,51,R,387,R,158,R,229,R,1702,R,589,R,1113,R,8,R,4,R,4,R,4778,R,1855,R,2923,R,244,R,86,R,158,R,78,R,26,R,52,R,53,R,18,R,35,A,,A,,2025
228529,41,-2,999,R,6828,R,2681,R,4147,R,153,R,57,R,96,R,147,R,67,R,80,R,833,R,304,R,529,R,1129,R,419,R,710,R,185,R,107,R,78,R,4203,R,1646,R,2557,R,132,R,62,R,70,R,33,R,13,R,20,R,13,R,6,R,7,A,,A,,2025
228529,42,-2,1,R,5229,R,2113,R,3116,R,145,R,53,R,92,R,116,R,53,R,63,R,631,R,243,R,388,R,792,R,316,R,476,R,183,R,106,R,77,R,3248,R,1292,R,1956,R,91,R,40,R,51,R,18,R,7,R,11,R,5,R,3,R,2,A,,A,,2025
228529,43,-2,1,R,2320,R,977,R,1343,R,21,R,8,R,13,R,44,R,18,R,26,R,243,R,93,R,150,R,630,R,246,R,384,R,1,R,0,R,1,R,1287,R,572,R,715,R,71,R,30,R,41,R,18,R,7,R,11,R,5,R,3,R,2,A,,A,,2025
228529,44,-2,1,R,28,R,11,R,17,R,0,Z,0,R,0,R,0,Z,0,R,0,R,3,R,1,R,2,R,12,R,4,R,8,R,0,Z,0,R,0,R,10,R,4,R,6,R,1,R,1,R,0,R,2,R,1,R,1,R,0,Z,0,R,0,A,,A,,2025
228529,45,-2,1,R,2292,R,966,R,1326,R,21,R,8,R,13,R,44,R,18,R,26,R,240,R,92,R,148,R,618,R,242,R,376,R,1,R,0,R,1,R,1277,R,568,R,709,R,70,R,29,R,41,R,16,R,6,R,10,R,5,R,3,R,2,A,,A,,2025
228529,51,-2,1,R,2909,R,1136,R,1773,R,124,R,45,R,79,R,72,R,35,R,37,R,388,R,150,R,238,R,162,R,70,R,92,R,182,R,106,R,76,R,1961,R,720,R,1241,R,20,R,10,R,10,R,0,R,0,R,0,R,0,R,0,R,0,A,,A,,2025
228529,52,-2,3,R,1599,R,568,R,1031,R,8,R,4,R,4,R,31,R,14,R,17,R,202,R,61,R,141,R,337,R,103,R,234,R,2,R,1,R,1,R,955,R,354,R,601,R,41,R,22,R,19,R,15,R,6,R,9,R,8,R,3,R,5,A,,A,,2025
228529,59,-2,1,R,507,R,229,R,278,R,5,R,2,R,3,R,16,R,8,R,8,R,56,R,19,R,37,R,160,R,61,R,99,R,1,R,0,R,1,R,249,R,128,R,121,R,12,R,7,R,5,R,6,R,2,R,4,R,2,R,2,R,0,A,,A,,2025
228529,60,-2,1,R,1785,R,737,R,1048,R,16,R,6,R,10,R,28,R,10,R,18,R,184,R,73,R,111,R,458,R,181,R,277,R,0,R,0,R,0,R,1028,R,440,R,588,R,58,R,22,R,36,R,10,R,4,R,6,R,3,R,1,R,2,A,,A,,2025
228547,1,1,999,R,69621,R,28829,R,40792,R,222,R,100,R,122,R,4973,R,2336,R,2637,R,13080,R,4873,R,8207,R,24503,R,9392,R,15111,R,109,R,48,R,61,R,19250,R,8727,R,10523,R,3041,R,1317,R,1724,R,3323,R,1555,R,1768,R,1120,R,481,R,639,R,0.0,R,69621.0,2025
228547,2,2,1,R,69621,R,28829,R,40792,R,222,R,100,R,122,R,4973,R,2336,R,2637,R,13080,R,4873,R,8207,R,24503,R,9392,R,15111,R,109,R,48,R,61,R,19250,R,8727,R,10523,R,3041,R,1317,R,1724,R,3323,R,1555,R,1768,R,1120,R,481,R,639,R,0.0,R,69621.0,2025
228547,3,-2,1,R,52845,R,21553,R,31292,R,149,R,73,R,76,R,3556,R,1684,R,1872,R,10364,R,3811,R,6553,R,19054,R,7133,R,11921,R,87,R,35,R,52,R,14933,R,6761,R,8172,R,2279,R,978,R,1301,R,1429,R,652,R,777,R,994,R,426,R,568,A,,A,,2025
228547,4,-2,1,R,10423,R,4470,R,5953,R,24,R,12,R,12,R,653,R,316,R,337,R,2034,R,867,R,1167,R,4089,R,1605,R,2484,R,21,R,12,R,9,R,2683,R,1236,R,1447,R,487,R,227,R,260,R,245,R,115,R,130,R,187,R,80,R,107,A,,A,,2025
228547,5,-2,1,R,42422,R,17083,R,25339,R,125,R,61,R,64,R,2903,R,1368,R,1535,R,8330,R,2944,R,5386,R,14965,R,5528,R,9437,R,66,R,23,R,43,R,12250,R,5525,R,6725,R,1792,R,751,R,1041,R,1184,R,537,R,647,R,807,R,346,R,461,A,,A,,2025
228547,11,-2,1,R,16776,R,7276,R,9500,R,73,R,27,R,46,R,1417,R,652,R,765,R,2716,R,1062,R,1654,R,5449,R,2259,R,3190,R,22,R,13,R,9,R,4317,R,1966,R,2351,R,762,R,339,R,423,R,1894,R,903,R,991,R,126,R,55,R,71,A,,A,,2025
228547,19,-2,1,R,6276,R,2513,R,3763,R,16,R,7,R,9,R,448,R,190,R,258,R,1271,R,417,R,854,R,1567,R,551,R,1016,R,5,R,0,R,5,R,2253,R,1032,R,1221,R,283,R,118,R,165,R,198,R,87,R,111,R,235,R,111,R,124,A,,A,,2025
228547,20,-2,1,R,36146,R,14570,R,21576,R,109,R,54,R,55,R,2455,R,1178,R,1277,R,7059,R,2527,R,4532,R,13398,R,4977,R,8421,R,61,R,23,R,38,R,9997,R,4493,R,5504,R,1509,R,633,R,876,R,986,R,450,R,536,R,572,R,235,R,337,A,,A,,2025
228547,21,-2,999,R,16137,R,7262,R,8875,R,37,R,19,R,18,R,1095,R,572,R,523,R,3072,R,1272,R,1800,R,5903,R,2442,R,3461,R,34,R,17,R,17,R,4237,R,2092,R,2145,R,715,R,347,R,368,R,460,R,221,R,239,R,584,R,280,R,304,A,,A,,2025
228547,22,-2,1,R,16137,R,7262,R,8875,R,37,R,19,R,18,R,1095,R,572,R,523,R,3072,R,1272,R,1800,R,5903,R,2442,R,3461,R,34,R,17,R,17,R,4237,R,2092,R,2145,R,715,R,347,R,368,R,460,R,221,R,239,R,584,R,280,R,304,A,,A,,2025
228547,23,-2,1,R,14064,R,6339,R,7725,R,30,R,17,R,13,R,937,R,491,R,446,R,2692,R,1117,R,1575,R,5022,R,2061,R,2961,R,30,R,14,R,16,R,3862,R,1921,R,1941,R,630,R,295,R,335,R,305,R,158,R,147,R,556,R,265,R,291,A,,A,,2025
228547,24,-2,1,R,4657,R,2118,R,2539,R,5,R,4,R,1,R,277,R,151,R,126,R,865,R,393,R,472,R,1875,R,771,R,1104,R,8,R,5,R,3,R,1204,R,590,R,614,R,211,R,99,R,112,R,97,R,53,R,44,R,115,R,52,R,63,A,,A,,2025
228547,25,-2,1,R,9407,R,4221,R,5186,R,25,R,13,R,12,R,660,R,340,R,320,R,1827,R,724,R,1103,R,3147,R,1290,R,1857,R,22,R,9,R,13,R,2658,R,1331,R,1327,R,419,R,196,R,223,R,208,R,105,R,103,R,441,R,213,R,228,A,,A,,2025
228547,31,-2,1,R,2073,R,923,R,1150,R,7,R,2,R,5,R,158,R,81,R,77,R,380,R,155,R,225,R,881,R,381,R,500,R,4,R,3,R,1,R,375,R,171,R,204,R,85,R,52,R,33,R,155,R,63,R,92,R,28,R,15,R,13,A,,A,,2025
228547,39,-2,1,R,1542,R,653,R,889,R,2,R,0,R,2,R,72,R,31,R,41,R,362,R,121,R,241,R,358,R,143,R,215,R,3,R,0,R,3,R,442,R,220,R,222,R,80,R,31,R,49,R,20,R,6,R,14,R,203,R,101,R,102,A,,A,,2025
228547,40,-2,1,R,7865,R,3568,R,4297,R,23,R,13,R,10,R,588,R,309,R,279,R,1465,R,603,R,862,R,2789,R,1147,R,1642,R,19,R,9,R,10,R,2216,R,1111,R,1105,R,339,R,165,R,174,R,188,R,99,R,89,R,238,R,112,R,126,A,,A,,2025
228547,41,-2,999,R,53484,R,21567,R,31917,R,185,R,81,R,104,R,3878,R,1764,R,2114,R,10008,R,3601,R,6407,R,18600,R,6950,R,11650,R,75,R,31,R,44,R,15013,R,6635,R,8378,R,2326,R,970,R,1356,R,2863,R,1334,R,1529,R,536,R,201,R,335,A,,A,,2025
228547,42,-2,1,R,53484,R,21567,R,31917,R,185,R,81,R,104,R,3878,R,1764,R,2114,R,10008,R,3601,R,6407,R,18600,R,6950,R,11650,R,75,R,31,R,44,R,15013,R,6635,R,8378,R,2326,R,970,R,1356,R,2863,R,1334,R,1529,R,536,R,201,R,335,A,,A,,2025
228547,43,-2,1,R,38781,R,15214,R,23567,R,119,R,56,R,63,R,2619,R,1193,R,1426,R,7672,R,2694,R,4978,R,14032,R,5072,R,8960,R,57,R,21,R,36,R,11071,R,4840,R,6231,R,1649,R,683,R,966,R,1124,R,494,R,630,R,438,R,161,R,277,A,,A,,2025
228547,44,-2,1,R,5766,R,2352,R,3414,R,19,R,8,R,11,R,376,R,165,R,211,R,1169,R,474,R,695,R,2214,R,834,R,1380,R,13,R,7,R,6,R,1479,R,646,R,833,R,276,R,128,R,148,R,148,R,62,R,86,R,72,R,28,R,44,A,,A,,2025
228547,45,-2,1,R,33015,R,12862,R,20153,R,100,R,48,R,52,R,2243,R,1028,R,1215,R,6503,R,2220,R,4283,R,11818,R,4238,R,7580,R,44,R,14,R,30,R,9592,R,4194,R,5398,R,1373,R,555,R,818,R,976,R,432,R,544,R,366,R,133,R,233,A,,A,,2025
228547,51,-2,1,R,14703,R,6353,R,8350,R,66,R,25,R,41,R,1259,R,571,R,688,R,2336,R,907,R,1429,R,4568,R,1878,R,2690,R,18,R,10,R,8,R,3942,R,1795,R,2147,R,677,R,287,R,390,R,1739,R,840,R,899,R,98,R,40,R,58,A,,A,,2025
228547,59,-2,1,R,4734,R,1860,R,2874,R,14,R,7,R,7,R,376,R,159,R,217,R,909,R,296,R,613,R,1209,R,408,R,801,R,2,R,0,R,2,R,1811,R,812,R,999,R,203,R,87,R,116,R,178,R,81,R,97,R,32,R,10,R,22,A,,A,,2025
228547,60,-2,1,R,28281,R,11002,R,17279,R,86,R,41,R,45,R,1867,R,869,R,998,R,5594,R,1924,R,3670,R,10609,R,3830,R,6779,R,42,R,14,R,28,R,7781,R,3382,R,4399,R,1170,R,468,R,702,R,798,R,351,R,447,R,334,R,123,R,211,A,,A,,2025
228608,1,1,999,R,7105,R,2423,R,4682,R,33,R,14,R,19,R,129,R,44,R,85,R,930,R,314,R,616,R,2404,R,742,R,1662,R,22,R,7,R,15,R,2706,R,1012,R,1694,R,441,R,151,R,290,R,440,R,139,R,301,R,0,R,0,R,0,R,0.0,R,7105.0,2025
228608,2,2,1,R,7105,R,2423,R,4682,R,33,R,14,R,19,R,129,R,44,R,85,R,930,R,314,R,616,R,2404,R,742,R,1662,R,22,R,7,R,15,R,2706,R,1012,R,1694,R,441,R,151,R,290,R,440,R,139,R,301,R,0,R,0,R,0,R,0.0,R,7105.0,2025
228608,3,-2,1,R,4723,R,1571,R,3152,R,24,R,12,R,12,R,77,R,23,R,54,R,718,R,249,R,469,R,1571,R,480,R,1091,R,19,R,6,R,13,R,1632,R,580,R,1052,R,302,R,99,R,203,R,380,R,122,R,258,R,0,R,0,R,0,A,,A,,2025
228608,4,-2,1,R,962,R,384,R,578,R,4,R,3,R,1,R,12,R,4,R,8,R,129,R,71,R,58,R,323,R,111,R,212,R,3,R,1,R,2,R,334,R,134,R,200,R,58,R,19,R,39,R,99,R,41,R,58,R,0,R,0,R,0,A,,A,,2025
228608,5,-2,1,R,3761,R,1187,R,2574,R,20,R,9,R,11,R,65,R,19,R,46,R,589,R,178,R,411,R,1248,R,369,R,879,R,16,R,5,R,11,R,1298,R,446,R,852,R,244,R,80,R,164,R,281,R,81,R,200,R,0,R,0,R,0,A,,A,,2025
228608,11,-2,1,R,2382,R,852,R,1530,R,9,R,2,R,7,R,52,R,21,R,31,R,212,R,65,R,147,R,833,R,262,R,571,R,3,R,1,R,2,R,1074,R,432,R,642,R,139,R,52,R,87,R,60,R,17,R,43,R,0,R,0,R,0,A,,A,,2025
228608,19,-2,1,R,1651,R,473,R,1178,R,10,R,4,R,6,R,30,R,6,R,24,R,335,R,88,R,247,R,468,R,124,R,344,R,10,R,4,R,6,R,577,R,191,R,386,R,107,R,31,R,76,R,114,R,25,R,89,R,0,R,0,R,0,A,,A,,2025
228608,20,-2,1,R,2110,R,714,R,1396,R,10,R,5,R,5,R,35,R,13,R,22,R,254,R,90,R,164,R,780,R,245,R,535,R,6,R,1,R,5,R,721,R,255,R,466,R,137,R,49,R,88,R,167,R,56,R,111,R,0,R,0,R,0,A,,A,,2025
228608,21,-2,999,R,2899,R,989,R,1910,R,19,R,10,R,9,R,67,R,22,R,45,R,382,R,127,R,255,R,950,R,278,R,672,R,10,R,2,R,8,R,1083,R,409,R,674,R,187,R,76,R,111,R,201,R,65,R,136,R,0,R,0,R,0,A,,A,,2025
228608,22,-2,1,R,2899,R,989,R,1910,R,19,R,10,R,9,R,67,R,22,R,45,R,382,R,127,R,255,R,950,R,278,R,672,R,10,R,2,R,8,R,1083,R,409,R,674,R,187,R,76,R,111,R,201,R,65,R,136,R,0,R,0,R,0,A,,A,,2025
228608,23,-2,1,R,2221,R,780,R,1441,R,15,R,9,R,6,R,46,R,13,R,33,R,319,R,112,R,207,R,709,R,216,R,493,R,8,R,2,R,6,R,801,R,314,R,487,R,144,R,54,R,90,R,179,R,60,R,119,R,0,R,0,R,0,A,,A,,2025
228608,24,-2,1,R,491,R,185,R,306,R,4,R,3,R,1,R,11,R,4,R,7,R,43,R,21,R,22,R,172,R,48,R,124,R,0,R,0,R,0,R,174,R,76,R,98,R,38,R,12,R,26,R,49,R,21,R,28,R,0,R,0,R,0,A,,A,,2025
228608,25,-2,1,R,1730,R,595,R,1135,R,11,R,6,R,5,R,35,R,9,R,26,R,276,R,91,R,185,R,537,R,168,R,369,R,8,R,2,R,6,R,627,R,238,R,389,R,106,R,42,R,64,R,130,R,39,R,91,R,0,R,0,R,0,A,,A,,2025
228608,31,-2,1,R,678,R,209,R,469,R,4,R,1,R,3,R,21,R,9,R,12,R,63,R,15,R,48,R,241,R,62,R,179,R,2,R,0,R,2,R,282,R,95,R,187,R,43,R,22,R,21,R,22,R,5,R,17,R,0,R,0,R,0,A,,A,,2025
228608,39,-2,1,R,687,R,208,R,479,R,4,R,1,R,3,R,16,R,2,R,14,R,143,R,45,R,98,R,190,R,51,R,139,R,4,R,2,R,2,R,248,R,83,R,165,R,38,R,15,R,23,R,44,R,9,R,35,R,0,R,0,R,0,A,,A,,2025
228608,40,-2,1,R,1043,R,387,R,656,R,7,R,5,R,2,R,19,R,7,R,12,R,133,R,46,R,87,R,347,R,117,R,230,R,4,R,0,R,4,R,379,R,155,R,224,R,68,R,27,R,41,R,86,R,30,R,56,R,0,R,0,R,0,A,,A,,2025
228608,41,-2,999,R,4206,R,1434,R,2772,R,14,R,4,R,10,R,62,R,22,R,40,R,548,R,187,R,361,R,1454,R,464,R,990,R,12,R,5,R,7,R,1623,R,603,R,1020,R,254,R,75,R,179,R,239,R,74,R,165,R,0,R,0,R,0,A,,A,,2025
228608,42,-2,1,R,4206,R,1434,R,2772,R,14,R,4,R,10,R,62,R,22,R,40,R,548,R,187,R,361,R,1454,R,464,R,990,R,12,R,5,R,7,R,1623,R,603,R,1020,R,254,R,75,R,179,R,239,R,74,R,165,R,0,R,0,R,0,A,,A,,2025
228608,43,-2,1,R,2502,R,791,R,1711,R,9,R,3,R,6,R,31,R,10,R,21,R,399,R,137,R,262,R,862,R,264,R,598,R,11,R,4,R,7,R,831,R,266,R,565,R,158,R,45,R,113,R,201,R,62,R,139,R,0,R,0,R,0,A,,A,,2025
228608,44,-2,1,R,471,R,199,R,272,R,0,R,0,R,0,R,1,R,0,R,1,R,86,R,50,R,36,R,151,R,63,R,88,R,3,R,1,R,2,R,160,R,58,R,102,R,20,R,7,R,13,R,50,R,20,R,30,R,0,R,0,R,0,A,,A,,2025
228608,45,-2,1,R,2031,R,592,R,1439,R,9,R,3,R,6,R,30,R,10,R,20,R,313,R,87,R,226,R,711,R,201,R,510,R,8,R,3,R,5,R,671,R,208,R,463,R,138,R,38,R,100,R,151,R,42,R,109,R,0,R,0,R,0,A,,A,,2025
228608,51,-2,1,R,1704,R,643,R,1061,R,5,R,1,R,4,R,31,R,12,R,19,R,149,R,50,R,99,R,592,R,200,R,392,R,1,R,1,R,0,R,792,R,337,R,455,R,96,R,30,R,66,R,38,R,12,R,26,R,0,R,0,R,0,A,,A,,2025
228608,59,-2,1,R,964,R,265,R,699,R,6,R,3,R,3,R,14,R,4,R,10,R,192,R,43,R,149,R,278,R,73,R,205,R,6,R,2,R,4,R,329,R,108,R,221,R,69,R,16,R,53,R,70,R,16,R,54,R,0,R,0,R,0,A,,A,,2025
228608,60,-2,1,R,1067,R,327,R,740,R,3,R,0,R,3,R,16,R,6,R,10,R,121,R,44,R,77,R,433,R,128,R,305,R,2,R,1,R,1,R,342,R,100,R,242,R,69,R,22,R,47,R,81,R,26,R,55,R,0,R,0,R,0,A,,A,,2025
228635,1,1,999,R,2855,R,1244,R,1611,R,6,R,1,R,5,R,593,R,228,R,365,R,155,R,45,R,110,R,370,R,161,R,209,R,1,R,1,R,0,R,713,R,289,R,424,R,92,R,37,R,55,R,165,R,69,R,96,R,760,R,413,R,347,R,0.0,R,2855.0,2025
228635,12,4,3,R,2855,R,1244,R,1611,R,6,R,1,R,5,R,593,R,228,R,365,R,155,R,45,R,110,R,370,R,161,R,209,R,1,R,1,R,0,R,713,R,289,R,424,R,92,R,37,R,55,R,165,R,69,R,96,R,760,R,413,R,347,R,0.0,R,2855.0,2025
228635,21,-2,999,R,2067,R,829,R,1238,R,5,R,0,R,5,R,570,R,221,R,349,R,147,R,41,R,106,R,344,R,148,R,196,R,1,R,1,R,0,R,665,R,272,R,393,R,91,R,37,R,54,R,41,R,14,R,27,R,203,R,95,R,108,A,,A,,2025
228635,32,-2,3,R,2067,R,829,R,1238,R,5,R,0,R,5,R,570,R,221,R,349,R,147,R,41,R,106,R,344,R,148,R,196,R,1,R,1,R,0,R,665,R,272,R,393,R,91,R,37,R,54,R,41,R,14,R,27,R,203,R,95,R,108,A,,A,,2025
228635,41,-2,999,R,788,R,415,R,373,R,1,R,1,R,0,R,23,R,7,R,16,R,8,R,4,R,4,R,26,R,13,R,13,R,0,R,0,R,0,R,48,R,17,R,31,R,1,R,0,R,1,R,124,R,55,R,69,R,557,R,318,R,239,A,,A,,2025
228635,52,-2,3,R,788,R,415,R,373,R,1,R,1,R,0,R,23,R,7,R,16,R,8,R,4,R,4,R,26,R,13,R,13,R,0,R,0,R,0,R,48,R,17,R,31,R,1,R,0,R,1,R,124,R,55,R,69,R,557,R,318,R,239,A,,A,,2025
228644,1,1,999,R,4525,R,1584,R,2941,R,8,R,4,R,4,R,720,R,262,R,458,R,233,R,77,R,156,R,1907,R,617,R,1290,R,4,R,3,R,1,R,1267,R,477,R,790,R,168,R,68,R,100,R,87,R,29,R,58,R,131,R,47,R,84,R,4.0,R,4521.0,2025
228644,2,2,1,R,1431,R,466,R,965,R,4,R,2,R,2,R,104,R,26,R,78,R,91,R,21,R,70,R,841,R,268,R,573,R,2,R,1,R,1,R,310,R,120,R,190,R,54,R,21,R,33,R,18,R,5,R,13,R,7,R,2,R,5,R,1.0,R,1430.0,2025
228644,3,-2,1,R,1431,R,466,R,965,R,4,R,2,R,2,R,104,R,26,R,78,R,91,R,21,R,70,R,841,R,268,R,573,R,2,R,1,R,1,R,310,R,120,R,190,R,54,R,21,R,33,R,18,R,5,R,13,R,7,R,2,R,5,A,,A,,2025
228644,5,-2,1,R,1431,R,466,R,965,R,4,R,2,R,2,R,104,R,26,R,78,R,91,R,21,R,70,R,841,R,268,R,573,R,2,R,1,R,1,R,310,R,120,R,190,R,54,R,21,R,33,R,18,R,5,R,13,R,7,R,2,R,5,A,,A,,2025
228644,12,4,3,R,3094,R,1118,R,1976,R,4,R,2,R,2,R,616,R,236,R,380,R,142,R,56,R,86,R,1066,R,349,R,717,R,2,R,2,R,0,R,957,R,357,R,600,R,114,R,47,R,67,R,69,R,24,R,45,R,124,R,45,R,79,R,3.0,R,3091.0,2025
228644,19,-2,1,R,804,R,257,R,547,R,2,R,1,R,1,R,49,R,11,R,38,R,53,R,10,R,43,R,465,R,148,R,317,R,0,R,0,R,0,R,185,R,69,R,116,R,34,R,13,R,21,R,12,R,3,R,9,R,4,R,2,R,2,A,,A,,2025
228644,20,-2,1,R,627,R,209,R,418,R,2,R,1,R,1,R,55,R,15,R,40,R,38,R,11,R,27,R,376,R,120,R,256,R,2,R,1,R,1,R,125,R,51,R,74,R,20,R,8,R,12,R,6,R,2,R,4,R,3,R,0,R,3,A,,A,,2025
228644,21,-2,999,R,3875,R,1322,R,2553,R,6,R,2,R,4,R,679,R,246,R,433,R,192,R,60,R,132,R,1590,R,486,R,1104,R,4,R,3,R,1,R,1060,R,393,R,667,R,158,R,63,R,95,R,76,R,27,R,49,R,110,R,42,R,68,A,,A,,2025
228644,22,-2,1,R,1182,R,307,R,875,R,3,R,1,R,2,R,94,R,20,R,74,R,80,R,15,R,65,R,700,R,182,R,518,R,2,R,1,R,1,R,234,R,66,R,168,R,49,R,16,R,33,R,14,R,4,R,10,R,6,R,2,R,4,A,,A,,2025
228644,23,-2,1,R,1182,R,307,R,875,R,3,R,1,R,2,R,94,R,20,R,74,R,80,R,15,R,65,R,700,R,182,R,518,R,2,R,1,R,1,R,234,R,66,R,168,R,49,R,16,R,33,R,14,R,4,R,10,R,6,R,2,R,4,A,,A,,2025
228644,25,-2,1,R,1182,R,307,R,875,R,3,R,1,R,2,R,94,R,20,R,74,R,80,R,15,R,65,R,700,R,182,R,518,R,2,R,1,R,1,R,234,R,66,R,168,R,49,R,16,R,33,R,14,R,4,R,10,R,6,R,2,R,4,A,,A,,2025
228644,32,-2,3,R,2693,R,1015,R,1678,R,3,R,1,R,2,R,585,R,226,R,359,R,112,R,45,R,67,R,890,R,304,R,586,R,2,R,2,R,0,R,826,R,327,R,499,R,109,R,47,R,62,R,62,R,23,R,39,R,104,R,40,R,64,A,,A,,2025
228644,39,-2,1,R,651,R,152,R,499,R,2,R,1,R,1,R,45,R,8,R,37,R,46,R,6,R,40,R,379,R,89,R,290,R,0,R,0,R,0,R,135,R,34,R,101,R,30,R,9,R,21,R,10,R,3,R,7,R,4,R,2,R,2,A,,A,,2025
228644,40,-2,1,R,531,R,155,R,376,R,1,R,0,R,1,R,49,R,12,R,37,R,34,R,9,R,25,R,321,R,93,R,228,R,2,R,1,R,1,R,99,R,32,R,67,R,19,R,7,R,12,R,4,R,1,R,3,R,2,R,0,R,2,A,,A,,2025
228644,41,-2,999,R,650,R,262,R,388,R,2,R,2,R,0,R,41,R,16,R,25,R,41,R,17,R,24,R,317,R,131,R,186,R,0,R,0,R,0,R,207,R,84,R,123,R,10,R,5,R,5,R,11,R,2,R,9,R,21,R,5,R,16,A,,A,,2025
228644,42,-2,1,R,249,R,159,R,90,R,1,R,1,R,0,R,10,R,6,R,4,R,11,R,6,R,5,R,141,R,86,R,55,R,0,R,0,R,0,R,76,R,54,R,22,R,5,R,5,R,0,R,4,R,1,R,3,R,1,R,0,R,1,A,,A,,2025
228644,43,-2,1,R,249,R,159,R,90,R,1,R,1,R,0,R,10,R,6,R,4,R,11,R,6,R,5,R,141,R,86,R,55,R,0,R,0,R,0,R,76,R,54,R,22,R,5,R,5,R,0,R,4,R,1,R,3,R,1,R,0,R,1,A,,A,,2025
228644,45,-2,1,R,249,R,159,R,90,R,1,R,1,R,0,R,10,R,6,R,4,R,11,R,6,R,5,R,141,R,86,R,55,R,0,R,0,R,0,R,76,R,54,R,22,R,5,R,5,R,0,R,4,R,1,R,3,R,1,R,0,R,1,A,,A,,2025
228644,52,-2,3,R,401,R,103,R,298,R,1,R,1,R,0,R,31,R,10,R,21,R,30,R,11,R,19,R,176,R,45,R,131,R,0,R,0,R,0,R,131,R,30,R,101,R,5,R,0,R,5,R,7,R,1,R,6,R,20,R,5,R,15,A,,A,,2025
228644,59,-2,1,R,153,R,105,R,48,R,0,R,0,R,0,R,4,R,3,R,1,R,7,R,4,R,3,R,86,R,59,R,27,R,0,R,0,R,0,R,50,R,35,R,15,R,4,R,4,R,0,R,2,R,0,R,2,R,0,R,0,R,0,A,,A,,2025
228644,60,-2,1,R,96,R,54,R,42,R,1,R,1,R,0,R,6,R,3,R,3,R,4,R,2,R,2,R,55,R,27,R,28,R,0,R,0,R,0,R,26,R,19,R,7,R,1,R,1,R,0,R,2,R,1,R,1,R,1,R,0,R,1,A,,A,,2025
228653,1,1,999,R,4034,R,1156,R,2878,R,8,R,3,R,5,R,975,R,352,R,623,R,368,R,81,R,287,R,989,R,292,R,697,R,7,R,4,R,3,R,1302,R,275,R,1027,R,109,R,32,R,77,R,206,R,90,R,116,R,70,R,27,R,43,R,0.0,R,4034.0,2025
228653,2,2,1,R,904,R,169,R,735,R,2,Z,0,R,2,R,202,R,44,R,158,R,103,R,18,R,85,R,341,R,68,R,273,Z,0,Z,0,Z,0,R,218,R,34,R,184,R,19,R,1,R,18,R,7,R,2,R,5,R,12,R,2,R,10,R,0.0,R,904.0,2025
228653,3,-2,1,R,904,R,169,R,735,R,2,Z,0,R,2,R,202,R,44,R,158,R,103,R,18,R,85,R,341,R,68,R,273,Z,0,Z,0,Z,0,R,218,R,34,R,184,R,19,R,1,R,18,R,7,R,2,R,5,R,12,R,2,R,10,A,,A,,2025
228653,5,-2,1,R,904,R,169,R,735,R,2,Z,0,R,2,R,202,R,44,R,158,R,103,R,18,R,85,R,341,R,68,R,273,Z,0,Z,0,Z,0,R,218,R,34,R,184,R,19,R,1,R,18,R,7,R,2,R,5,R,12,R,2,R,10,A,,A,,2025
228653,12,4,3,R,3130,R,987,R,2143,R,6,R,3,R,3,R,773,R,308,R,465,R,265,R,63,R,202,R,648,R,224,R,424,R,7,R,4,R,3,R,1084,R,241,R,843,R,90,R,31,R,59,R,199,R,88,R,111,R,58,R,25,R,33,R,0.0,R,3130.0,2025
228653,19,-2,1,R,663,R,124,R,539,R,1,Z,0,R,1,R,142,R,34,R,108,R,73,R,15,R,58,R,261,R,50,R,211,Z,0,Z,0,Z,0,R,157,R,22,R,135,R,16,R,1,R,15,R,3,R,1,R,2,R,10,R,1,R,9,A,,A,,2025
228653,20,-2,1,R,241,R,45,R,196,R,1,Z,0,R,1,R,60,R,10,R,50,R,30,R,3,R,27,R,80,R,18,R,62,Z,0,Z,0,Z,0,R,61,R,12,R,49,R,3,R,0,R,3,R,4,R,1,R,3,R,2,R,1,R,1,A,,A,,2025
228653,21,-2,999,R,2911,R,902,R,2009,R,6,R,3,R,3,R,697,R,261,R,436,R,225,R,58,R,167,R,753,R,236,R,517,R,5,R,3,R,2,R,943,R,222,R,721,R,85,R,28,R,57,R,144,R,70,R,74,R,53,R,21,R,32,A,,A,,2025
228653,22,-2,1,R,786,R,149,R,637,R,2,Z,0,R,2,R,168,R,39,R,129,R,86,R,16,R,70,R,296,R,59,R,237,Z,0,Z,0,Z,0,R,202,R,30,R,172,R,16,R,1,R,15,R,4,R,2,R,2,R,12,R,2,R,10,A,,A,,2025
228653,23,-2,1,R,786,R,149,R,637,R,2,Z,0,R,2,R,168,R,39,R,129,R,86,R,16,R,70,R,296,R,59,R,237,Z,0,Z,0,Z,0,R,202,R,30,R,172,R,16,R,1,R,15,R,4,R,2,R,2,R,12,R,2,R,10,A,,A,,2025
228653,25,-2,1,R,786,R,149,R,637,R,2,Z,0,R,2,R,168,R,39,R,129,R,86,R,16,R,70,R,296,R,59,R,237,Z,0,Z,0,Z,0,R,202,R,30,R,172,R,16,R,1,R,15,R,4,R,2,R,2,R,12,R,2,R,10,A,,A,,2025
228653,32,-2,3,R,2125,R,753,R,1372,R,4,R,3,R,1,R,529,R,222,R,307,R,139,R,42,R,97,R,457,R,177,R,280,R,5,R,3,R,2,R,741,R,192,R,549,R,69,R,27,R,42,R,140,R,68,R,72,R,41,R,19,R,22,A,,A,,2025
228653,39,-2,1,R,600,R,114,R,486,R,1,Z,0,R,1,R,126,R,31,R,95,R,68,R,14,R,54,R,231,R,46,R,185,Z,0,Z,0,Z,0,R,148,R,20,R,128,R,13,R,1,R,12,R,3,R,1,R,2,R,10,R,1,R,9,A,,A,,2025
228653,40,-2,1,R,186,R,35,R,151,R,1,Z,0,R,1,R,42,R,8,R,34,R,18,R,2,R,16,R,65,R,13,R,52,Z,0,Z,0,Z,0,R,54,R,10,R,44,R,3,R,0,R,3,R,1,R,1,R,0,R,2,R,1,R,1,A,,A,,2025
228653,41,-2,999,R,1123,R,254,R,869,R,2,Z,0,R,2,R,278,R,91,R,187,R,143,R,23,R,120,R,236,R,56,R,180,R,2,R,1,R,1,R,359,R,53,R,306,R,24,R,4,R,20,R,62,R,20,R,42,R,17,R,6,R,11,A,,A,,2025
228653,42,-2,1,R,118,R,20,R,98,Z,0,Z,0,Z,0,R,34,R,5,R,29,R,17,R,2,R,15,R,45,R,9,R,36,Z,0,Z,0,Z,0,R,16,R,4,R,12,R,3,Z,0,R,3,R,3,Z,0,R,3,Z,0,Z,0,Z,0,A,,A,,2025
228653,43,-2,1,R,118,R,20,R,98,Z,0,Z,0,Z,0,R,34,R,5,R,29,R,17,R,2,R,15,R,45,R,9,R,36,Z,0,Z,0,Z,0,R,16,R,4,R,12,R,3,Z,0,R,3,R,3,Z,0,R,3,Z,0,Z,0,Z,0,A,,A,,2025
228653,45,-2,1,R,118,R,20,R,98,Z,0,Z,0,Z,0,R,34,R,5,R,29,R,17,R,2,R,15,R,45,R,9,R,36,Z,0,Z,0,Z,0,R,16,R,4,R,12,R,3,Z,0,R,3,R,3,Z,0,R,3,Z,0,Z,0,Z,0,A,,A,,2025
228653,52,-2,3,R,1005,R,234,R,771,R,2,Z,0,R,2,R,244,R,86,R,158,R,126,R,21,R,105,R,191,R,47,R,144,R,2,R,1,R,1,R,343,R,49,R,294,R,21,R,4,R,17,R,59,R,20,R,39,R,17,R,6,R,11,A,,A,,2025
228653,59,-2,1,R,63,R,10,R,53,Z,0,Z,0,Z,0,R,16,R,3,R,13,R,5,R,1,R,4,R,30,R,4,R,26,Z,0,Z,0,Z,0,R,9,R,2,R,7,R,3,Z,0,R,3,Z,0,Z,0,Z,0,Z,0,Z,0,Z,0,A,,A,,2025
228653,60,-2,1,R,55,R,10,R,45,Z,0,Z,0,Z,0,R,18,R,2,R,16,R,12,R,1,R,11,R,15,R,5,R,10,Z,0,Z,0,Z,0,R,7,R,2,R,5,Z,0,Z,0,Z,0,R,3,Z,0,R,3,Z,0,Z,0,Z,0,A,,A,,2025
228699,1,1,999,R,5201,R,2027,R,3174,R,25,R,8,R,17,R,54,R,25,R,29,R,1300,R,420,R,880,R,596,R,230,R,366,R,8,R,6,R,2,R,2768,R,1163,R,1605,R,265,R,104,R,161,R,128,R,48,R,80,R,57,R,23,R,34,R,0.0,R,5201.0,2025
228699,2,2,1,R,5201,R,2027,R,3174,R,25,R,8,R,17,R,54,R,25,R,29,R,1300,R,420,R,880,R,596,R,230,R,366,R,8,R,6,R,2,R,2768,R,1163,R,1605,R,265,R,104,R,161,R,128,R,48,R,80,R,57,R,23,R,34,R,0.0,R,5201.0,2025
228699,3,-2,1,R,2206,R,699,R,1507,R,7,R,1,R,6,R,15,R,6,R,9,R,693,R,165,R,528,R,240,R,93,R,147,R,3,R,2,R,1,R,1094,R,380,R,714,R,88,R,29,R,59,R,40,R,15,R,25,R,26,R,8,R,18,A,,A,,2025
228699,4,-2,1,R,506,R,222,R,284,R,2,R,0,R,2,R,0,R,0,R,0,R,141,R,51,R,90,R,72,R,34,R,38,R,1,R,1,R,0,R,249,R,117,R,132,R,22,R,11,R,11,R,13,R,6,R,7,R,6,R,2,R,4,A,,A,,2025
228699,5,-2,1,R,1700,R,477,R,1223,R,5,R,1,R,4,R,15,R,6,R,9,R,552,R,114,R,438,R,168,R,59,R,109,R,2,R,1,R,1,R,845,R,263,R,582,R,66,R,18,R,48,R,27,R,9,R,18,R,20,R,6,R,14,A,,A,,2025
228699,11,-2,1,R,2995,R,1328,R,1667,R,18,R,7,R,11,R,39,R,19,R,20,R,607,R,255,R,352,R,356,R,137,R,219,R,5,R,4,R,1,R,1674,R,783,R,891,R,177,R,75,R,102,R,88,R,33,R,55,R,31,R,15,R,16,A,,A,,2025
228699,19,-2,1,R,297,R,83,R,214,R,1,R,0,R,1,R,4,R,1,R,3,R,111,R,19,R,92,R,25,R,10,R,15,R,1,R,0,R,1,R,132,R,46,R,86,R,12,R,5,R,7,R,9,R,2,R,7,R,2,R,0,R,2,A,,A,,2025
228699,20,-2,1,R,1403,R,394,R,1009,R,4,R,1,R,3,R,11,R,5,R,6,R,441,R,95,R,346,R,143,R,49,R,94,R,1,R,1,R,0,R,713,R,217,R,496,R,54,R,13,R,41,R,18,R,7,R,11,R,18,R,6,R,12,A,,A,,2025
228699,21,-2,999,R,1425,R,580,R,845,R,6,R,1,R,5,R,16,R,9,R,7,R,322,R,108,R,214,R,169,R,71,R,98,R,1,R,1,R,0,R,776,R,335,R,441,R,67,R,27,R,40,R,45,R,21,R,24,R,23,R,7,R,16,A,,A,,2025
228699,22,-2,1,R,1425,R,580,R,845,R,6,R,1,R,5,R,16,R,9,R,7,R,322,R,108,R,214,R,169,R,71,R,98,R,1,R,1,R,0,R,776,R,335,R,441,R,67,R,27,R,40,R,45,R,21,R,24,R,23,R,7,R,16,A,,A,,2025
228699,23,-2,1,R,946,R,390,R,556,R,3,R,1,R,2,R,6,R,3,R,3,R,255,R,90,R,165,R,107,R,47,R,60,R,1,R,1,R,0,R,489,R,210,R,279,R,44,R,19,R,25,R,22,R,12,R,10,R,19,R,7,R,12,A,,A,,2025
228699,24,-2,1,R,293,R,150,R,143,R,2,R,0,R,2,R,0,R,0,R,0,R,63,R,32,R,31,R,48,R,24,R,24,R,0,R,0,R,0,R,150,R,79,R,71,R,13,R,8,R,5,R,11,R,5,R,6,R,6,R,2,R,4,A,,A,,2025
228699,25,-2,1,R,653,R,240,R,413,R,1,R,1,R,0,R,6,R,3,R,3,R,192,R,58,R,134,R,59,R,23,R,36,R,1,R,1,R,0,R,339,R,131,R,208,R,31,R,11,R,20,R,11,R,7,R,4,R,13,R,5,R,8,A,,A,,2025
228699,31,-2,1,R,479,R,190,R,289,R,3,R,0,R,3,R,10,R,6,R,4,R,67,R,18,R,49,R,62,R,24,R,38,R,0,R,0,R,0,R,287,R,125,R,162,R,23,R,8,R,15,R,23,R,9,R,14,R,4,R,0,R,4,A,,A,,2025
228699,39,-2,1,R,128,R,47,R,81,R,0,R,0,R,0,R,3,R,1,R,2,R,35,R,8,R,27,R,10,R,3,R,7,R,0,R,0,R,0,R,71,R,30,R,41,R,6,R,3,R,3,R,2,R,2,R,0,R,1,R,0,R,1,A,,A,,2025
228699,40,-2,1,R,525,R,193,R,332,R,1,R,1,R,0,R,3,R,2,R,1,R,157,R,50,R,107,R,49,R,20,R,29,R,1,R,1,R,0,R,268,R,101,R,167,R,25,R,8,R,17,R,9,R,5,R,4,R,12,R,5,R,7,A,,A,,2025
228699,41,-2,999,R,3776,R,1447,R,2329,R,19,R,7,R,12,R,38,R,16,R,22,R,978,R,312,R,666,R,427,R,159,R,268,R,7,R,5,R,2,R,1992,R,828,R,1164,R,198,R,77,R,121,R,83,R,27,R,56,R,34,R,16,R,18,A,,A,,2025
228699,42,-2,1,R,3776,R,1447,R,2329,R,19,R,7,R,12,R,38,R,16,R,22,R,978,R,312,R,666,R,427,R,159,R,268,R,7,R,5,R,2,R,1992,R,828,R,1164,R,198,R,77,R,121,R,83,R,27,R,56,R,34,R,16,R,18,A,,A,,2025
228699,43,-2,1,R,1260,R,309,R,951,R,4,R,0,R,4,R,9,R,3,R,6,R,438,R,75,R,363,R,133,R,46,R,87,R,2,R,1,R,1,R,605,R,170,R,435,R,44,R,10,R,34,R,18,R,3,R,15,R,7,R,1,R,6,A,,A,,2025
228699,44,-2,1,R,213,R,72,R,141,R,0,R,0,R,0,R,0,R,0,R,0,R,78,R,19,R,59,R,24,R,10,R,14,R,1,R,1,R,0,R,99,R,38,R,61,R,9,R,3,R,6,R,2,R,1,R,1,R,0,R,0,R,0,A,,A,,2025
228699,45,-2,1,R,1047,R,237,R,810,R,4,R,0,R,4,R,9,R,3,R,6,R,360,R,56,R,304,R,109,R,36,R,73,R,1,R,0,R,1,R,506,R,132,R,374,R,35,R,7,R,28,R,16,R,2,R,14,R,7,R,1,R,6,A,,A,,2025
228699,51,-2,1,R,2516,R,1138,R,1378,R,15,R,7,R,8,R,29,R,13,R,16,R,540,R,237,R,303,R,294,R,113,R,181,R,5,R,4,R,1,R,1387,R,658,R,729,R,154,R,67,R,87,R,65,R,24,R,41,R,27,R,15,R,12,A,,A,,2025
228699,59,-2,1,R,169,R,36,R,133,R,1,R,0,R,1,R,1,R,0,R,1,R,76,R,11,R,65,R,15,R,7,R,8,R,1,R,0,R,1,R,61,R,16,R,45,R,6,R,2,R,4,R,7,R,0,R,7,R,1,R,0,R,1,A,,A,,2025
228699,60,-2,1,R,878,R,201,R,677,R,3,R,0,R,3,R,8,R,3,R,5,R,284,R,45,R,239,R,94,R,29,R,65,R,0,R,0,R,0,R,445,R,116,R,329,R,29,R,5,R,24,R,9,R,2,R,7,R,6,R,1,R,5,A,,A,,2025
228705,1,1,999,R,7649,R,3645,R,4004,R,10,R,6,R,4,R,75,R,40,R,35,R,276,R,181,R,95,R,5392,R,2410,R,2982,R,8,R,5,R,3,R,1170,R,543,R,627,R,82,R,31,R,51,R,19,R,11,R,8,R,617,R,418,R,199,R,0.0,R,7649.0,2025
228705,2,2,1,R,5868,R,2901,R,2967,R,9,R,5,R,4,R,52,R,30,R,22,R,207,R,149,R,58,R,4554,R,2185,R,2369,R,7,R,5,R,2,R,886,R,439,R,447,R,60,R,26,R,34,R,8,R,7,R,1,R,85,R,55,R,30,R,0.0,R,5868.0,2025
228705,3,-2,1,R,5111,R,2581,R,2530,R,8,R,4,R,4,R,37,R,22,R,15,R,199,R,145,R,54,R,3952,R,1934,R,2018,R,5,R,4,R,1,R,770,R,392,R,378,R,52,R,21,R,31,R,8,R,7,R,1,R,80,R,52,R,28,A,,A,,2025
228705,4,-2,1,R,1330,R,687,R,643,R,1,R,1,Z,0,R,6,R,4,R,2,R,55,R,39,R,16,R,1081,R,545,R,536,R,0,R,0,Z,0,R,160,R,86,R,74,R,16,R,6,R,10,R,4,R,3,R,1,R,7,R,3,R,4,A,,A,,2025
228705,5,-2,1,R,3781,R,1894,R,1887,R,7,R,3,R,4,R,31,R,18,R,13,R,144,R,106,R,38,R,2871,R,1389,R,1482,R,5,R,4,R,1,R,610,R,306,R,304,R,36,R,15,R,21,R,4,R,4,Z,0,R,73,R,49,R,24,A,,A,,2025
228705,11,-2,1,R,757,R,320,R,437,R,1,R,1,Z,0,R,15,R,8,R,7,R,8,R,4,R,4,R,602,R,251,R,351,R,2,R,1,R,1,R,116,R,47,R,69,R,8,R,5,R,3,R,0,R,0,Z,0,R,5,R,3,R,2,A,,A,,2025
228705,12,4,3,R,1781,R,744,R,1037,R,1,R,1,Z,0,R,23,R,10,R,13,R,69,R,32,R,37,R,838,R,225,R,613,R,1,Z,0,R,1,R,284,R,104,R,180,R,22,R,5,R,17,R,11,R,4,R,7,R,532,R,363,R,169,R,0.0,R,1781.0,2025
228705,19,-2,1,R,420,R,204,R,216,R,1,R,1,Z,0,R,13,R,8,R,5,R,21,R,17,R,4,R,265,R,122,R,143,R,1,R,1,Z,0,R,99,R,45,R,54,R,6,R,2,R,4,R,1,R,1,Z,0,R,13,R,7,R,6,A,,A,,2025
228705,20,-2,1,R,3361,R,1690,R,1671,R,6,R,2,R,4,R,18,R,10,R,8,R,123,R,89,R,34,R,2606,R,1267,R,1339,R,4,R,3,R,1,R,511,R,261,R,250,R,30,R,13,R,17,R,3,R,3,Z,0,R,60,R,42,R,18,A,,A,,2025
228705,21,-2,999,R,5266,R,2628,R,2638,R,7,R,4,R,3,R,41,R,23,R,18,R,204,R,140,R,64,R,3685,R,1755,R,1930,R,4,R,2,R,2,R,764,R,358,R,406,R,63,R,22,R,41,R,11,R,8,R,3,R,487,R,316,R,171,A,,A,,2025
228705,22,-2,1,R,4356,R,2230,R,2126,R,7,R,4,R,3,R,32,R,20,R,12,R,176,R,130,R,46,R,3388,R,1695,R,1693,R,3,R,2,R,1,R,628,R,316,R,312,R,51,R,20,R,31,R,8,R,7,R,1,R,63,R,36,R,27,A,,A,,2025
228705,23,-2,1,R,4328,R,2218,R,2110,R,7,R,4,R,3,R,32,R,20,R,12,R,176,R,130,R,46,R,3365,R,1685,R,1680,R,3,R,2,R,1,R,625,R,316,R,309,R,50,R,19,R,31,R,8,R,7,R,1,R,62,R,35,R,27,A,,A,,2025
228705,24,-2,1,R,1273,R,665,R,608,R,1,R,1,Z,0,R,5,R,3,R,2,R,53,R,39,R,14,R,1039,R,528,R,511,R,0,R,0,Z,0,R,148,R,82,R,66,R,16,R,6,R,10,R,4,R,3,R,1,R,7,R,3,R,4,A,,A,,2025
228705,25,-2,1,R,3055,R,1553,R,1502,R,6,R,3,R,3,R,27,R,17,R,10,R,123,R,91,R,32,R,2326,R,1157,R,1169,R,3,R,2,R,1,R,477,R,234,R,243,R,34,R,13,R,21,R,4,R,4,Z,0,R,55,R,32,R,23,A,,A,,2025
228705,31,-2,1,R,28,R,12,R,16,R,0,R,0,Z,0,R,0,R,0,Z,0,R,0,R,0,Z,0,R,23,R,10,R,13,R,0,R,0,Z,0,R,3,R,0,R,3,R,1,R,1,Z,0,R,0,R,0,Z,0,R,1,R,1,R,0,A,,A,,2025
228705,32,-2,3,R,910,R,398,R,512,Z,0,Z,0,Z,0,R,9,R,3,R,6,R,28,R,10,R,18,R,297,R,60,R,237,R,1,Z,0,R,1,R,136,R,42,R,94,R,12,R,2,R,10,R,3,R,1,R,2,R,424,R,280,R,144,A,,A,,2025
228705,39,-2,1,R,336,R,163,R,173,R,1,R,1,Z,0,R,12,R,8,R,4,R,18,R,15,R,3,R,217,R,104,R,113,R,1,R,1,Z,0,R,68,R,25,R,43,R,6,R,2,R,4,R,1,R,1,Z,0,R,12,R,6,R,6,A,,A,,2025
228705,40,-2,1,R,2719,R,1390,R,1329,R,5,R,2,R,3,R,15,R,9,R,6,R,105,R,76,R,29,R,2109,R,1053,R,1056,R,2,R,1,R,1,R,409,R,209,R,200,R,28,R,11,R,17,R,3,R,3,Z,0,R,43,R,26,R,17,A,,A,,2025
228705,41,-2,999,R,2383,R,1017,R,1366,R,3,R,2,R,1,R,34,R,17,R,17,R,72,R,41,R,31,R,1707,R,655,R,1052,R,4,R,3,R,1,R,406,R,185,R,221,R,19,R,9,R,10,R,8,R,3,R,5,R,130,R,102,R,28,A,,A,,2025
228705,42,-2,1,R,1512,R,671,R,841,R,2,R,1,R,1,R,20,R,10,R,10,R,31,R,19,R,12,R,1166,R,490,R,676,R,4,R,3,R,1,R,258,R,123,R,135,R,9,R,6,R,3,Z,0,Z,0,Z,0,R,22,R,19,R,3,A,,A,,2025
228705,43,-2,1,R,783,R,363,R,420,R,1,Z,0,R,1,R,5,R,2,R,3,R,23,R,15,R,8,R,587,R,249,R,338,R,2,R,2,Z,0,R,145,R,76,R,69,R,2,R,2,Z,0,Z,0,Z,0,Z,0,R,18,R,17,R,1,A,,A,,2025
228705,44,-2,1,R,57,R,22,R,35,Z,0,Z,0,Z,0,R,1,R,1,Z,0,R,2,Z,0,R,2,R,42,R,17,R,25,Z,0,Z,0,Z,0,R,12,R,4,R,8,Z,0,Z,0,Z,0,Z,0,Z,0,Z,0,Z,0,Z,0,Z,0,A,,A,,2025
228705,45,-2,1,R,726,R,341,R,385,R,1,Z,0,R,1,R,4,R,1,R,3,R,21,R,15,R,6,R,545,R,232,R,313,R,2,R,2,Z,0,R,133,R,72,R,61,R,2,R,2,Z,0,Z,0,Z,0,Z,0,R,18,R,17,R,1,A,,A,,2025
228705,51,-2,1,R,729,R,308,R,421,R,1,R,1,Z,0,R,15,R,8,R,7,R,8,R,4,R,4,R,579,R,241,R,338,R,2,R,1,R,1,R,113,R,47,R,66,R,7,R,4,R,3,Z,0,Z,0,Z,0,R,4,R,2,R,2,A,,A,,2025
228705,52,-2,3,R,871,R,346,R,525,R,1,R,1,Z,0,R,14,R,7,R,7,R,41,R,22,R,19,R,541,R,165,R,376,Z,0,Z,0,Z,0,R,148,R,62,R,86,R,10,R,3,R,7,R,8,R,3,R,5,R,108,R,83,R,25,A,,A,,2025
228705,59,-2,1,R,84,R,41,R,43,Z,0,Z,0,Z,0,R,1,Z,0,R,1,R,3,R,2,R,1,R,48,R,18,R,30,Z,0,Z,0,Z,0,R,31,R,20,R,11,Z,0,Z,0,Z,0,Z,0,Z,0,Z,0,R,1,R,1,Z,0,A,,A,,2025
228705,60,-2,1,R,642,R,300,R,342,R,1,Z,0,R,1,R,3,R,1,R,2,R,18,R,13,R,5,R,497,R,214,R,283,R,2,R,2,Z,0,R,102,R,52,R,50,R,2,R,2,Z,0,Z,0,Z,0,Z,0,R,17,R,16,R,1,A,,A,,2025
228723,1,1,999,R,82873,R,43715,R,39158,R,205,R,120,R,85,R,9960,R,5658,R,4302,R,2729,R,1229,R,1500,R,19288,R,9436,R,9852,R,30,R,14,R,16,R,40781,R,21311,R,19470,R,2850,R,1507,R,1343,R,992,R,484,R,508,R,6038,R,3956,R,2082,R,0.0,R,82873.0,2025
228723,2,2,1,R,63121,R,33499,R,29622,R,146,R,89,R,57,R,8467,R,4923,R,3544,R,1611,R,816,R,795,R,16294,R,8096,R,8198,R,26,R,14,R,12,R,32912,R,17441,R,15471,R,2416,R,1306,R,1110,R,442,R,256,R,186,R,807,R,558,R,249,R,0.0,R,63121.0,2025
228723,3,-2,1,R,61923,R,32568,R,29355,R,145,R,88,R,57,R,8334,R,4816,R,3518,R,1555,R,770,R,785,R,15894,R,7794,R,8100,R,25,R,14,R,11,R,32510,R,17118,R,15392,R,2356,R,1262,R,1094,R,423,R,243,R,180,R,681,R,463,R,218,A,,A,,2025
228723,4,-2,1,R,12742,R,6411,R,6331,R,30,R,18,R,12,R,2141,R,1208,R,933,R,369,R,182,R,187,R,3279,R,1479,R,1800,R,9,R,4,R,5,R,6130,R,3086,R,3044,R,484,R,251,R,233,R,188,R,98,R,90,R,112,R,85,R,27,A,,A,,2025
228723,5,-2,1,R,49181,R,26157,R,23024,R,115,R,70,R,45,R,6193,R,3608,R,2585,R,1186,R,588,R,598,R,12615,R,6315,R,6300,R,16,R,10,R,6,R,26380,R,14032,R,12348,R,1872,R,1011,R,861,R,235,R,145,R,90,R,569,R,378,R,191,A,,A,,2025
228723,11,-2,1,R,1198,R,931,R,267,R,1,R,1,Z,0,R,133,R,107,R,26,R,56,R,46,R,10,R,400,R,302,R,98,R,1,Z,0,R,1,R,402,R,323,R,79,R,60,R,44,R,16,R,19,R,13,R,6,R,126,R,95,R,31,A,,A,,2025
228723,12,4,3,R,19752,R,10216,R,9536,R,59,R,31,R,28,R,1493,R,735,R,758,R,1118,R,413,R,705,R,2994,R,1340,R,1654,R,4,Z,0,R,4,R,7869,R,3870,R,3999,R,434,R,201,R,233,R,550,R,228,R,322,R,5231,R,3398,R,1833,R,0.0,R,19752.0,2025
228723,19,-2,1,R,3287,R,1679,R,1608,R,8,R,4,R,4,R,206,R,108,R,98,R,80,R,45,R,35,R,943,R,467,R,476,R,3,R,2,R,1,R,1862,R,958,R,904,R,108,R,59,R,49,R,23,R,11,R,12,R,54,R,25,R,29,A,,A,,2025
228723,20,-2,1,R,45894,R,24478,R,21416,R,107,R,66,R,41,R,5987,R,3500,R,2487,R,1106,R,543,R,563,R,11672,R,5848,R,5824,R,13,R,8,R,5,R,24518,R,13074,R,11444,R,1764,R,952,R,812,R,212,R,134,R,78,R,515,R,353,R,162,A,,A,,2025
228723,21,-2,999,R,68624,R,36151,R,32473,R,168,R,102,R,66,R,8728,R,4906,R,3822,R,1986,R,935,R,1051,R,16069,R,7791,R,8278,R,23,R,12,R,11,R,33519,R,17505,R,16014,R,2417,R,1261,R,1156,R,579,R,309,R,270,R,5135,R,3330,R,1805,A,,A,,2025
228723,22,-2,1,R,54892,R,28855,R,26037,R,133,R,83,R,50,R,7565,R,4349,R,3216,R,1423,R,707,R,716,R,14135,R,6915,R,7220,R,22,R,12,R,10,R,28395,R,14953,R,13442,R,2113,R,1122,R,991,R,384,R,221,R,163,R,722,R,493,R,229,A,,A,,2025
228723,23,-2,1,R,54765,R,28763,R,26002,R,133,R,83,R,50,R,7564,R,4349,R,3215,R,1409,R,696,R,713,R,14131,R,6913,R,7218,R,22,R,12,R,10,R,28384,R,14945,R,13439,R,2113,R,1122,R,991,R,383,R,221,R,162,R,626,R,422,R,204,A,,A,,2025
228723,24,-2,1,R,11120,R,5525,R,5595,R,26,R,16,R,10,R,1919,R,1056,R,863,R,340,R,170,R,170,R,2910,R,1290,R,1620,R,7,R,3,R,4,R,5228,R,2610,R,2618,R,427,R,223,R,204,R,165,R,85,R,80,R,98,R,72,R,26,A,,A,,2025
228723,25,-2,1,R,43645,R,23238,R,20407,R,107,R,67,R,40,R,5645,R,3293,R,2352,R,1069,R,526,R,543,R,11221,R,5623,R,5598,R,15,R,9,R,6,R,23156,R,12335,R,10821,R,1686,R,899,R,787,R,218,R,136,R,82,R,528,R,350,R,178,A,,A,,2025
228723,31,-2,1,R,127,R,92,R,35,Z,0,Z,0,Z,0,R,1,Z,0,R,1,R,14,R,11,R,3,R,4,R,2,R,2,Z,0,Z,0,Z,0,R,11,R,8,R,3,Z,0,Z,0,Z,0,R,1,Z,0,R,1,R,96,R,71,R,25,A,,A,,2025
228723,32,-2,3,R,13732,R,7296,R,6436,R,35,R,19,R,16,R,1163,R,557,R,606,R,563,R,228,R,335,R,1934,R,876,R,1058,R,1,Z,0,R,1,R,5124,R,2552,R,2572,R,304,R,139,R,165,R,195,R,88,R,107,R,4413,R,2837,R,1576,A,,A,,2025
228723,39,-2,1,R,3139,R,1604,R,1535,R,8,R,4,R,4,R,200,R,104,R,96,R,77,R,43,R,34,R,897,R,446,R,451,R,3,R,2,R,1,R,1774,R,912,R,862,R,105,R,57,R,48,R,23,R,11,R,12,R,52,R,25,R,27,A,,A,,2025
228723,40,-2,1,R,40506,R,21634,R,18872,R,99,R,63,R,36,R,5445,R,3189,R,2256,R,992,R,483,R,509,R,10324,R,5177,R,5147,R,12,R,7,R,5,R,21382,R,11423,R,9959,R,1581,R,842,R,739,R,195,R,125,R,70,R,476,R,325,R,151,A,,A,,2025
228723,41,-2,999,R,14249,R,7564,R,6685,R,37,R,18,R,19,R,1232,R,752,R,480,R,743,R,294,R,449,R,3219,R,1645,R,1574,R,7,R,2,R,5,R,7262,R,3806,R,3456,R,433,R,246,R,187,R,413,R,175,R,238,R,903,R,626,R,277,A,,A,,2025
228723,42,-2,1,R,8229,R,4644,R,3585,R,13,R,6,R,7,R,902,R,574,R,328,R,188,R,109,R,79,R,2159,R,1181,R,978,R,4,R,2,R,2,R,4517,R,2488,R,2029,R,303,R,184,R,119,R,58,R,35,R,23,R,85,R,65,R,20,A,,A,,2025
228723,43,-2,1,R,7158,R,3805,R,3353,R,12,R,5,R,7,R,770,R,467,R,303,R,146,R,74,R,72,R,1763,R,881,R,882,R,3,R,2,R,1,R,4126,R,2173,R,1953,R,243,R,140,R,103,R,40,R,22,R,18,R,55,R,41,R,14,A,,A,,2025
228723,44,-2,1,R,1622,R,886,R,736,R,4,R,2,R,2,R,222,R,152,R,70,R,29,R,12,R,17,R,369,R,189,R,180,R,2,R,1,R,1,R,902,R,476,R,426,R,57,R,28,R,29,R,23,R,13,R,10,R,14,R,13,R,1,A,,A,,2025
228723,45,-2,1,R,5536,R,2919,R,2617,R,8,R,3,R,5,R,548,R,315,R,233,R,117,R,62,R,55,R,1394,R,692,R,702,R,1,R,1,Z,0,R,3224,R,1697,R,1527,R,186,R,112,R,74,R,17,R,9,R,8,R,41,R,28,R,13,A,,A,,2025
228723,51,-2,1,R,1071,R,839,R,232,R,1,R,1,Z,0,R,132,R,107,R,25,R,42,R,35,R,7,R,396,R,300,R,96,R,1,Z,0,R,1,R,391,R,315,R,76,R,60,R,44,R,16,R,18,R,13,R,5,R,30,R,24,R,6,A,,A,,2025
228723,52,-2,3,R,6020,R,2920,R,3100,R,24,R,12,R,12,R,330,R,178,R,152,R,555,R,185,R,370,R,1060,R,464,R,596,R,3,Z,0,R,3,R,2745,R,1318,R,1427,R,130,R,62,R,68,R,355,R,140,R,215,R,818,R,561,R,257,A,,A,,2025
228723,59,-2,1,R,148,R,75,R,73,Z,0,Z,0,Z,0,R,6,R,4,R,2,R,3,R,2,R,1,R,46,R,21,R,25,Z,0,Z,0,Z,0,R,88,R,46,R,42,R,3,R,2,R,1,Z,0,Z,0,Z,0,R,2,Z,0,R,2,A,,A,,2025
228723,60,-2,1,R,5388,R,2844,R,2544,R,8,R,3,R,5,R,542,R,311,R,231,R,114,R,60,R,54,R,1348,R,671,R,677,R,1,R,1,Z,0,R,3136,R,1651,R,1485,R,183,R,110,R,73,R,17,R,9,R,8,R,39,R,28,R,11,A,,A,,2025
228769,1,1,999,R,54752,R,20612,R,34140,R,98,R,26,R,72,R,6503,R,2896,R,3607,R,8320,R,2257,R,6063,R,18064,R,6195,R,11869,R,35,R,8,R,27,R,12949,R,4459,R,8490,R,1816,R,674,R,1142,R,1814,R,898,R,916,R,5153,R,3199,R,1954,R,0.0,R,54752.0,2025
228769,2,2,1,R,38975,R,15215,R,23760,R,51,R,19,R,32,R,5300,R,2538,R,2762,R,6340,R,1903,R,4437,R,15000,R,5545,R,9455,R,22,R,6,R,16,R,8728,R,3522,R,5206,R,1477,R,592,R,885,R,599,R,196,R,403,R,1458,R,894,R,564,R,0.0,R,38975.0,2025
228769,3,-2,1,R,38395,R,15012,R,23383,R,50,R,18,R,32,R,5216,R,2504,R,2712,R,6259,R,1882,R,4377,R,14815,R,5496,R,9319,R,22,R,6,R,16,R,8574,R,3460,R,5114,R,1451,R,581,R,870,R,579,R,189,R,390,R,1429,R,876,R,553,A,,A,,2025
228769,4,-2,1,R,5482,R,2602,R,2880,R,4,R,2,R,2,R,890,R,451,R,439,R,712,R,295,R,417,R,2322,R,974,R,1348,R,2,R,2,Z,0,R,927,R,512,R,415,R,202,R,96,R,106,R,47,R,17,R,30,R,376,R,253,R,123,A,,A,,2025
228769,5,-2,1,R,32913,R,12410,R,20503,R,46,R,16,R,30,R,4326,R,2053,R,2273,R,5547,R,1587,R,3960,R,12493,R,4522,R,7971,R,20,R,4,R,16,R,7647,R,2948,R,4699,R,1249,R,485,R,764,R,532,R,172,R,360,R,1053,R,623,R,430,A,,A,,2025
228769,11,-2,1,R,580,R,203,R,377,R,1,R,1,Z,0,R,84,R,34,R,50,R,81,R,21,R,60,R,185,R,49,R,136,Z,0,Z,0,Z,0,R,154,R,62,R,92,R,26,R,11,R,15,R,20,R,7,R,13,R,29,R,18,R,11,A,,A,,2025
228769,12,4,3,R,15777,R,5397,R,10380,R,47,R,7,R,40,R,1203,R,358,R,845,R,1980,R,354,R,1626,R,3064,R,650,R,2414,R,13,R,2,R,11,R,4221,R,937,R,3284,R,339,R,82,R,257,R,1215,R,702,R,513,R,3695,R,2305,R,1390,R,0.0,R,15777.0,2025
228769,19,-2,1,R,6909,R,2263,R,4646,R,17,R,9,R,8,R,595,R,275,R,320,R,1333,R,328,R,1005,R,2485,R,772,R,1713,R,3,R,1,R,2,R,1627,R,523,R,1104,R,256,R,93,R,163,R,272,R,83,R,189,R,321,R,179,R,142,A,,A,,2025
228769,20,-2,1,R,26004,R,10147,R,15857,R,29,R,7,R,22,R,3731,R,1778,R,1953,R,4214,R,1259,R,2955,R,10008,R,3750,R,6258,R,17,R,3,R,14,R,6020,R,2425,R,3595,R,993,R,392,R,601,R,260,R,89,R,171,R,732,R,444,R,288,A,,A,,2025
228769,21,-2,999,R,30918,R,13386,R,17532,R,45,R,11,R,34,R,4014,R,1964,R,2050,R,4247,R,1363,R,2884,R,10553,R,4024,R,6529,R,17,R,7,R,10,R,6183,R,2648,R,3535,R,1016,R,420,R,596,R,568,R,285,R,283,R,4275,R,2664,R,1611,A,,A,,2025
228769,22,-2,1,R,24442,R,10568,R,13874,R,22,R,8,R,14,R,3672,R,1841,R,1831,R,3621,R,1245,R,2376,R,9578,R,3804,R,5774,R,12,R,5,R,7,R,5014,R,2333,R,2681,R,909,R,386,R,523,R,263,R,105,R,158,R,1351,R,841,R,510,A,,A,,2025
228769,23,-2,1,R,24407,R,10547,R,13860,R,22,R,8,R,14,R,3667,R,1837,R,1830,R,3618,R,1245,R,2373,R,9576,R,3803,R,5773,R,12,R,5,R,7,R,5014,R,2333,R,2681,R,909,R,386,R,523,R,263,R,105,R,158,R,1326,R,825,R,501,A,,A,,2025
228769,24,-2,1,R,4779,R,2290,R,2489,R,1,Z,0,R,1,R,703,R,373,R,330,R,635,R,266,R,369,R,2087,R,871,R,1216,R,1,R,1,Z,0,R,782,R,434,R,348,R,169,R,84,R,85,R,33,R,12,R,21,R,368,R,249,R,119,A,,A,,2025
228769,25,-2,1,R,19628,R,8257,R,11371,R,21,R,8,R,13,R,2964,R,1464,R,1500,R,2983,R,979,R,2004,R,7489,R,2932,R,4557,R,11,R,4,R,7,R,4232,R,1899,R,2333,R,740,R,302,R,438,R,230,R,93,R,137,R,958,R,576,R,382,A,,A,,2025
228769,31,-2,1,R,35,R,21,R,14,Z,0,Z,0,Z,0,R,5,R,4,R,1,R,3,Z,0,R,3,R,2,R,1,R,1,Z,0,Z,0,Z,0,Z,0,Z,0,Z,0,Z,0,Z,0,Z,0,Z,0,Z,0,Z,0,R,25,R,16,R,9,A,,A,,2025
228769,32,-2,3,R,6476,R,2818,R,3658,R,23,R,3,R,20,R,342,R,123,R,219,R,626,R,118,R,508,R,975,R,220,R,755,R,5,R,2,R,3,R,1169,R,315,R,854,R,107,R,34,R,73,R,305,R,180,R,125,R,2924,R,1823,R,1101,A,,A,,2025
228769,39,-2,1,R,3348,R,1330,R,2018,R,8,R,5,R,3,R,303,R,160,R,143,R,587,R,175,R,412,R,1152,R,419,R,733,R,2,R,1,R,1,R,761,R,308,R,453,R,124,R,52,R,72,R,105,R,37,R,68,R,306,R,173,R,133,A,,A,,2025
228769,40,-2,1,R,16280,R,6927,R,9353,R,13,R,3,R,10,R,2661,R,1304,R,1357,R,2396,R,804,R,1592,R,6337,R,2513,R,3824,R,9,R,3,R,6,R,3471,R,1591,R,1880,R,616,R,250,R,366,R,125,R,56,R,69,R,652,R,403,R,249,A,,A,,2025
228769,41,-2,999,R,23834,R,7226,R,16608,R,53,R,15,R,38,R,2489,R,932,R,1557,R,4073,R,894,R,3179,R,7511,R,2171,R,5340,R,18,R,1,R,17,R,6766,R,1811,R,4955,R,800,R,254,R,546,R,1246,R,613,R,633,R,878,R,535,R,343,A,,A,,2025
228769,42,-2,1,R,14533,R,4647,R,9886,R,29,R,11,R,18,R,1628,R,697,R,931,R,2719,R,658,R,2061,R,5422,R,1741,R,3681,R,10,R,1,R,9,R,3714,R,1189,R,2525,R,568,R,206,R,362,R,336,R,91,R,245,R,107,R,53,R,54,A,,A,,2025
228769,43,-2,1,R,13988,R,4465,R,9523,R,28,R,10,R,18,R,1549,R,667,R,882,R,2641,R,637,R,2004,R,5239,R,1693,R,3546,R,10,R,1,R,9,R,3560,R,1127,R,2433,R,542,R,195,R,347,R,316,R,84,R,232,R,103,R,51,R,52,A,,A,,2025
228769,44,-2,1,R,703,R,312,R,391,R,3,R,2,R,1,R,187,R,78,R,109,R,77,R,29,R,48,R,235,R,103,R,132,R,1,R,1,Z,0,R,145,R,78,R,67,R,33,R,12,R,21,R,14,R,5,R,9,R,8,R,4,R,4,A,,A,,2025
228769,45,-2,1,R,13285,R,4153,R,9132,R,25,R,8,R,17,R,1362,R,589,R,773,R,2564,R,608,R,1956,R,5004,R,1590,R,3414,R,9,Z,0,R,9,R,3415,R,1049,R,2366,R,509,R,183,R,326,R,302,R,79,R,223,R,95,R,47,R,48,A,,A,,2025
228769,51,-2,1,R,545,R,182,R,363,R,1,R,1,Z,0,R,79,R,30,R,49,R,78,R,21,R,57,R,183,R,48,R,135,Z,0,Z,0,Z,0,R,154,R,62,R,92,R,26,R,11,R,15,R,20,R,7,R,13,R,4,R,2,R,2,A,,A,,2025
228769,52,-2,3,R,9301,R,2579,R,6722,R,24,R,4,R,20,R,861,R,235,R,626,R,1354,R,236,R,1118,R,2089,R,430,R,1659,R,8,Z,0,R,8,R,3052,R,622,R,2430,R,232,R,48,R,184,R,910,R,522,R,388,R,771,R,482,R,289,A,,A,,2025
228769,59,-2,1,R,3561,R,933,R,2628,R,9,R,4,R,5,R,292,R,115,R,177,R,746,R,153,R,593,R,1333,R,353,R,980,R,1,Z,0,R,1,R,866,R,215,R,651,R,132,R,41,R,91,R,167,R,46,R,121,R,15,R,6,R,9,A,,A,,2025
228769,60,-2,1,R,9724,R,3220,R,6504,R,16,R,4,R,12,R,1070,R,474,R,596,R,1818,R,455,R,1363,R,3671,R,1237,R,2434,R,8,Z,0,R,8,R,2549,R,834,R,1715,R,377,R,142,R,235,R,135,R,33,R,102,R,80,R,41,R,39,A,,A,,2025
228778,1,1,999,R,57065,R,25158,R,31907,R,69,R,32,R,37,R,12516,R,5874,R,6642,R,2549,R,893,R,1656,R,14521,R,5537,R,8984,R,46,R,21,R,25,R,18023,R,7986,R,10037,R,2137,R,841,R,1296,R,1423,R,723,R,700,R,5781,R,3251,R,2530,R,77.0,R,56988.0,2025
228778,2,2,1,R,45551,R,19403,R,26148,R,59,R,27,R,32,R,11430,R,5332,R,6098,R,2116,R,745,R,1371,R,12871,R,4868,R,8003,R,38,R,20,R,18,R,13873,R,5997,R,7876,R,1857,R,721,R,1136,R,1089,R,542,R,547,R,2218,R,1151,R,1067,R,53.0,R,45498.0,2025
228778,3,-2,1,R,45039,R,19169,R,25870,R,58,R,27,R,31,R,11346,R,5301,R,6045,R,2105,R,738,R,1367,R,12763,R,4832,R,7931,R,37,R,20,R,17,R,13699,R,5923,R,7776,R,1839,R,716,R,1123,R,1078,R,535,R,543,R,2114,R,1077,R,1037,A,,A,,2025
228778,4,-2,1,R,9408,R,3954,R,5454,R,12,R,5,R,7,R,2456,R,1174,R,1282,R,420,R,118,R,302,R,2656,R,955,R,1701,R,11,R,7,R,4,R,2627,R,1116,R,1511,R,386,R,153,R,233,R,429,R,213,R,216,R,411,R,213,R,198,A,,A,,2025
228778,5,-2,1,R,35631,R,15215,R,20416,R,46,R,22,R,24,R,8890,R,4127,R,4763,R,1685,R,620,R,1065,R,10107,R,3877,R,6230,R,26,R,13,R,13,R,11072,R,4807,R,6265,R,1453,R,563,R,890,R,649,R,322,R,327,R,1703,R,864,R,839,A,,A,,2025
228778,11,-2,1,R,512,R,234,R,278,R,1,R,0,R,1,R,84,R,31,R,53,R,11,R,7,R,4,R,108,R,36,R,72,R,1,R,0,R,1,R,174,R,74,R,100,R,18,R,5,R,13,R,11,R,7,R,4,R,104,R,74,R,30,A,,A,,2025
228778,12,4,3,R,11514,R,5755,R,5759,R,10,R,5,R,5,R,1086,R,542,R,544,R,433,R,148,R,285,R,1650,R,669,R,981,R,8,R,1,R,7,R,4150,R,1989,R,2161,R,280,R,120,R,160,R,334,R,181,R,153,R,3563,R,2100,R,1463,R,24.0,R,11490.0,2025
228778,19,-2,1,R,2560,R,1229,R,1331,R,6,R,3,R,3,R,383,R,177,R,206,R,109,R,45,R,64,R,613,R,269,R,344,R,1,R,1,R,0,R,799,R,395,R,404,R,95,R,44,R,51,R,62,R,36,R,26,R,492,R,259,R,233,A,,A,,2025
228778,20,-2,1,R,33071,R,13986,R,19085,R,40,R,19,R,21,R,8507,R,3950,R,4557,R,1576,R,575,R,1001,R,9494,R,3608,R,5886,R,25,R,12,R,13,R,10273,R,4412,R,5861,R,1358,R,519,R,839,R,587,R,286,R,301,R,1211,R,605,R,606,A,,A,,2025
228778,21,-2,999,R,52743,R,23162,R,29581,R,65,R,31,R,34,R,11629,R,5427,R,6202,R,2343,R,822,R,1521,R,13336,R,5042,R,8294,R,41,R,19,R,22,R,16380,R,7216,R,9164,R,1974,R,758,R,1216,R,1323,R,669,R,654,R,5652,R,3178,R,2474,A,,A,,2025
228778,22,-2,1,R,42126,R,17802,R,24324,R,56,R,26,R,30,R,10664,R,4936,R,5728,R,1972,R,692,R,1280,R,11872,R,4453,R,7419,R,33,R,18,R,15,R,12641,R,5407,R,7234,R,1719,R,651,R,1068,R,1024,R,509,R,515,R,2145,R,1110,R,1035,A,,A,,2025
228778,23,-2,1,R,41938,R,17687,R,24251,R,56,R,26,R,30,R,10647,R,4930,R,5717,R,1968,R,688,R,1280,R,11852,R,4443,R,7409,R,33,R,18,R,15,R,12604,R,5390,R,7214,R,1716,R,650,R,1066,R,1017,R,504,R,513,R,2045,R,1038,R,1007,A,,A,,2025
228778,24,-2,1,R,9272,R,3907,R,5365,R,11,R,4,R,7,R,2442,R,1170,R,1272,R,410,R,116,R,294,R,2603,R,939,R,1664,R,11,R,7,R,4,R,2585,R,1097,R,1488,R,375,R,150,R,225,R,426,R,212,R,214,R,409,R,212,R,197,A,,A,,2025
228778,25,-2,1,R,32666,R,13780,R,18886,R,45,R,22,R,23,R,8205,R,3760,R,4445,R,1558,R,572,R,986,R,9249,R,3504,R,5745,R,22,R,11,R,11,R,10019,R,4293,R,5726,R,1341,R,500,R,841,R,591,R,292,R,299,R,1636,R,826,R,810,A,,A,,2025
228778,31,-2,1,R,188,R,115,R,73,R,0,R,0,R,0,R,17,R,6,R,11,R,4,R,4,R,0,R,20,R,10,R,10,R,0,R,0,R,0,R,37,R,17,R,20,R,3,R,1,R,2,R,7,R,5,R,2,R,100,R,72,R,28,A,,A,,2025
228778,32,-2,3,R,10617,R,5360,R,5257,R,9,R,5,R,4,R,965,R,491,R,474,R,371,R,130,R,241,R,1464,R,589,R,875,R,8,R,1,R,7,R,3739,R,1809,R,1930,R,255,R,107,R,148,R,299,R,160,R,139,R,3507,R,2068,R,1439,A,,A,,2025
228778,39,-2,1,R,2458,R,1182,R,1276,R,6,R,3,R,3,R,368,R,170,R,198,R,105,R,43,R,62,R,584,R,259,R,325,R,1,R,1,R,0,R,757,R,373,R,384,R,94,R,43,R,51,R,59,R,34,R,25,R,484,R,256,R,228,A,,A,,2025
228778,40,-2,1,R,30208,R,12598,R,17610,R,39,R,19,R,20,R,7837,R,3590,R,4247,R,1453,R,529,R,924,R,8665,R,3245,R,5420,R,21,R,10,R,11,R,9262,R,3920,R,5342,R,1247,R,457,R,790,R,532,R,258,R,274,R,1152,R,570,R,582,A,,A,,2025
228778,41,-2,999,R,4322,R,1996,R,2326,R,4,R,1,R,3,R,887,R,447,R,440,R,206,R,71,R,135,R,1185,R,495,R,690,R,5,R,2,R,3,R,1643,R,770,R,873,R,163,R,83,R,80,R,100,R,54,R,46,R,129,R,73,R,56,A,,A,,2025
228778,42,-2,1,R,3425,R,1601,R,1824,R,3,R,1,R,2,R,766,R,396,R,370,R,144,R,53,R,91,R,999,R,415,R,584,R,5,R,2,R,3,R,1232,R,590,R,642,R,138,R,70,R,68,R,65,R,33,R,32,R,73,R,41,R,32,A,,A,,2025
228778,43,-2,1,R,3101,R,1482,R,1619,R,2,R,1,R,1,R,699,R,371,R,328,R,137,R,50,R,87,R,911,R,389,R,522,R,4,R,2,R,2,R,1095,R,533,R,562,R,123,R,66,R,57,R,61,R,31,R,30,R,69,R,39,R,30,A,,A,,2025
228778,44,-2,1,R,136,R,47,R,89,R,1,R,1,R,0,R,14,R,4,R,10,R,10,R,2,R,8,R,53,R,16,R,37,R,0,R,0,R,0,R,42,R,19,R,23,R,11,R,3,R,8,R,3,R,1,R,2,R,2,R,1,R,1,A,,A,,2025
228778,45,-2,1,R,2965,R,1435,R,1530,R,1,R,0,R,1,R,685,R,367,R,318,R,127,R,48,R,79,R,858,R,373,R,485,R,4,R,2,R,2,R,1053,R,514,R,539,R,112,R,63,R,49,R,58,R,30,R,28,R,67,R,38,R,29,A,,A,,2025
228778,51,-2,1,R,324,R,119,R,205,R,1,R,0,R,1,R,67,R,25,R,42,R,7,R,3,R,4,R,88,R,26,R,62,R,1,R,0,R,1,R,137,R,57,R,80,R,15,R,4,R,11,R,4,R,2,R,2,R,4,R,2,R,2,A,,A,,2025
228778,52,-2,3,R,897,R,395,R,502,R,1,R,0,R,1,R,121,R,51,R,70,R,62,R,18,R,44,R,186,R,80,R,106,R,0,R,0,R,0,R,411,R,180,R,231,R,25,R,13,R,12,R,35,R,21,R,14,R,56,R,32,R,24,A,,A,,2025
228778,59,-2,1,R,102,R,47,R,55,R,0,R,0,R,0,R,15,R,7,R,8,R,4,R,2,R,2,R,29,R,10,R,19,R,0,R,0,R,0,R,42,R,22,R,20,R,1,R,1,R,0,R,3,R,2,R,1,R,8,R,3,R,5,A,,A,,2025
228778,60,-2,1,R,2863,R,1388,R,1475,R,1,R,0,R,1,R,670,R,360,R,310,R,123,R,46,R,77,R,829,R,363,R,466,R,4,R,2,R,2,R,1011,R,492,R,519,R,111,R,62,R,49,R,55,R,28,R,27,R,59,R,35,R,24,A,,A,,2025
228787,1,1,999,R,32504,R,18321,R,14183,R,57,R,38,R,19,R,10998,R,6002,R,4996,R,1789,R,923,R,866,R,4717,R,2535,R,2182,R,10,R,5,R,5,R,6635,R,3906,R,2729,R,1021,R,607,R,414,R,1122,R,592,R,530,R,6155,R,3713,R,2442,R,0.0,R,32504.0,2025
228787,2,2,1,R,23289,R,13104,R,10185,R,39,R,25,R,14,R,9685,R,5308,R,4377,R,1407,R,746,R,661,R,4293,R,2308,R,1985,R,8,R,4,R,4,R,4878,R,3016,R,1862,R,857,R,511,R,346,R,821,R,435,R,386,R,1301,R,751,R,550,R,0.0,R,23289.0,2025
228787,3,-2,1,R,23078,R,13018,R,10060,R,39,R,25,R,14,R,9628,R,5290,R,4338,R,1400,R,744,R,656,R,4257,R,2293,R,1964,R,8,R,4,R,4,R,4833,R,2991,R,1842,R,853,R,509,R,344,R,762,R,413,R,349,R,1298,R,749,R,549,A,,A,,2025
228787,4,-2,1,R,4258,R,2305,R,1953,R,7,R,6,R,1,R,1936,R,1041,R,895,R,246,R,124,R,122,R,738,R,366,R,372,R,2,R,2,Z,0,R,687,R,415,R,272,R,146,R,86,R,60,R,146,R,70,R,76,R,350,R,195,R,155,A,,A,,2025
228787,5,-2,1,R,18820,R,10713,R,8107,R,32,R,19,R,13,R,7692,R,4249,R,3443,R,1154,R,620,R,534,R,3519,R,1927,R,1592,R,6,R,2,R,4,R,4146,R,2576,R,1570,R,707,R,423,R,284,R,616,R,343,R,273,R,948,R,554,R,394,A,,A,,2025
228787,11,-2,1,R,211,R,86,R,125,Z,0,Z,0,Z,0,R,57,R,18,R,39,R,7,R,2,R,5,R,36,R,15,R,21,Z,0,Z,0,Z,0,R,45,R,25,R,20,R,4,R,2,R,2,R,59,R,22,R,37,R,3,R,2,R,1,A,,A,,2025
228787,12,4,3,R,9215,R,5217,R,3998,R,18,R,13,R,5,R,1313,R,694,R,619,R,382,R,177,R,205,R,424,R,227,R,197,R,2,R,1,R,1,R,1757,R,890,R,867,R,164,R,96,R,68,R,301,R,157,R,144,R,4854,R,2962,R,1892,R,0.0,R,9215.0,2025
228787,19,-2,1,R,2589,R,1475,R,1114,R,4,R,2,R,2,R,727,R,419,R,308,R,206,R,115,R,91,R,617,R,335,R,282,Z,0,Z,0,Z,0,R,703,R,410,R,293,R,110,R,73,R,37,R,84,R,55,R,29,R,138,R,66,R,72,A,,A,,2025
228787,20,-2,1,R,16231,R,9238,R,6993,R,28,R,17,R,11,R,6965,R,3830,R,3135,R,948,R,505,R,443,R,2902,R,1592,R,1310,R,6,R,2,R,4,R,3443,R,2166,R,1277,R,597,R,350,R,247,R,532,R,288,R,244,R,810,R,488,R,322,A,,A,,2025
228787,21,-2,999,R,26229,R,14549,R,11680,R,38,R,26,R,12,R,9307,R,4982,R,4325,R,1311,R,683,R,628,R,3713,R,1925,R,1788,R,8,R,4,R,4,R,4893,R,2829,R,2064,R,833,R,495,R,338,R,860,R,444,R,416,R,5266,R,3161,R,2105,A,,A,,2025
228787,22,-2,1,R,19675,R,10846,R,8829,R,30,R,19,R,11,R,8500,R,4564,R,3936,R,1143,R,602,R,541,R,3463,R,1808,R,1655,R,8,R,4,R,4,R,3925,R,2379,R,1546,R,727,R,431,R,296,R,695,R,357,R,338,R,1184,R,682,R,502,A,,A,,2025
228787,23,-2,1,R,19568,R,10808,R,8760,R,30,R,19,R,11,R,8483,R,4558,R,3925,R,1141,R,601,R,540,R,3442,R,1802,R,1640,R,8,R,4,R,4,R,3914,R,2374,R,1540,R,727,R,431,R,296,R,639,R,337,R,302,R,1184,R,682,R,502,A,,A,,2025
228787,24,-2,1,R,4048,R,2184,R,1864,R,6,R,5,R,1,R,1865,R,1003,R,862,R,231,R,116,R,115,R,678,R,332,R,346,R,2,R,2,Z,0,R,651,R,390,R,261,R,143,R,84,R,59,R,138,R,66,R,72,R,334,R,186,R,148,A,,A,,2025
228787,25,-2,1,R,15520,R,8624,R,6896,R,24,R,14,R,10,R,6618,R,3555,R,3063,R,910,R,485,R,425,R,2764,R,1470,R,1294,R,6,R,2,R,4,R,3263,R,1984,R,1279,R,584,R,347,R,237,R,501,R,271,R,230,R,850,R,496,R,354,A,,A,,2025
228787,31,-2,1,R,107,R,38,R,69,Z,0,Z,0,Z,0,R,17,R,6,R,11,R,2,R,1,R,1,R,21,R,6,R,15,Z,0,Z,0,Z,0,R,11,R,5,R,6,Z,0,Z,0,Z,0,R,56,R,20,R,36,Z,0,Z,0,Z,0,A,,A,,2025
228787,32,-2,3,R,6554,R,3703,R,2851,R,8,R,7,R,1,R,807,R,418,R,389,R,168,R,81,R,87,R,250,R,117,R,133,Z,0,Z,0,Z,0,R,968,R,450,R,518,R,106,R,64,R,42,R,165,R,87,R,78,R,4082,R,2479,R,1603,A,,A,,2025
228787,39,-2,1,R,1965,R,1103,R,862,R,3,R,1,R,2,R,568,R,321,R,247,R,152,R,88,R,64,R,484,R,258,R,226,Z,0,Z,0,Z,0,R,505,R,287,R,218,R,89,R,56,R,33,R,58,R,38,R,20,R,106,R,54,R,52,A,,A,,2025
228787,40,-2,1,R,13555,R,7521,R,6034,R,21,R,13,R,8,R,6050,R,3234,R,2816,R,758,R,397,R,361,R,2280,R,1212,R,1068,R,6,R,2,R,4,R,2758,R,1697,R,1061,R,495,R,291,R,204,R,443,R,233,R,210,R,744,R,442,R,302,A,,A,,2025
228787,41,-2,999,R,6275,R,3772,R,2503,R,19,R,12,R,7,R,1691,R,1020,R,671,R,478,R,240,R,238,R,1004,R,610,R,394,R,2,R,1,R,1,R,1742,R,1077,R,665,R,188,R,112,R,76,R,262,R,148,R,114,R,889,R,552,R,337,A,,A,,2025
228787,42,-2,1,R,3614,R,2258,R,1356,R,9,R,6,R,3,R,1185,R,744,R,441,R,264,R,144,R,120,R,830,R,500,R,330,Z,0,Z,0,Z,0,R,953,R,637,R,316,R,130,R,80,R,50,R,126,R,78,R,48,R,117,R,69,R,48,A,,A,,2025
228787,43,-2,1,R,3510,R,2210,R,1300,R,9,R,6,R,3,R,1145,R,732,R,413,R,259,R,143,R,116,R,815,R,491,R,324,Z,0,Z,0,Z,0,R,919,R,617,R,302,R,126,R,78,R,48,R,123,R,76,R,47,R,114,R,67,R,47,A,,A,,2025
228787,44,-2,1,R,210,R,121,R,89,R,1,R,1,Z,0,R,71,R,38,R,33,R,15,R,8,R,7,R,60,R,34,R,26,Z,0,Z,0,Z,0,R,36,R,25,R,11,R,3,R,2,R,1,R,8,R,4,R,4,R,16,R,9,R,7,A,,A,,2025
228787,45,-2,1,R,3300,R,2089,R,1211,R,8,R,5,R,3,R,1074,R,694,R,380,R,244,R,135,R,109,R,755,R,457,R,298,Z,0,Z,0,Z,0,R,883,R,592,R,291,R,123,R,76,R,47,R,115,R,72,R,43,R,98,R,58,R,40,A,,A,,2025
228787,51,-2,1,R,104,R,48,R,56,Z,0,Z,0,Z,0,R,40,R,12,R,28,R,5,R,1,R,4,R,15,R,9,R,6,Z,0,Z,0,Z,0,R,34,R,20,R,14,R,4,R,2,R,2,R,3,R,2,R,1,R,3,R,2,R,1,A,,A,,2025
228787,52,-2,3,R,2661,R,1514,R,1147,R,10,R,6,R,4,R,506,R,276,R,230,R,214,R,96,R,118,R,174,R,110,R,64,R,2,R,1,R,1,R,789,R,440,R,349,R,58,R,32,R,26,R,136,R,70,R,66,R,772,R,483,R,289,A,,A,,2025
228787,59,-2,1,R,624,R,372,R,252,R,1,R,1,Z,0,R,159,R,98,R,61,R,54,R,27,R,27,R,133,R,77,R,56,Z,0,Z,0,Z,0,R,198,R,123,R,75,R,21,R,17,R,4,R,26,R,17,R,9,R,32,R,12,R,20,A,,A,,2025
228787,60,-2,1,R,2676,R,1717,R,959,R,7,R,4,R,3,R,915,R,596,R,319,R,190,R,108,R,82,R,622,R,380,R,242,Z,0,Z,0,Z,0,R,685,R,469,R,216,R,102,R,59,R,43,R,89,R,55,R,34,R,66,R,46,R,20,A,,A,,2025
228796,1,1,999,R,29354,R,13090,R,16264,R,53,R,30,R,23,R,268,R,132,R,136,R,694,R,383,R,311,R,24782,R,10676,R,14106,R,36,R,17,R,19,R,1515,R,781,R,734,R,200,R,97,R,103,R,234,R,114,R,120,R,1572,R,860,R,712,R,0.0,R,29354.0,2025
228796,2,2,1,R,24253,R,10977,R,13276,R,42,R,24,R,18,R,176,R,97,R,79,R,494,R,287,R,207,R,21297,R,9418,R,11879,R,30,R,15,R,15,R,1006,R,551,R,455,R,190,R,91,R,99,R,157,R,65,R,92,R,861,R,429,R,432,R,0.0,R,24253.0,2025
228796,3,-2,1,R,23915,R,10858,R,13057,R,42,R,24,R,18,R,171,R,94,R,77,R,484,R,282,R,202,R,21017,R,9323,R,11694,R,30,R,15,R,15,R,983,R,544,R,439,R,186,R,90,R,96,R,154,R,63,R,91,R,848,R,423,R,425,A,,A,,2025
228796,4,-2,1,R,4224,R,1976,R,2248,R,5,R,4,R,1,R,24,R,16,R,8,R,80,R,44,R,36,R,3771,R,1742,R,2029,R,3,R,2,R,1,R,139,R,71,R,68,R,34,R,17,R,17,R,29,R,13,R,16,R,139,R,67,R,72,A,,A,,2025
228796,5,-2,1,R,19691,R,8882,R,10809,R,37,R,20,R,17,R,147,R,78,R,69,R,404,R,238,R,166,R,17246,R,7581,R,9665,R,27,R,13,R,14,R,844,R,473,R,371,R,152,R,73,R,79,R,125,R,50,R,75,R,709,R,356,R,353,A,,A,,2025
228796,11,-2,1,R,338,R,119,R,219,R,0,R,0,R,0,R,5,R,3,R,2,R,10,R,5,R,5,R,280,R,95,R,185,R,0,R,0,R,0,R,23,R,7,R,16,R,4,R,1,R,3,R,3,R,2,R,1,R,13,R,6,R,7,A,,A,,2025
228796,12,4,3,R,5101,R,2113,R,2988,R,11,R,6,R,5,R,92,R,35,R,57,R,200,R,96,R,104,R,3485,R,1258,R,2227,R,6,R,2,R,4,R,509,R,230,R,279,R,10,R,6,R,4,R,77,R,49,R,28,R,711,R,431,R,280,R,0.0,R,5101.0,2025
228796,19,-2,1,R,2451,R,1070,R,1381,R,11,R,7,R,4,R,19,R,9,R,10,R,109,R,66,R,43,R,2015,R,837,R,1178,R,4,R,1,R,3,R,164,R,92,R,72,R,30,R,15,R,15,R,22,R,9,R,13,R,77,R,34,R,43,A,,A,,2025
228796,20,-2,1,R,17240,R,7812,R,9428,R,26,R,13,R,13,R,128,R,69,R,59,R,295,R,172,R,123,R,15231,R,6744,R,8487,R,23,R,12,R,11,R,680,R,381,R,299,R,122,R,58,R,64,R,103,R,41,R,62,R,632,R,322,R,310,A,,A,,2025
228796,21,-2,999,R,18122,R,8314,R,9808,R,31,R,16,R,15,R,142,R,78,R,64,R,381,R,238,R,143,R,15289,R,6766,R,8523,R,24,R,11,R,13,R,781,R,424,R,357,R,132,R,63,R,69,R,140,R,61,R,79,R,1202,R,657,R,545,A,,A,,2025
228796,22,-2,1,R,16325,R,7469,R,8856,R,27,R,13,R,14,R,120,R,70,R,50,R,336,R,213,R,123,R,14188,R,6326,R,7862,R,22,R,11,R,11,R,660,R,371,R,289,R,131,R,62,R,69,R,119,R,48,R,71,R,722,R,355,R,367,A,,A,,2025
228796,23,-2,1,R,16313,R,7463,R,8850,R,27,R,13,R,14,R,120,R,70,R,50,R,336,R,213,R,123,R,14185,R,6325,R,7860,R,22,R,11,R,11,R,660,R,371,R,289,R,131,R,62,R,69,R,118,R,48,R,70,R,714,R,350,R,364,A,,A,,2025
228796,24,-2,1,R,3283,R,1544,R,1739,R,4,R,3,R,1,R,22,R,15,R,7,R,63,R,37,R,26,R,2929,R,1361,R,1568,R,3,R,2,R,1,R,110,R,58,R,52,R,27,R,12,R,15,R,21,R,9,R,12,R,104,R,47,R,57,A,,A,,2025
228796,25,-2,1,R,13030,R,5919,R,7111,R,23,R,10,R,13,R,98,R,55,R,43,R,273,R,176,R,97,R,11256,R,4964,R,6292,R,19,R,9,R,10,R,550,R,313,R,237,R,104,R,50,R,54,R,97,R,39,R,58,R,610,R,303,R,307,A,,A,,2025
228796,31,-2,1,R,12,R,6,R,6,R,0,R,0,R,0,R,0,R,0,R,0,R,0,R,0,R,0,R,3,R,1,R,2,R,0,R,0,R,0,R,0,R,0,R,0,R,0,R,0,R,0,R,1,R,0,R,1,R,8,R,5,R,3,A,,A,,2025
228796,32,-2,3,R,1797,R,845,R,952,R,4,R,3,R,1,R,22,R,8,R,14,R,45,R,25,R,20,R,1101,R,440,R,661,R,2,R,0,R,2,R,121,R,53,R,68,R,1,R,1,R,0,R,21,R,13,R,8,R,480,R,302,R,178,A,,A,,2025
228796,39,-2,1,R,1526,R,705,R,821,R,5,R,3,R,2,R,9,R,6,R,3,R,76,R,51,R,25,R,1226,R,537,R,689,R,3,R,1,R,2,R,111,R,63,R,48,R,21,R,13,R,8,R,15,R,7,R,8,R,60,R,24,R,36,A,,A,,2025
228796,40,-2,1,R,11504,R,5214,R,6290,R,18,R,7,R,11,R,89,R,49,R,40,R,197,R,125,R,72,R,10030,R,4427,R,5603,R,16,R,8,R,8,R,439,R,250,R,189,R,83,R,37,R,46,R,82,R,32,R,50,R,550,R,279,R,271,A,,A,,2025
228796,41,-2,999,R,11232,R,4776,R,6456,R,22,R,14,R,8,R,126,R,54,R,72,R,313,R,145,R,168,R,9493,R,3910,R,5583,R,12,R,6,R,6,R,734,R,357,R,377,R,68,R,34,R,34,R,94,R,53,R,41,R,370,R,203,R,167,A,,A,,2025
228796,42,-2,1,R,7928,R,3508,R,4420,R,15,R,11,R,4,R,56,R,27,R,29,R,158,R,74,R,84,R,7109,R,3092,R,4017,R,8,R,4,R,4,R,346,R,180,R,166,R,59,R,29,R,30,R,38,R,17,R,21,R,139,R,74,R,65,A,,A,,2025
228796,43,-2,1,R,7602,R,3395,R,4207,R,15,R,11,R,4,R,51,R,24,R,27,R,148,R,69,R,79,R,6832,R,2998,R,3834,R,8,R,4,R,4,R,323,R,173,R,150,R,55,R,28,R,27,R,36,R,15,R,21,R,134,R,73,R,61,A,,A,,2025
228796,44,-2,1,R,941,R,432,R,509,R,1,R,1,R,0,R,2,R,1,R,1,R,17,R,7,R,10,R,842,R,381,R,461,R,0,R,0,R,0,R,29,R,13,R,16,R,7,R,5,R,2,R,8,R,4,R,4,R,35,R,20,R,15,A,,A,,2025
228796,45,-2,1,R,6661,R,2963,R,3698,R,14,R,10,R,4,R,49,R,23,R,26,R,131,R,62,R,69,R,5990,R,2617,R,3373,R,8,R,4,R,4,R,294,R,160,R,134,R,48,R,23,R,25,R,28,R,11,R,17,R,99,R,53,R,46,A,,A,,2025
228796,51,-2,1,R,326,R,113,R,213,R,0,R,0,R,0,R,5,R,3,R,2,R,10,R,5,R,5,R,277,R,94,R,183,R,0,R,0,R,0,R,23,R,7,R,16,R,4,R,1,R,3,R,2,R,2,R,0,R,5,R,1,R,4,A,,A,,2025
228796,52,-2,3,R,3304,R,1268,R,2036,R,7,R,3,R,4,R,70,R,27,R,43,R,155,R,71,R,84,R,2384,R,818,R,1566,R,4,R,2,R,2,R,388,R,177,R,211,R,9,R,5,R,4,R,56,R,36,R,20,R,231,R,129,R,102,A,,A,,2025
228796,59,-2,1,R,925,R,365,R,560,R,6,R,4,R,2,R,10,R,3,R,7,R,33,R,15,R,18,R,789,R,300,R,489,R,1,R,0,R,1,R,53,R,29,R,24,R,9,R,2,R,7,R,7,R,2,R,5,R,17,R,10,R,7,A,,A,,2025
228796,60,-2,1,R,5736,R,2598,R,3138,R,8,R,6,R,2,R,39,R,20,R,19,R,98,R,47,R,51,R,5201,R,2317,R,2884,R,7,R,4,R,3,R,241,R,131,R,110,R,39,R,21,R,18,R,21,R,9,R,12,R,82,R,43,R,39,A,,A,,2025
228802,1,1,999,R,12749,R,4538,R,8211,R,49,R,21,R,28,R,621,R,216,R,405,R,1723,R,473,R,1250,R,3200,R,1205,R,1995,R,10,R,5,R,5,R,6047,R,2147,R,3900,R,460,R,163,R,297,R,234,R,92,R,142,R,405,R,216,R,189,R,0.0,R,12749.0,2025
228802,2,2,1,R,8986,R,3421,R,5565,R,39,R,15,R,24,R,375,R,150,R,225,R,1027,R,309,R,718,R,2546,R,984,R,1562,R,2,R,1,R,1,R,4246,R,1661,R,2585,R,346,R,126,R,220,R,172,R,76,R,96,R,233,R,99,R,134,R,0.0,R,8986.0,2025
228802,3,-2,1,R,8649,R,3265,R,5384,R,36,R,14,R,22,R,355,R,143,R,212,R,1005,R,302,R,703,R,2462,R,942,R,1520,R,2,R,1,R,1,R,4072,R,1576,R,2496,R,328,R,119,R,209,R,157,R,69,R,88,R,232,R,99,R,133,A,,A,,2025
228802,4,-2,1,R,1374,R,482,R,892,R,2,R,1,R,1,R,61,R,19,R,42,R,139,R,45,R,94,R,464,R,159,R,305,R,0,R,0,R,0,R,601,R,214,R,387,R,47,R,15,R,32,R,44,R,19,R,25,R,16,R,10,R,6,A,,A,,2025
228802,5,-2,1,R,7275,R,2783,R,4492,R,34,R,13,R,21,R,294,R,124,R,170,R,866,R,257,R,609,R,1998,R,783,R,1215,R,2,R,1,R,1,R,3471,R,1362,R,2109,R,281,R,104,R,177,R,113,R,50,R,63,R,216,R,89,R,127,A,,A,,2025
228802,11,-2,1,R,337,R,156,R,181,R,3,R,1,R,2,R,20,R,7,R,13,R,22,R,7,R,15,R,84,R,42,R,42,R,0,R,0,R,0,R,174,R,85,R,89,R,18,R,7,R,11,R,15,R,7,R,8,R,1,R,0,R,1,A,,A,,2025
228802,12,4,3,R,3763,R,1117,R,2646,R,10,R,6,R,4,R,246,R,66,R,180,R,696,R,164,R,532,R,654,R,221,R,433,R,8,R,4,R,4,R,1801,R,486,R,1315,R,114,R,37,R,77,R,62,R,16,R,46,R,172,R,117,R,55,R,0.0,R,3763.0,2025
228802,19,-2,1,R,1521,R,575,R,946,R,4,R,2,R,2,R,53,R,28,R,25,R,197,R,52,R,145,R,377,R,159,R,218,R,0,R,0,R,0,R,712,R,267,R,445,R,61,R,21,R,40,R,36,R,18,R,18,R,81,R,28,R,53,A,,A,,2025
228802,20,-2,1,R,5754,R,2208,R,3546,R,30,R,11,R,19,R,241,R,96,R,145,R,669,R,205,R,464,R,1621,R,624,R,997,R,2,R,1,R,1,R,2759,R,1095,R,1664,R,220,R,83,R,137,R,77,R,32,R,45,R,135,R,61,R,74,A,,A,,2025
228802,21,-2,999,R,7575,R,2821,R,4754,R,28,R,9,R,19,R,332,R,115,R,217,R,954,R,281,R,673,R,1967,R,747,R,1220,R,3,R,0,R,3,R,3587,R,1354,R,2233,R,289,R,105,R,184,R,116,R,43,R,73,R,299,R,167,R,132,A,,A,,2025
228802,22,-2,1,R,6237,R,2383,R,3854,R,26,R,7,R,19,R,234,R,90,R,144,R,710,R,223,R,487,R,1737,R,661,R,1076,R,1,R,0,R,1,R,3014,R,1194,R,1820,R,248,R,90,R,158,R,100,R,39,R,61,R,167,R,79,R,88,A,,A,,2025
228802,23,-2,1,R,6235,R,2382,R,3853,R,26,R,7,R,19,R,233,R,89,R,144,R,710,R,223,R,487,R,1737,R,661,R,1076,R,1,R,0,R,1,R,3014,R,1194,R,1820,R,248,R,90,R,158,R,99,R,39,R,60,R,167,R,79,R,88,A,,A,,2025
228802,24,-2,1,R,1261,R,445,R,816,R,2,R,1,R,1,R,53,R,17,R,36,R,127,R,41,R,86,R,430,R,152,R,278,R,0,R,0,R,0,R,562,R,200,R,362,R,44,R,14,R,30,R,28,R,11,R,17,R,15,R,9,R,6,A,,A,,2025
228802,25,-2,1,R,4974,R,1937,R,3037,R,24,R,6,R,18,R,180,R,72,R,108,R,583,R,182,R,401,R,1307,R,509,R,798,R,1,R,0,R,1,R,2452,R,994,R,1458,R,204,R,76,R,128,R,71,R,28,R,43,R,152,R,70,R,82,A,,A,,2025
228802,31,-2,1,R,2,R,1,R,1,R,0,R,0,R,0,R,1,R,1,R,0,R,0,R,0,R,0,R,0,R,0,R,0,R,0,R,0,R,0,R,0,R,0,R,0,R,0,R,0,R,0,R,1,R,0,R,1,R,0,R,0,R,0,A,,A,,2025
228802,32,-2,3,R,1338,R,438,R,900,R,2,R,2,R,0,R,98,R,25,R,73,R,244,R,58,R,186,R,230,R,86,R,144,R,2,R,0,R,2,R,573,R,160,R,413,R,41,R,15,R,26,R,16,R,4,R,12,R,132,R,88,R,44,A,,A,,2025
228802,39,-2,1,R,880,R,388,R,492,R,2,R,1,R,1,R,21,R,15,R,6,R,105,R,33,R,72,R,213,R,98,R,115,R,0,R,0,R,0,R,437,R,196,R,241,R,42,R,15,R,27,R,21,R,9,R,12,R,39,R,21,R,18,A,,A,,2025
228802,40,-2,1,R,4094,R,1549,R,2545,R,22,R,5,R,17,R,159,R,57,R,102,R,478,R,149,R,329,R,1094,R,411,R,683,R,1,R,0,R,1,R,2015,R,798,R,1217,R,162,R,61,R,101,R,50,R,19,R,31,R,113,R,49,R,64,A,,A,,2025
228802,41,-2,999,R,5174,R,1717,R,3457,R,21,R,12,R,9,R,289,R,101,R,188,R,769,R,192,R,577,R,1233,R,458,R,775,R,7,R,5,R,2,R,2460,R,793,R,1667,R,171,R,58,R,113,R,118,R,49,R,69,R,106,R,49,R,57,A,,A,,2025
228802,42,-2,1,R,2749,R,1038,R,1711,R,13,R,8,R,5,R,141,R,60,R,81,R,317,R,86,R,231,R,809,R,323,R,486,R,1,R,1,R,0,R,1232,R,467,R,765,R,98,R,36,R,62,R,72,R,37,R,35,R,66,R,20,R,46,A,,A,,2025
228802,43,-2,1,R,2414,R,883,R,1531,R,10,R,7,R,3,R,122,R,54,R,68,R,295,R,79,R,216,R,725,R,281,R,444,R,1,R,1,R,0,R,1058,R,382,R,676,R,80,R,29,R,51,R,58,R,30,R,28,R,65,R,20,R,45,A,,A,,2025
228802,44,-2,1,R,113,R,37,R,76,R,0,R,0,R,0,R,8,R,2,R,6,R,12,R,4,R,8,R,34,R,7,R,27,R,0,R,0,R,0,R,39,R,14,R,25,R,3,R,1,R,2,R,16,R,8,R,8,R,1,R,1,R,0,A,,A,,2025
228802,45,-2,1,R,2301,R,846,R,1455,R,10,R,7,R,3,R,114,R,52,R,62,R,283,R,75,R,208,R,691,R,274,R,417,R,1,R,1,R,0,R,1019,R,368,R,651,R,77,R,28,R,49,R,42,R,22,R,20,R,64,R,19,R,45,A,,A,,2025
228802,51,-2,1,R,335,R,155,R,180,R,3,R,1,R,2,R,19,R,6,R,13,R,22,R,7,R,15,R,84,R,42,R,42,R,0,R,0,R,0,R,174,R,85,R,89,R,18,R,7,R,11,R,14,R,7,R,7,R,1,R,0,R,1,A,,A,,2025
228802,52,-2,3,R,2425,R,679,R,1746,R,8,R,4,R,4,R,148,R,41,R,107,R,452,R,106,R,346,R,424,R,135,R,289,R,6,R,4,R,2,R,1228,R,326,R,902,R,73,R,22,R,51,R,46,R,12,R,34,R,40,R,29,R,11,A,,A,,2025
228802,59,-2,1,R,641,R,187,R,454,R,2,R,1,R,1,R,32,R,13,R,19,R,92,R,19,R,73,R,164,R,61,R,103,R,0,R,0,R,0,R,275,R,71,R,204,R,19,R,6,R,13,R,15,R,9,R,6,R,42,R,7,R,35,A,,A,,2025
228802,60,-2,1,R,1660,R,659,R,1001,R,8,R,6,R,2,R,82,R,39,R,43,R,191,R,56,R,135,R,527,R,213,R,314,R,1,R,1,R,0,R,744,R,297,R,447,R,58,R,22,R,36,R,27,R,13,R,14,R,22,R,12,R,10,A,,A,,2025
228909,1,1,999,R,2627,R,859,R,1768,R,3,R,1,R,2,R,722,R,255,R,467,R,263,R,55,R,208,R,470,R,148,R,322,R,1,R,1,Z,0,R,971,R,330,R,641,R,108,R,40,R,68,R,24,R,9,R,15,R,65,R,20,R,45,R,0.0,R,2627.0,2025
228909,2,2,1,R,87,R,21,R,66,Z,0,Z,0,Z,0,R,17,R,5,R,12,R,15,R,2,R,13,R,29,R,6,R,23,Z,0,Z,0,Z,0,R,23,R,7,R,16,R,3,R,1,R,2,Z,0,Z,0,Z,0,Z,0,Z,0,Z,0,R,0.0,R,87.0,2025
228909,3,-2,1,R,87,R,21,R,66,Z,0,Z,0,Z,0,R,17,R,5,R,12,R,15,R,2,R,13,R,29,R,6,R,23,Z,0,Z,0,Z,0,R,23,R,7,R,16,R,3,R,1,R,2,Z,0,Z,0,Z,0,Z,0,Z,0,Z,0,A,,A,,2025
228909,5,-2,1,R,87,R,21,R,66,Z,0,Z,0,Z,0,R,17,R,5,R,12,R,15,R,2,R,13,R,29,R,6,R,23,Z,0,Z,0,Z,0,R,23,R,7,R,16,R,3,R,1,R,2,Z,0,Z,0,Z,0,Z,0,Z,0,Z,0,A,,A,,2025
228909,12,4,3,R,2540,R,838,R,1702,R,3,R,1,R,2,R,705,R,250,R,455,R,248,R,53,R,195,R,441,R,142,R,299,R,1,R,1,Z,0,R,948,R,323,R,625,R,105,R,39,R,66,R,24,R,9,R,15,R,65,R,20,R,45,R,0.0,R,2540.0,2025
228909,19,-2,1,R,81,R,20,R,61,Z,0,Z,0,Z,0,R,16,R,5,R,11,R,14,R,2,R,12,R,27,R,6,R,21,Z,0,Z,0,Z,0,R,22,R,7,R,15,R,2,Z,0,R,2,Z,0,Z,0,Z,0,Z,0,Z,0,Z,0,A,,A,,2025
228909,20,-2,1,R,6,R,1,R,5,Z,0,Z,0,Z,0,R,1,Z,0,R,1,R,1,Z,0,R,1,R,2,Z,0,R,2,Z,0,Z,0,Z,0,R,1,Z,0,R,1,R,1,R,1,Z,0,Z,0,Z,0,Z,0,Z,0,Z,0,Z,0,A,,A,,2025
228909,21,-2,999,R,2264,R,771,R,1493,R,3,R,1,R,2,R,643,R,229,R,414,R,209,R,42,R,167,R,393,R,132,R,261,R,1,R,1,Z,0,R,843,R,303,R,540,R,92,R,36,R,56,R,17,R,7,R,10,R,63,R,20,R,43,A,,A,,2025
228909,22,-2,1,R,78,R,17,R,61,Z,0,Z,0,Z,0,R,13,R,3,R,10,R,14,R,2,R,12,R,28,R,6,R,22,Z,0,Z,0,Z,0,R,21,R,6,R,15,R,2,Z,0,R,2,Z,0,Z,0,Z,0,Z,0,Z,0,Z,0,A,,A,,2025
228909,23,-2,1,R,78,R,17,R,61,Z,0,Z,0,Z,0,R,13,R,3,R,10,R,14,R,2,R,12,R,28,R,6,R,22,Z,0,Z,0,Z,0,R,21,R,6,R,15,R,2,Z,0,R,2,Z,0,Z,0,Z,0,Z,0,Z,0,Z,0,A,,A,,2025
228909,25,-2,1,R,78,R,17,R,61,Z,0,Z,0,Z,0,R,13,R,3,R,10,R,14,R,2,R,12,R,28,R,6,R,22,Z,0,Z,0,Z,0,R,21,R,6,R,15,R,2,Z,0,R,2,Z,0,Z,0,Z,0,Z,0,Z,0,Z,0,A,,A,,2025
228909,32,-2,3,R,2186,R,754,R,1432,R,3,R,1,R,2,R,630,R,226,R,404,R,195,R,40,R,155,R,365,R,126,R,239,R,1,R,1,Z,0,R,822,R,297,R,525,R,90,R,36,R,54,R,17,R,7,R,10,R,63,R,20,R,43,A,,A,,2025
228909,39,-2,1,R,73,R,17,R,56,Z,0,Z,0,Z,0,R,12,R,3,R,9,R,13,R,2,R,11,R,26,R,6,R,20,Z,0,Z,0,Z,0,R,20,R,6,R,14,R,2,Z,0,R,2,Z,0,Z,0,Z,0,Z,0,Z,0,Z,0,A,,A,,2025
228909,40,-2,1,R,5,Z,0,R,5,Z,0,Z,0,Z,0,R,1,Z,0,R,1,R,1,Z,0,R,1,R,2,Z,0,R,2,Z,0,Z,0,Z,0,R,1,Z,0,R,1,Z,0,Z,0,Z,0,Z,0,Z,0,Z,0,Z,0,Z,0,Z,0,A,,A,,2025
228909,41,-2,999,R,363,R,88,R,275,Z,0,Z,0,Z,0,R,79,R,26,R,53,R,54,R,13,R,41,R,77,R,16,R,61,Z,0,Z,0,Z,0,R,128,R,27,R,101,R,16,R,4,R,12,R,7,R,2,R,5,R,2,Z,0,R,2,A,,A,,2025
228909,42,-2,1,R,9,R,4,R,5,Z,0,Z,0,Z,0,R,4,R,2,R,2,R,1,Z,0,R,1,R,1,Z,0,R,1,Z,0,Z,0,Z,0,R,2,R,1,R,1,R,1,R,1,Z,0,Z,0,Z,0,Z,0,Z,0,Z,0,Z,0,A,,A,,2025
228909,43,-2,1,R,9,R,4,R,5,Z,0,Z,0,Z,0,R,4,R,2,R,2,R,1,Z,0,R,1,R,1,Z,0,R,1,Z,0,Z,0,Z,0,R,2,R,1,R,1,R,1,R,1,Z,0,Z,0,Z,0,Z,0,Z,0,Z,0,Z,0,A,,A,,2025
228909,45,-2,1,R,9,R,4,R,5,Z,0,Z,0,Z,0,R,4,R,2,R,2,R,1,Z,0,R,1,R,1,Z,0,R,1,Z,0,Z,0,Z,0,R,2,R,1,R,1,R,1,R,1,Z,0,Z,0,Z,0,Z,0,Z,0,Z,0,Z,0,A,,A,,2025
228909,52,-2,3,R,354,R,84,R,270,Z,0,Z,0,Z,0,R,75,R,24,R,51,R,53,R,13,R,40,R,76,R,16,R,60,Z,0,Z,0,Z,0,R,126,R,26,R,100,R,15,R,3,R,12,R,7,R,2,R,5,R,2,Z,0,R,2,A,,A,,2025
228909,59,-2,1,R,8,R,3,R,5,Z,0,Z,0,Z,0,R,4,R,2,R,2,R,1,Z,0,R,1,R,1,Z,0,R,1,Z,0,Z,0,Z,0,R,2,R,1,R,1,Z,0,Z,0,Z,0,Z,0,Z,0,Z,0,Z,0,Z,0,Z,0,A,,A,,2025
228909,60,-2,1,R,1,R,1,Z,0,Z,0,Z,0,Z,0,Z,0,Z,0,Z,0,Z,0,Z,0,Z,0,Z,0,Z,0,Z,0,Z,0,Z,0,Z,0,Z,0,Z,0,Z,0,R,1,R,1,Z,0,Z,0,Z,0,Z,0,Z,0,Z,0,Z,0,A,,A,,2025
229018,1,1,999,R,7054,R,2809,R,4245,R,23,R,7,R,16,R,213,R,110,R,103,R,554,R,261,R,293,R,3399,R,1234,R,2165,R,9,R,6,R,3,R,2039,R,796,R,1243,R,176,R,68,R,108,R,187,R,102,R,85,R,454,R,225,R,229,R,0.0,R,7054.0,2025
229018,2,2,1,R,5052,R,1986,R,3066,R,15,R,2,R,13,R,117,R,55,R,62,R,380,R,183,R,197,R,2714,R,1030,R,1684,R,6,R,5,R,1,R,1313,R,495,R,818,R,125,R,46,R,79,R,137,R,73,R,64,R,245,R,97,R,148,R,0.0,R,5052.0,2025
229018,3,-2,1,R,4569,R,1797,R,2772,R,14,R,2,R,12,R,85,R,42,R,43,R,359,R,176,R,183,R,2464,R,931,R,1533,R,6,R,5,R,1,R,1165,R,440,R,725,R,113,R,41,R,72,R,121,R,64,R,57,R,242,R,96,R,146,A,,A,,2025
229018,4,-2,1,R,711,R,328,R,383,R,1,R,0,R,1,R,16,R,9,R,7,R,57,R,34,R,23,R,397,R,171,R,226,R,0,R,0,R,0,R,137,R,60,R,77,R,12,R,6,R,6,R,70,R,40,R,30,R,21,R,8,R,13,A,,A,,2025
229018,5,-2,1,R,3858,R,1469,R,2389,R,13,R,2,R,11,R,69,R,33,R,36,R,302,R,142,R,160,R,2067,R,760,R,1307,R,6,R,5,R,1,R,1028,R,380,R,648,R,101,R,35,R,66,R,51,R,24,R,27,R,221,R,88,R,133,A,,A,,2025
229018,11,-2,1,R,483,R,189,R,294,R,1,R,0,R,1,R,32,R,13,R,19,R,21,R,7,R,14,R,250,R,99,R,151,R,0,R,0,R,0,R,148,R,55,R,93,R,12,R,5,R,7,R,16,R,9,R,7,R,3,R,1,R,2,A,,A,,2025
229018,12,4,3,R,2002,R,823,R,1179,R,8,R,5,R,3,R,96,R,55,R,41,R,174,R,78,R,96,R,685,R,204,R,481,R,3,R,1,R,2,R,726,R,301,R,425,R,51,R,22,R,29,R,50,R,29,R,21,R,209,R,128,R,81,R,0.0,R,2002.0,2025
229018,19,-2,1,R,854,R,291,R,563,R,2,R,0,R,2,R,5,R,1,R,4,R,85,R,40,R,45,R,441,R,134,R,307,R,2,R,1,R,1,R,242,R,85,R,157,R,25,R,9,R,16,R,15,R,8,R,7,R,37,R,13,R,24,A,,A,,2025
229018,20,-2,1,R,3004,R,1178,R,1826,R,11,R,2,R,9,R,64,R,32,R,32,R,217,R,102,R,115,R,1626,R,626,R,1000,R,4,R,4,R,0,R,786,R,295,R,491,R,76,R,26,R,50,R,36,R,16,R,20,R,184,R,75,R,109,A,,A,,2025
229018,21,-2,999,R,3790,R,1513,R,2277,R,11,R,2,R,9,R,92,R,44,R,48,R,321,R,165,R,156,R,1923,R,703,R,1220,R,5,R,4,R,1,R,947,R,357,R,590,R,89,R,37,R,52,R,111,R,61,R,50,R,291,R,140,R,151,A,,A,,2025
229018,22,-2,1,R,3216,R,1275,R,1941,R,9,R,2,R,7,R,62,R,31,R,31,R,265,R,138,R,127,R,1725,R,649,R,1076,R,5,R,4,R,1,R,770,R,287,R,483,R,78,R,31,R,47,R,102,R,54,R,48,R,200,R,79,R,121,A,,A,,2025
229018,23,-2,1,R,3210,R,1273,R,1937,R,9,R,2,R,7,R,62,R,31,R,31,R,265,R,138,R,127,R,1722,R,648,R,1074,R,5,R,4,R,1,R,768,R,287,R,481,R,78,R,31,R,47,R,102,R,54,R,48,R,199,R,78,R,121,A,,A,,2025
229018,24,-2,1,R,637,R,296,R,341,R,0,R,0,R,0,R,14,R,8,R,6,R,50,R,29,R,21,R,357,R,157,R,200,R,0,R,0,R,0,R,123,R,55,R,68,R,11,R,6,R,5,R,62,R,34,R,28,R,20,R,7,R,13,A,,A,,2025
229018,25,-2,1,R,2573,R,977,R,1596,R,9,R,2,R,7,R,48,R,23,R,25,R,215,R,109,R,106,R,1365,R,491,R,874,R,5,R,4,R,1,R,645,R,232,R,413,R,67,R,25,R,42,R,40,R,20,R,20,R,179,R,71,R,108,A,,A,,2025
229018,31,-2,1,R,6,R,2,R,4,R,0,R,0,R,0,R,0,R,0,R,0,R,0,R,0,R,0,R,3,R,1,R,2,R,0,R,0,R,0,R,2,R,0,R,2,R,0,Z,0,R,0,R,0,R,0,R,0,R,1,R,1,R,0,A,,A,,2025
229018,32,-2,3,R,574,R,238,R,336,R,2,R,0,R,2,R,30,R,13,R,17,R,56,R,27,R,29,R,198,R,54,R,144,R,0,R,0,R,0,R,177,R,70,R,107,R,11,R,6,R,5,R,9,R,7,R,2,R,91,R,61,R,30,A,,A,,2025
229018,39,-2,1,R,593,R,205,R,388,R,1,R,0,R,1,R,5,R,1,R,4,R,64,R,33,R,31,R,302,R,85,R,217,R,2,R,1,R,1,R,162,R,64,R,98,R,19,R,8,R,11,R,10,R,5,R,5,R,28,R,8,R,20,A,,A,,2025
229018,40,-2,1,R,1980,R,772,R,1208,R,8,R,2,R,6,R,43,R,22,R,21,R,151,R,76,R,75,R,1063,R,406,R,657,R,3,R,3,R,0,R,483,R,168,R,315,R,48,R,17,R,31,R,30,R,15,R,15,R,151,R,63,R,88,A,,A,,2025
229018,41,-2,999,R,3264,R,1296,R,1968,R,12,R,5,R,7,R,121,R,66,R,55,R,233,R,96,R,137,R,1476,R,531,R,945,R,4,R,2,R,2,R,1092,R,439,R,653,R,87,R,31,R,56,R,76,R,41,R,35,R,163,R,85,R,78,A,,A,,2025
229018,42,-2,1,R,1836,R,711,R,1125,R,6,R,0,R,6,R,55,R,24,R,31,R,115,R,45,R,70,R,989,R,381,R,608,R,1,R,1,R,0,R,543,R,208,R,335,R,47,R,15,R,32,R,35,R,19,R,16,R,45,R,18,R,27,A,,A,,2025
229018,43,-2,1,R,1359,R,524,R,835,R,5,R,0,R,5,R,23,R,11,R,12,R,94,R,38,R,56,R,742,R,283,R,459,R,1,R,1,R,0,R,397,R,153,R,244,R,35,R,10,R,25,R,19,R,10,R,9,R,43,R,18,R,25,A,,A,,2025
229018,44,-2,1,R,74,R,32,R,42,R,1,R,0,R,1,R,2,R,1,R,1,R,7,R,5,R,2,R,40,R,14,R,26,R,0,R,0,R,0,R,14,R,5,R,9,R,1,R,0,R,1,R,8,R,6,R,2,R,1,R,1,R,0,A,,A,,2025
229018,45,-2,1,R,1285,R,492,R,793,R,4,R,0,R,4,R,21,R,10,R,11,R,87,R,33,R,54,R,702,R,269,R,433,R,1,R,1,R,0,R,383,R,148,R,235,R,34,R,10,R,24,R,11,R,4,R,7,R,42,R,17,R,25,A,,A,,2025
229018,51,-2,1,R,477,R,187,R,290,R,1,R,0,R,1,R,32,R,13,R,19,R,21,R,7,R,14,R,247,R,98,R,149,R,0,R,0,R,0,R,146,R,55,R,91,R,12,R,5,R,7,R,16,R,9,R,7,R,2,R,0,R,2,A,,A,,2025
229018,52,-2,3,R,1428,R,585,R,843,R,6,R,5,R,1,R,66,R,42,R,24,R,118,R,51,R,67,R,487,R,150,R,337,R,3,R,1,R,2,R,549,R,231,R,318,R,40,R,16,R,24,R,41,R,22,R,19,R,118,R,67,R,51,A,,A,,2025
229018,59,-2,1,R,261,R,86,R,175,R,1,R,0,R,1,R,0,R,0,R,0,R,21,R,7,R,14,R,139,R,49,R,90,R,0,R,0,R,0,R,80,R,21,R,59,R,6,R,1,R,5,R,5,R,3,R,2,R,9,R,5,R,4,A,,A,,2025
229018,60,-2,1,R,1024,R,406,R,618,R,3,R,0,R,3,R,21,R,10,R,11,R,66,R,26,R,40,R,563,R,220,R,343,R,1,R,1,R,0,R,303,R,127,R,176,R,28,R,9,R,19,R,6,R,1,R,5,R,33,R,12,R,21,A,,A,,2025
229027,1,1,999,R,40542,R,19682,R,20860,R,47,R,31,R,16,R,2286,R,1121,R,1165,R,3194,R,1542,R,1652,R,24015,R,11088,R,12927,R,72,R,39,R,33,R,7808,R,4235,R,3573,R,1452,R,719,R,733,R,548,R,297,R,251,R,1120,R,610,R,510,R,0.0,R,40542.0,2025
229027,2,2,1,R,35219,R,17336,R,17883,R,40,R,27,R,13,R,2062,R,1007,R,1055,R,2879,R,1407,R,1472,R,21373,R,10075,R,11298,R,56,R,31,R,25,R,6566,R,3639,R,2927,R,1270,R,623,R,647,R,479,R,261,R,218,R,494,R,266,R,228,R,0.0,R,35219.0,2025
229027,3,-2,1,R,34342,R,16907,R,17435,R,37,R,25,R,12,R,2028,R,987,R,1041,R,2836,R,1379,R,1457,R,20855,R,9830,R,11025,R,53,R,30,R,23,R,6388,R,3552,R,2836,R,1237,R,608,R,629,R,424,R,233,R,191,R,484,R,263,R,221,A,,A,,2025
229027,4,-2,1,R,6603,R,3134,R,3469,R,10,R,6,R,4,R,608,R,289,R,319,R,582,R,268,R,314,R,3826,R,1744,R,2082,R,13,R,6,R,7,R,1121,R,590,R,531,R,239,R,111,R,128,R,74,R,46,R,28,R,130,R,74,R,56,A,,A,,2025
229027,5,-2,1,R,27739,R,13773,R,13966,R,27,R,19,R,8,R,1420,R,698,R,722,R,2254,R,1111,R,1143,R,17029,R,8086,R,8943,R,40,R,24,R,16,R,5267,R,2962,R,2305,R,998,R,497,R,501,R,350,R,187,R,163,R,354,R,189,R,165,A,,A,,2025
229027,11,-2,1,R,877,R,429,R,448,R,3,R,2,R,1,R,34,R,20,R,14,R,43,R,28,R,15,R,518,R,245,R,273,R,3,R,1,R,2,R,178,R,87,R,91,R,33,R,15,R,18,R,55,R,28,R,27,R,10,R,3,R,7,A,,A,,2025
229027,12,4,3,R,5323,R,2346,R,2977,R,7,R,4,R,3,R,224,R,114,R,110,R,315,R,135,R,180,R,2642,R,1013,R,1629,R,16,R,8,R,8,R,1242,R,596,R,646,R,182,R,96,R,86,R,69,R,36,R,33,R,626,R,344,R,282,R,0.0,R,5323.0,2025
229027,19,-2,1,R,4987,R,2563,R,2424,R,5,R,5,R,0,R,168,R,76,R,92,R,454,R,258,R,196,R,2983,R,1468,R,1515,R,7,R,4,R,3,R,1037,R,577,R,460,R,206,R,111,R,95,R,57,R,32,R,25,R,70,R,32,R,38,A,,A,,2025
229027,20,-2,1,R,22752,R,11210,R,11542,R,22,R,14,R,8,R,1252,R,622,R,630,R,1800,R,853,R,947,R,14046,R,6618,R,7428,R,33,R,20,R,13,R,4230,R,2385,R,1845,R,792,R,386,R,406,R,293,R,155,R,138,R,284,R,157,R,127,A,,A,,2025
229027,21,-2,999,R,27897,R,13378,R,14519,R,28,R,20,R,8,R,1547,R,753,R,794,R,2328,R,1100,R,1228,R,16461,R,7525,R,8936,R,46,R,28,R,18,R,5126,R,2739,R,2387,R,1028,R,486,R,542,R,344,R,182,R,162,R,989,R,545,R,444,A,,A,,2025
229027,22,-2,1,R,25315,R,12223,R,13092,R,26,R,18,R,8,R,1421,R,695,R,726,R,2178,R,1028,R,1150,R,15364,R,7111,R,8253,R,36,R,23,R,13,R,4595,R,2496,R,2099,R,931,R,441,R,490,R,315,R,169,R,146,R,449,R,242,R,207,A,,A,,2025
229027,23,-2,1,R,25211,R,12162,R,13049,R,26,R,18,R,8,R,1416,R,692,R,724,R,2164,R,1020,R,1144,R,15324,R,7087,R,8237,R,36,R,23,R,13,R,4566,R,2480,R,2086,R,928,R,439,R,489,R,310,R,164,R,146,R,441,R,239,R,202,A,,A,,2025
229027,24,-2,1,R,4973,R,2353,R,2620,R,6,R,4,R,2,R,316,R,159,R,157,R,481,R,221,R,260,R,3042,R,1381,R,1661,R,8,R,4,R,4,R,784,R,414,R,370,R,178,R,78,R,100,R,49,R,30,R,19,R,109,R,62,R,47,A,,A,,2025
229027,25,-2,1,R,20238,R,9809,R,10429,R,20,R,14,R,6,R,1100,R,533,R,567,R,1683,R,799,R,884,R,12282,R,5706,R,6576,R,28,R,19,R,9,R,3782,R,2066,R,1716,R,750,R,361,R,389,R,261,R,134,R,127,R,332,R,177,R,155,A,,A,,2025
229027,31,-2,1,R,104,R,61,R,43,R,0,R,0,R,0,R,5,R,3,R,2,R,14,R,8,R,6,R,40,R,24,R,16,R,0,R,0,R,0,R,29,R,16,R,13,R,3,R,2,R,1,R,5,R,5,R,0,R,8,R,3,R,5,A,,A,,2025
229027,32,-2,3,R,2582,R,1155,R,1427,R,2,R,2,R,0,R,126,R,58,R,68,R,150,R,72,R,78,R,1097,R,414,R,683,R,10,R,5,R,5,R,531,R,243,R,288,R,97,R,45,R,52,R,29,R,13,R,16,R,540,R,303,R,237,A,,A,,2025
229027,39,-2,1,R,3424,R,1744,R,1680,R,5,R,5,R,0,R,119,R,56,R,63,R,311,R,173,R,138,R,2031,R,1009,R,1022,R,5,R,3,R,2,R,707,R,377,R,330,R,147,R,72,R,75,R,34,R,19,R,15,R,65,R,30,R,35,A,,A,,2025
229027,40,-2,1,R,16814,R,8065,R,8749,R,15,R,9,R,6,R,981,R,477,R,504,R,1372,R,626,R,746,R,10251,R,4697,R,5554,R,23,R,16,R,7,R,3075,R,1689,R,1386,R,603,R,289,R,314,R,227,R,115,R,112,R,267,R,147,R,120,A,,A,,2025
229027,41,-2,999,R,12645,R,6304,R,6341,R,19,R,11,R,8,R,739,R,368,R,371,R,866,R,442,R,424,R,7554,R,3563,R,3991,R,26,R,11,R,15,R,2682,R,1496,R,1186,R,424,R,233,R,191,R,204,R,115,R,89,R,131,R,65,R,66,A,,A,,2025
229027,42,-2,1,R,9904,R,5113,R,4791,R,14,R,9,R,5,R,641,R,312,R,329,R,701,R,379,R,322,R,6009,R,2964,R,3045,R,20,R,8,R,12,R,1971,R,1143,R,828,R,339,R,182,R,157,R,164,R,92,R,72,R,45,R,24,R,21,A,,A,,2025
229027,43,-2,1,R,9131,R,4745,R,4386,R,11,R,7,R,4,R,612,R,295,R,317,R,672,R,359,R,313,R,5531,R,2743,R,2788,R,17,R,7,R,10,R,1822,R,1072,R,750,R,309,R,169,R,140,R,114,R,69,R,45,R,43,R,24,R,19,A,,A,,2025
229027,44,-2,1,R,1630,R,781,R,849,R,4,R,2,R,2,R,292,R,130,R,162,R,101,R,47,R,54,R,784,R,363,R,421,R,5,R,2,R,3,R,337,R,176,R,161,R,61,R,33,R,28,R,25,R,16,R,9,R,21,R,12,R,9,A,,A,,2025
229027,45,-2,1,R,7501,R,3964,R,3537,R,7,R,5,R,2,R,320,R,165,R,155,R,571,R,312,R,259,R,4747,R,2380,R,2367,R,12,R,5,R,7,R,1485,R,896,R,589,R,248,R,136,R,112,R,89,R,53,R,36,R,22,R,12,R,10,A,,A,,2025
229027,51,-2,1,R,773,R,368,R,405,R,3,R,2,R,1,R,29,R,17,R,12,R,29,R,20,R,9,R,478,R,221,R,257,R,3,R,1,R,2,R,149,R,71,R,78,R,30,R,13,R,17,R,50,R,23,R,27,R,2,R,0,R,2,A,,A,,2025
229027,52,-2,3,R,2741,R,1191,R,1550,R,5,R,2,R,3,R,98,R,56,R,42,R,165,R,63,R,102,R,1545,R,599,R,946,R,6,R,3,R,3,R,711,R,353,R,358,R,85,R,51,R,34,R,40,R,23,R,17,R,86,R,41,R,45,A,,A,,2025
229027,59,-2,1,R,1563,R,819,R,744,R,0,R,0,R,0,R,49,R,20,R,29,R,143,R,85,R,58,R,952,R,459,R,493,R,2,R,1,R,1,R,330,R,200,R,130,R,59,R,39,R,20,R,23,R,13,R,10,R,5,R,2,R,3,A,,A,,2025
229027,60,-2,1,R,5938,R,3145,R,2793,R,7,R,5,R,2,R,271,R,145,R,126,R,428,R,227,R,201,R,3795,R,1921,R,1874,R,10,R,4,R,6,R,1155,R,696,R,459,R,189,R,97,R,92,R,66,R,40,R,26,R,17,R,10,R,7,A,,A,,2025
229063,1,1,999,R,9783,R,3548,R,6235,R,20,R,8,R,12,R,119,R,63,R,56,R,8068,R,2807,R,5261,R,868,R,374,R,494,R,5,R,2,R,3,R,171,R,86,R,85,R,324,R,108,R,216,R,19,R,9,R,10,R,189,R,91,R,98,R,0.0,R,9783.0,2025
229063,2,2,1,R,7693,R,2789,R,4904,R,15,R,7,R,8,R,48,R,31,R,17,R,6587,R,2326,R,4261,R,614,R,262,R,352,R,4,R,2,R,2,R,64,R,36,R,28,R,277,R,87,R,190,R,10,R,5,R,5,R,74,R,33,R,41,R,0.0,R,7693.0,2025
229063,3,-2,1,R,7693,R,2789,R,4904,R,15,R,7,R,8,R,48,R,31,R,17,R,6587,R,2326,R,4261,R,614,R,262,R,352,R,4,R,2,R,2,R,64,R,36,R,28,R,277,R,87,R,190,R,10,R,5,R,5,R,74,R,33,R,41,A,,A,,2025
229063,4,-2,1,R,1835,R,717,R,1118,R,3,R,1,R,2,R,6,R,5,R,1,R,1575,R,597,R,978,R,147,R,73,R,74,R,2,R,1,R,1,R,11,R,9,R,2,R,71,R,20,R,51,R,10,R,5,R,5,R,10,R,6,R,4,A,,A,,2025
229063,5,-2,1,R,5858,R,2072,R,3786,R,12,R,6,R,6,R,42,R,26,R,16,R,5012,R,1729,R,3283,R,467,R,189,R,278,R,2,R,1,R,1,R,53,R,27,R,26,R,206,R,67,R,139,R,0,R,0,R,0,R,64,R,27,R,37,A,,A,,2025
229063,12,4,3,R,2090,R,759,R,1331,R,5,R,1,R,4,R,71,R,32,R,39,R,1481,R,481,R,1000,R,254,R,112,R,142,R,1,R,0,R,1,R,107,R,50,R,57,R,47,R,21,R,26,R,9,R,4,R,5,R,115,R,58,R,57,R,0.0,R,2090.0,2025
229063,19,-2,1,R,758,R,306,R,452,R,2,R,1,R,1,R,8,R,6,R,2,R,601,R,235,R,366,R,86,R,41,R,45,R,1,R,1,R,0,R,17,R,9,R,8,R,30,R,8,R,22,R,0,R,0,R,0,R,13,R,5,R,8,A,,A,,2025
229063,20,-2,1,R,5100,R,1766,R,3334,R,10,R,5,R,5,R,34,R,20,R,14,R,4411,R,1494,R,2917,R,381,R,148,R,233,R,1,R,0,R,1,R,36,R,18,R,18,R,176,R,59,R,117,R,0,R,0,R,0,R,51,R,22,R,29,A,,A,,2025
229063,21,-2,999,R,7943,R,2854,R,5089,R,16,R,7,R,9,R,86,R,44,R,42,R,6545,R,2254,R,4291,R,711,R,315,R,396,R,3,R,1,R,2,R,130,R,63,R,67,R,276,R,87,R,189,R,16,R,7,R,9,R,160,R,76,R,84,A,,A,,2025
229063,22,-2,1,R,6403,R,2270,R,4133,R,12,R,6,R,6,R,31,R,19,R,12,R,5507,R,1906,R,3601,R,496,R,215,R,281,R,3,R,1,R,2,R,40,R,20,R,20,R,237,R,70,R,167,R,8,R,3,R,5,R,69,R,30,R,39,A,,A,,2025
229063,23,-2,1,R,6403,R,2270,R,4133,R,12,R,6,R,6,R,31,R,19,R,12,R,5507,R,1906,R,3601,R,496,R,215,R,281,R,3,R,1,R,2,R,40,R,20,R,20,R,237,R,70,R,167,R,8,R,3,R,5,R,69,R,30,R,39,A,,A,,2025
229063,24,-2,1,R,1602,R,591,R,1011,R,2,R,1,R,1,R,5,R,4,R,1,R,1387,R,495,R,892,R,121,R,60,R,61,R,1,Z,0,R,1,R,8,R,6,R,2,R,60,R,16,R,44,R,8,R,3,R,5,R,10,R,6,R,4,A,,A,,2025
229063,25,-2,1,R,4801,R,1679,R,3122,R,10,R,5,R,5,R,26,R,15,R,11,R,4120,R,1411,R,2709,R,375,R,155,R,220,R,2,R,1,R,1,R,32,R,14,R,18,R,177,R,54,R,123,R,0,R,0,R,0,R,59,R,24,R,35,A,,A,,2025
229063,32,-2,3,R,1540,R,584,R,956,R,4,R,1,R,3,R,55,R,25,R,30,R,1038,R,348,R,690,R,215,R,100,R,115,R,0,R,0,R,0,R,90,R,43,R,47,R,39,R,17,R,22,R,8,R,4,R,4,R,91,R,46,R,45,A,,A,,2025
229063,39,-2,1,R,574,R,238,R,336,R,2,R,1,R,1,R,4,R,3,R,1,R,460,R,189,R,271,R,64,R,30,R,34,R,1,R,1,R,0,R,11,R,6,R,5,R,21,R,3,R,18,R,0,R,0,R,0,R,11,R,5,R,6,A,,A,,2025
229063,40,-2,1,R,4227,R,1441,R,2786,R,8,R,4,R,4,R,22,R,12,R,10,R,3660,R,1222,R,2438,R,311,R,125,R,186,R,1,Z,0,R,1,R,21,R,8,R,13,R,156,R,51,R,105,R,0,R,0,R,0,R,48,R,19,R,29,A,,A,,2025
229063,41,-2,999,R,1840,R,694,R,1146,R,4,R,1,R,3,R,33,R,19,R,14,R,1523,R,553,R,970,R,157,R,59,R,98,R,2,R,1,R,1,R,41,R,23,R,18,R,48,R,21,R,27,R,3,R,2,R,1,R,29,R,15,R,14,A,,A,,2025
229063,42,-2,1,R,1290,R,519,R,771,R,3,R,1,R,2,R,17,R,12,R,5,R,1080,R,420,R,660,R,118,R,47,R,71,R,1,R,1,Z,0,R,24,R,16,R,8,R,40,R,17,R,23,R,2,R,2,Z,0,R,5,R,3,R,2,A,,A,,2025
229063,43,-2,1,R,1290,R,519,R,771,R,3,R,1,R,2,R,17,R,12,R,5,R,1080,R,420,R,660,R,118,R,47,R,71,R,1,R,1,Z,0,R,24,R,16,R,8,R,40,R,17,R,23,R,2,R,2,Z,0,R,5,R,3,R,2,A,,A,,2025
229063,44,-2,1,R,233,R,126,R,107,R,1,R,0,R,1,R,1,R,1,R,0,R,188,R,102,R,86,R,26,R,13,R,13,R,1,R,1,Z,0,R,3,R,3,R,0,R,11,R,4,R,7,R,2,R,2,Z,0,R,0,R,0,R,0,A,,A,,2025
229063,45,-2,1,R,1057,R,393,R,664,R,2,R,1,R,1,R,16,R,11,R,5,R,892,R,318,R,574,R,92,R,34,R,58,R,0,R,0,Z,0,R,21,R,13,R,8,R,29,R,13,R,16,R,0,R,0,Z,0,R,5,R,3,R,2,A,,A,,2025
229063,52,-2,3,R,550,R,175,R,375,R,1,R,0,R,1,R,16,R,7,R,9,R,443,R,133,R,310,R,39,R,12,R,27,R,1,R,0,R,1,R,17,R,7,R,10,R,8,R,4,R,4,R,1,R,0,R,1,R,24,R,12,R,12,A,,A,,2025
229063,59,-2,1,R,184,R,68,R,116,R,0,R,0,R,0,R,4,R,3,R,1,R,141,R,46,R,95,R,22,R,11,R,11,R,0,R,0,Z,0,R,6,R,3,R,3,R,9,R,5,R,4,R,0,R,0,Z,0,R,2,R,0,R,2,A,,A,,2025
229063,60,-2,1,R,873,R,325,R,548,R,2,R,1,R,1,R,12,R,8,R,4,R,751,R,272,R,479,R,70,R,23,R,47,R,0,R,0,Z,0,R,15,R,10,R,5,R,20,R,8,R,12,R,0,R,0,Z,0,R,3,R,3,R,0,A,,A,,2025
229115,1,1,999,R,43964,R,21298,R,22666,R,147,R,66,R,81,R,1486,R,758,R,728,R,2660,R,1402,R,1258,R,12265,R,5519,R,6746,R,32,R,17,R,15,R,21745,R,10521,R,11224,R,1814,R,836,R,978,R,661,R,312,R,349,R,3154,R,1867,R,1287,R,107.0,R,43857.0,2025
229115,2,2,1,R,34543,R,17190,R,17353,R,124,R,59,R,65,R,1183,R,630,R,553,R,2180,R,1221,R,959,R,10547,R,4862,R,5685,R,26,R,14,R,12,R,17689,R,8916,R,8773,R,1544,R,726,R,818,R,498,R,255,R,243,R,752,R,507,R,245,R,49.0,R,34494.0,2025
229115,3,-2,1,R,34274,R,17082,R,17192,R,124,R,59,R,65,R,1168,R,626,R,542,R,2141,R,1202,R,939,R,10472,R,4836,R,5636,R,25,R,13,R,12,R,17600,R,8881,R,8719,R,1539,R,724,R,815,R,457,R,236,R,221,R,748,R,505,R,243,A,,A,,2025
229115,4,-2,1,R,6948,R,3294,R,3654,R,27,R,14,R,13,R,257,R,144,R,113,R,437,R,251,R,186,R,2134,R,914,R,1220,R,3,R,2,R,1,R,3515,R,1674,R,1841,R,277,R,118,R,159,R,126,R,59,R,67,R,172,R,118,R,54,A,,A,,2025
229115,5,-2,1,R,27326,R,13788,R,13538,R,97,R,45,R,52,R,911,R,482,R,429,R,1704,R,951,R,753,R,8338,R,3922,R,4416,R,22,R,11,R,11,R,14085,R,7207,R,6878,R,1262,R,606,R,656,R,331,R,177,R,154,R,576,R,387,R,189,A,,A,,2025
229115,11,-2,1,R,269,R,108,R,161,Z,0,Z,0,Z,0,R,15,R,4,R,11,R,39,R,19,R,20,R,75,R,26,R,49,R,1,R,1,Z,0,R,89,R,35,R,54,R,5,R,2,R,3,R,41,R,19,R,22,R,4,R,2,R,2,A,,A,,2025
229115,12,4,3,R,9421,R,4108,R,5313,R,23,R,7,R,16,R,303,R,128,R,175,R,480,R,181,R,299,R,1718,R,657,R,1061,R,6,R,3,R,3,R,4056,R,1605,R,2451,R,270,R,110,R,160,R,163,R,57,R,106,R,2402,R,1360,R,1042,R,58.0,R,9363.0,2025
229115,19,-2,1,R,3648,R,1672,R,1976,R,10,R,5,R,5,R,97,R,47,R,50,R,275,R,120,R,155,R,1349,R,548,R,801,R,2,R,1,R,1,R,1634,R,804,R,830,R,140,R,62,R,78,R,56,R,29,R,27,R,85,R,56,R,29,A,,A,,2025
229115,20,-2,1,R,23678,R,12116,R,11562,R,87,R,40,R,47,R,814,R,435,R,379,R,1429,R,831,R,598,R,6989,R,3374,R,3615,R,20,R,10,R,10,R,12451,R,6403,R,6048,R,1122,R,544,R,578,R,275,R,148,R,127,R,491,R,331,R,160,A,,A,,2025
229115,21,-2,999,R,36758,R,18207,R,18551,R,127,R,58,R,69,R,1254,R,659,R,595,R,2150,R,1164,R,986,R,10158,R,4677,R,5481,R,23,R,10,R,13,R,18108,R,8941,R,9167,R,1576,R,737,R,839,R,450,R,231,R,219,R,2912,R,1730,R,1182,A,,A,,2025
229115,22,-2,1,R,30623,R,15268,R,15355,R,110,R,52,R,58,R,1074,R,577,R,497,R,1901,R,1066,R,835,R,9226,R,4282,R,4944,R,20,R,9,R,11,R,15765,R,7922,R,7843,R,1385,R,655,R,730,R,423,R,216,R,207,R,719,R,489,R,230,A,,A,,2025
229115,23,-2,1,R,30588,R,15248,R,15340,R,110,R,52,R,58,R,1073,R,577,R,496,R,1889,R,1057,R,832,R,9220,R,4280,R,4940,R,20,R,9,R,11,R,15757,R,7917,R,7840,R,1384,R,654,R,730,R,420,R,215,R,205,R,715,R,487,R,228,A,,A,,2025
229115,24,-2,1,R,6834,R,3246,R,3588,R,25,R,13,R,12,R,254,R,142,R,112,R,423,R,240,R,183,R,2096,R,900,R,1196,R,3,R,2,R,1,R,3473,R,1658,R,1815,R,267,R,116,R,151,R,124,R,57,R,67,R,169,R,118,R,51,A,,A,,2025
229115,25,-2,1,R,23754,R,12002,R,11752,R,85,R,39,R,46,R,819,R,435,R,384,R,1466,R,817,R,649,R,7124,R,3380,R,3744,R,17,R,7,R,10,R,12284,R,6259,R,6025,R,1117,R,538,R,579,R,296,R,158,R,138,R,546,R,369,R,177,A,,A,,2025
229115,31,-2,1,R,35,R,20,R,15,Z,0,Z,0,Z,0,R,1,Z,0,R,1,R,12,R,9,R,3,R,6,R,2,R,4,Z,0,Z,0,Z,0,R,8,R,5,R,3,R,1,R,1,Z,0,R,3,R,1,R,2,R,4,R,2,R,2,A,,A,,2025
229115,32,-2,3,R,6135,R,2939,R,3196,R,17,R,6,R,11,R,180,R,82,R,98,R,249,R,98,R,151,R,932,R,395,R,537,R,3,R,1,R,2,R,2343,R,1019,R,1324,R,191,R,82,R,109,R,27,R,15,R,12,R,2193,R,1241,R,952,A,,A,,2025
229115,39,-2,1,R,2951,R,1426,R,1525,R,10,R,5,R,5,R,80,R,41,R,39,R,208,R,96,R,112,R,1089,R,469,R,620,R,2,R,1,R,1,R,1316,R,676,R,640,R,114,R,56,R,58,R,50,R,26,R,24,R,82,R,56,R,26,A,,A,,2025
229115,40,-2,1,R,20803,R,10576,R,10227,R,75,R,34,R,41,R,739,R,394,R,345,R,1258,R,721,R,537,R,6035,R,2911,R,3124,R,15,R,6,R,9,R,10968,R,5583,R,5385,R,1003,R,482,R,521,R,246,R,132,R,114,R,464,R,313,R,151,A,,A,,2025
229115,41,-2,999,R,7206,R,3091,R,4115,R,20,R,8,R,12,R,232,R,99,R,133,R,510,R,238,R,272,R,2107,R,842,R,1265,R,9,R,7,R,2,R,3637,R,1580,R,2057,R,238,R,99,R,139,R,211,R,81,R,130,R,242,R,137,R,105,A,,A,,2025
229115,42,-2,1,R,3920,R,1922,R,1998,R,14,R,7,R,7,R,109,R,53,R,56,R,279,R,155,R,124,R,1321,R,580,R,741,R,6,R,5,R,1,R,1924,R,994,R,930,R,159,R,71,R,88,R,75,R,39,R,36,R,33,R,18,R,15,A,,A,,2025
229115,43,-2,1,R,3686,R,1834,R,1852,R,14,R,7,R,7,R,95,R,49,R,46,R,252,R,145,R,107,R,1252,R,556,R,696,R,5,R,4,R,1,R,1843,R,964,R,879,R,155,R,70,R,85,R,37,R,21,R,16,R,33,R,18,R,15,A,,A,,2025
229115,44,-2,1,R,114,R,48,R,66,R,2,R,1,R,1,R,3,R,2,R,1,R,14,R,11,R,3,R,38,R,14,R,24,Z,0,Z,0,Z,0,R,42,R,16,R,26,R,10,R,2,R,8,R,2,R,2,Z,0,R,3,Z,0,R,3,A,,A,,2025
229115,45,-2,1,R,3572,R,1786,R,1786,R,12,R,6,R,6,R,92,R,47,R,45,R,238,R,134,R,104,R,1214,R,542,R,672,R,5,R,4,R,1,R,1801,R,948,R,853,R,145,R,68,R,77,R,35,R,19,R,16,R,30,R,18,R,12,A,,A,,2025
229115,51,-2,1,R,234,R,88,R,146,Z,0,Z,0,Z,0,R,14,R,4,R,10,R,27,R,10,R,17,R,69,R,24,R,45,R,1,R,1,Z,0,R,81,R,30,R,51,R,4,R,1,R,3,R,38,R,18,R,20,Z,0,Z,0,Z,0,A,,A,,2025
229115,52,-2,3,R,3286,R,1169,R,2117,R,6,R,1,R,5,R,123,R,46,R,77,R,231,R,83,R,148,R,786,R,262,R,524,R,3,R,2,R,1,R,1713,R,586,R,1127,R,79,R,28,R,51,R,136,R,42,R,94,R,209,R,119,R,90,A,,A,,2025
229115,59,-2,1,R,697,R,246,R,451,Z,0,Z,0,Z,0,R,17,R,6,R,11,R,67,R,24,R,43,R,260,R,79,R,181,Z,0,Z,0,Z,0,R,318,R,128,R,190,R,26,R,6,R,20,R,6,R,3,R,3,R,3,Z,0,R,3,A,,A,,2025
229115,60,-2,1,R,2875,R,1540,R,1335,R,12,R,6,R,6,R,75,R,41,R,34,R,171,R,110,R,61,R,954,R,463,R,491,R,5,R,4,R,1,R,1483,R,820,R,663,R,119,R,62,R,57,R,29,R,16,R,13,R,27,R,18,R,9,A,,A,,2025
229179,1,1,999,R,19223,R,2085,R,17138,R,59,R,8,R,51,R,1799,R,297,R,1502,R,3269,R,221,R,3048,R,6271,R,612,R,5659,R,18,R,3,R,15,R,6359,R,772,R,5587,R,694,R,69,R,625,R,474,R,66,R,408,R,280,R,37,R,243,R,0.0,R,19223.0,2025
229179,2,2,1,R,11824,R,1457,R,10367,R,39,R,4,R,35,R,1004,R,188,R,816,R,2015,R,138,R,1877,R,4451,R,457,R,3994,R,12,R,2,R,10,R,3450,R,556,R,2894,R,431,R,47,R,384,R,287,R,50,R,237,R,135,R,15,R,120,R,0.0,R,11824.0,2025
229179,3,-2,1,R,10334,R,879,R,9455,R,31,R,1,R,30,R,901,R,153,R,748,R,1911,R,108,R,1803,R,4103,R,314,R,3789,R,11,R,1,R,10,R,2674,R,246,R,2428,R,374,R,29,R,345,R,199,R,13,R,186,R,130,R,14,R,116,A,,A,,2025
229179,4,-2,1,R,1713,R,109,R,1604,R,5,R,0,R,5,R,105,R,15,R,90,R,336,R,11,R,325,R,821,R,49,R,772,R,3,R,0,R,3,R,325,R,29,R,296,R,62,R,3,R,59,R,43,R,1,R,42,R,13,R,1,R,12,A,,A,,2025
229179,5,-2,1,R,8621,R,770,R,7851,R,26,R,1,R,25,R,796,R,138,R,658,R,1575,R,97,R,1478,R,3282,R,265,R,3017,R,8,R,1,R,7,R,2349,R,217,R,2132,R,312,R,26,R,286,R,156,R,12,R,144,R,117,R,13,R,104,A,,A,,2025
229179,11,-2,1,R,1490,R,578,R,912,R,8,R,3,R,5,R,103,R,35,R,68,R,104,R,30,R,74,R,348,R,143,R,205,R,1,R,1,R,0,R,776,R,310,R,466,R,57,R,18,R,39,R,88,R,37,R,51,R,5,R,1,R,4,A,,A,,2025
229179,12,4,3,R,7399,R,628,R,6771,R,20,R,4,R,16,R,795,R,109,R,686,R,1254,R,83,R,1171,R,1820,R,155,R,1665,R,6,R,1,R,5,R,2909,R,216,R,2693,R,263,R,22,R,241,R,187,R,16,R,171,R,145,R,22,R,123,R,0.0,R,7399.0,2025
229179,19,-2,1,R,2020,R,193,R,1827,R,7,R,1,R,6,R,171,R,29,R,142,R,360,R,27,R,333,R,706,R,70,R,636,R,3,R,1,R,2,R,597,R,49,R,548,R,83,R,5,R,78,R,43,R,5,R,38,R,50,R,6,R,44,A,,A,,2025
229179,20,-2,1,R,6601,R,577,R,6024,R,19,R,0,R,19,R,625,R,109,R,516,R,1215,R,70,R,1145,R,2576,R,195,R,2381,R,5,R,0,R,5,R,1752,R,168,R,1584,R,229,R,21,R,208,R,113,R,7,R,106,R,67,R,7,R,60,A,,A,,2025
229179,21,-2,999,R,10848,R,919,R,9929,R,27,R,2,R,25,R,1055,R,193,R,862,R,1898,R,104,R,1794,R,3910,R,298,R,3612,R,9,R,0,R,9,R,3120,R,252,R,2868,R,407,R,27,R,380,R,235,R,21,R,214,R,187,R,22,R,165,A,,A,,2025
229179,22,-2,1,R,7848,R,649,R,7199,R,22,R,1,R,21,R,728,R,128,R,600,R,1450,R,75,R,1375,R,3156,R,236,R,2920,R,7,R,0,R,7,R,1925,R,169,R,1756,R,293,R,16,R,277,R,154,R,13,R,141,R,113,R,11,R,102,A,,A,,2025
229179,23,-2,1,R,7833,R,645,R,7188,R,22,R,1,R,21,R,725,R,128,R,597,R,1448,R,74,R,1374,R,3154,R,235,R,2919,R,7,R,0,R,7,R,1917,R,167,R,1750,R,293,R,16,R,277,R,154,R,13,R,141,R,113,R,11,R,102,A,,A,,2025
229179,24,-2,1,R,1651,R,102,R,1549,R,4,R,0,R,4,R,105,R,15,R,90,R,321,R,10,R,311,R,796,R,47,R,749,R,3,R,0,R,3,R,310,R,26,R,284,R,58,R,2,R,56,R,42,R,1,R,41,R,12,R,1,R,11,A,,A,,2025
229179,25,-2,1,R,6182,R,543,R,5639,R,18,R,1,R,17,R,620,R,113,R,507,R,1127,R,64,R,1063,R,2358,R,188,R,2170,R,4,R,0,R,4,R,1607,R,141,R,1466,R,235,R,14,R,221,R,112,R,12,R,100,R,101,R,10,R,91,A,,A,,2025
229179,31,-2,1,R,15,R,4,R,11,R,0,R,0,R,0,R,3,R,0,R,3,R,2,R,1,R,1,R,2,R,1,R,1,R,0,R,0,R,0,R,8,R,2,R,6,R,0,R,0,R,0,R,0,R,0,R,0,R,0,R,0,R,0,A,,A,,2025
229179,32,-2,3,R,3000,R,270,R,2730,R,5,R,1,R,4,R,327,R,65,R,262,R,448,R,29,R,419,R,754,R,62,R,692,R,2,R,0,R,2,R,1195,R,83,R,1112,R,114,R,11,R,103,R,81,R,8,R,73,R,74,R,11,R,63,A,,A,,2025
229179,39,-2,1,R,1340,R,126,R,1214,R,4,R,1,R,3,R,125,R,22,R,103,R,242,R,17,R,225,R,450,R,48,R,402,R,1,R,0,R,1,R,392,R,27,R,365,R,59,R,3,R,56,R,26,R,5,R,21,R,41,R,3,R,38,A,,A,,2025
229179,40,-2,1,R,4842,R,417,R,4425,R,14,R,0,R,14,R,495,R,91,R,404,R,885,R,47,R,838,R,1908,R,140,R,1768,R,3,R,0,R,3,R,1215,R,114,R,1101,R,176,R,11,R,165,R,86,R,7,R,79,R,60,R,7,R,53,A,,A,,2025
229179,41,-2,999,R,8375,R,1166,R,7209,R,32,R,6,R,26,R,744,R,104,R,640,R,1371,R,117,R,1254,R,2361,R,314,R,2047,R,9,R,3,R,6,R,3239,R,520,R,2719,R,287,R,42,R,245,R,239,R,45,R,194,R,93,R,15,R,78,A,,A,,2025
229179,42,-2,1,R,3976,R,808,R,3168,R,17,R,3,R,14,R,276,R,60,R,216,R,565,R,63,R,502,R,1295,R,221,R,1074,R,5,R,2,R,3,R,1525,R,387,R,1138,R,138,R,31,R,107,R,133,R,37,R,96,R,22,R,4,R,18,A,,A,,2025
229179,43,-2,1,R,2501,R,234,R,2267,R,9,R,0,R,9,R,176,R,25,R,151,R,463,R,34,R,429,R,949,R,79,R,870,R,4,R,1,R,3,R,757,R,79,R,678,R,81,R,13,R,68,R,45,R,0,R,45,R,17,R,3,R,14,A,,A,,2025
229179,44,-2,1,R,62,R,7,R,55,R,1,R,0,R,1,R,0,R,0,R,0,R,15,R,1,R,14,R,25,R,2,R,23,R,0,R,0,R,0,R,15,R,3,R,12,R,4,R,1,R,3,R,1,R,0,R,1,R,1,R,0,R,1,A,,A,,2025
229179,45,-2,1,R,2439,R,227,R,2212,R,8,R,0,R,8,R,176,R,25,R,151,R,448,R,33,R,415,R,924,R,77,R,847,R,4,R,1,R,3,R,742,R,76,R,666,R,77,R,12,R,65,R,44,R,0,R,44,R,16,R,3,R,13,A,,A,,2025
229179,51,-2,1,R,1475,R,574,R,901,R,8,R,3,R,5,R,100,R,35,R,65,R,102,R,29,R,73,R,346,R,142,R,204,R,1,R,1,R,0,R,768,R,308,R,460,R,57,R,18,R,39,R,88,R,37,R,51,R,5,R,1,R,4,A,,A,,2025
229179,52,-2,3,R,4399,R,358,R,4041,R,15,R,3,R,12,R,468,R,44,R,424,R,806,R,54,R,752,R,1066,R,93,R,973,R,4,R,1,R,3,R,1714,R,133,R,1581,R,149,R,11,R,138,R,106,R,8,R,98,R,71,R,11,R,60,A,,A,,2025
229179,59,-2,1,R,680,R,67,R,613,R,3,R,0,R,3,R,46,R,7,R,39,R,118,R,10,R,108,R,256,R,22,R,234,R,2,R,1,R,1,R,205,R,22,R,183,R,24,R,2,R,22,R,17,R,0,R,17,R,9,R,3,R,6,A,,A,,2025
229179,60,-2,1,R,1759,R,160,R,1599,R,5,R,0,R,5,R,130,R,18,R,112,R,330,R,23,R,307,R,668,R,55,R,613,R,2,R,0,R,2,R,537,R,54,R,483,R,53,R,10,R,43,R,27,R,0,R,27,R,7,R,0,R,7,A,,A,,2025
229300,1,1,999,R,5927,R,1769,R,4158,R,3,R,1,R,2,R,1313,R,405,R,908,R,687,R,130,R,557,R,1149,R,320,R,829,R,3,R,1,R,2,R,1650,R,509,R,1141,R,148,R,36,R,112,R,216,R,75,R,141,R,758,R,292,R,466,R,0.0,R,5927.0,2025
229300,2,2,1,R,869,R,136,R,733,R,0,R,0,R,0,R,245,R,51,R,194,R,125,R,16,R,109,R,267,R,36,R,231,R,1,R,0,R,1,R,186,R,25,R,161,R,25,R,4,R,21,R,15,R,3,R,12,R,5,R,1,R,4,R,0.0,R,869.0,2025
229300,3,-2,1,R,858,R,135,R,723,R,0,R,0,R,0,R,241,R,50,R,191,R,121,R,16,R,105,R,265,R,36,R,229,R,1,R,0,R,1,R,185,R,25,R,160,R,25,R,4,R,21,R,15,R,3,R,12,R,5,R,1,R,4,A,,A,,2025
229300,5,-2,1,R,858,R,135,R,723,R,0,R,0,R,0,R,241,R,50,R,191,R,121,R,16,R,105,R,265,R,36,R,229,R,1,R,0,R,1,R,185,R,25,R,160,R,25,R,4,R,21,R,15,R,3,R,12,R,5,R,1,R,4,A,,A,,2025
229300,11,-2,1,R,11,R,1,R,10,Z,0,Z,0,Z,0,R,4,R,1,R,3,R,4,Z,0,R,4,R,2,Z,0,R,2,Z,0,Z,0,Z,0,R,1,Z,0,R,1,Z,0,Z,0,Z,0,Z,0,Z,0,Z,0,R,0,R,0,Z,0,A,,A,,2025
229300,12,4,3,R,5058,R,1633,R,3425,R,3,R,1,R,2,R,1068,R,354,R,714,R,562,R,114,R,448,R,882,R,284,R,598,R,2,R,1,R,1,R,1464,R,484,R,980,R,123,R,32,R,91,R,201,R,72,R,129,R,753,R,291,R,462,R,0.0,R,5058.0,2025
229300,19,-2,1,R,164,R,29,R,135,R,0,R,0,R,0,R,53,R,10,R,43,R,22,R,2,R,20,R,45,R,9,R,36,R,1,R,0,R,1,R,33,R,6,R,27,R,4,R,0,R,4,R,4,R,1,R,3,R,2,R,1,R,1,A,,A,,2025
229300,20,-2,1,R,694,R,106,R,588,Z,0,Z,0,Z,0,R,188,R,40,R,148,R,99,R,14,R,85,R,220,R,27,R,193,R,0,Z,0,R,0,R,152,R,19,R,133,R,21,R,4,R,17,R,11,R,2,R,9,R,3,R,0,R,3,A,,A,,2025
229300,21,-2,999,R,4015,R,1273,R,2742,R,2,R,1,R,1,R,970,R,310,R,660,R,392,R,76,R,316,R,723,R,207,R,516,R,1,R,1,R,0,R,1144,R,390,R,754,R,97,R,30,R,67,R,115,R,42,R,73,R,571,R,216,R,355,A,,A,,2025
229300,22,-2,1,R,792,R,121,R,671,R,0,R,0,R,0,R,218,R,46,R,172,R,116,R,13,R,103,R,244,R,33,R,211,R,0,R,0,R,0,R,173,R,22,R,151,R,24,R,4,R,20,R,13,R,2,R,11,R,4,R,1,R,3,A,,A,,2025
229300,23,-2,1,R,781,R,120,R,661,R,0,R,0,R,0,R,214,R,45,R,169,R,112,R,13,R,99,R,242,R,33,R,209,R,0,R,0,R,0,R,172,R,22,R,150,R,24,R,4,R,20,R,13,R,2,R,11,R,4,R,1,R,3,A,,A,,2025
229300,25,-2,1,R,781,R,120,R,661,R,0,R,0,R,0,R,214,R,45,R,169,R,112,R,13,R,99,R,242,R,33,R,209,R,0,R,0,R,0,R,172,R,22,R,150,R,24,R,4,R,20,R,13,R,2,R,11,R,4,R,1,R,3,A,,A,,2025
229300,31,-2,1,R,11,R,1,R,10,Z,0,Z,0,Z,0,R,4,R,1,R,3,R,4,Z,0,R,4,R,2,Z,0,R,2,Z,0,Z,0,Z,0,R,1,Z,0,R,1,Z,0,Z,0,Z,0,Z,0,Z,0,Z,0,R,0,R,0,Z,0,A,,A,,2025
229300,32,-2,3,R,3223,R,1152,R,2071,R,2,R,1,R,1,R,752,R,264,R,488,R,276,R,63,R,213,R,479,R,174,R,305,R,1,R,1,R,0,R,971,R,368,R,603,R,73,R,26,R,47,R,102,R,40,R,62,R,567,R,215,R,352,A,,A,,2025
229300,39,-2,1,R,155,R,27,R,128,R,0,R,0,R,0,R,51,R,10,R,41,R,21,R,2,R,19,R,42,R,8,R,34,R,0,R,0,R,0,R,31,R,5,R,26,R,4,R,0,R,4,R,4,R,1,R,3,R,2,R,1,R,1,A,,A,,2025
229300,40,-2,1,R,626,R,93,R,533,Z,0,Z,0,Z,0,R,163,R,35,R,128,R,91,R,11,R,80,R,200,R,25,R,175,R,0,Z,0,R,0,R,141,R,17,R,124,R,20,R,4,R,16,R,9,R,1,R,8,R,2,R,0,R,2,A,,A,,2025
229300,41,-2,999,R,1912,R,496,R,1416,R,1,R,0,R,1,R,343,R,95,R,248,R,295,R,54,R,241,R,426,R,113,R,313,R,2,R,0,R,2,R,506,R,119,R,387,R,51,R,6,R,45,R,101,R,33,R,68,R,187,R,76,R,111,A,,A,,2025
229300,42,-2,1,R,77,R,15,R,62,Z,0,Z,0,Z,0,R,27,R,5,R,22,R,9,R,3,R,6,R,23,R,3,R,20,R,1,Z,0,R,1,R,13,R,3,R,10,R,1,R,0,R,1,R,2,R,1,R,1,R,1,R,0,R,1,A,,A,,2025
229300,43,-2,1,R,77,R,15,R,62,Z,0,Z,0,Z,0,R,27,R,5,R,22,R,9,R,3,R,6,R,23,R,3,R,20,R,1,Z,0,R,1,R,13,R,3,R,10,R,1,R,0,R,1,R,2,R,1,R,1,R,1,R,0,R,1,A,,A,,2025
229300,45,-2,1,R,77,R,15,R,62,Z,0,Z,0,Z,0,R,27,R,5,R,22,R,9,R,3,R,6,R,23,R,3,R,20,R,1,Z,0,R,1,R,13,R,3,R,10,R,1,R,0,R,1,R,2,R,1,R,1,R,1,R,0,R,1,A,,A,,2025
229300,52,-2,3,R,1835,R,481,R,1354,R,1,R,0,R,1,R,316,R,90,R,226,R,286,R,51,R,235,R,403,R,110,R,293,R,1,R,0,R,1,R,493,R,116,R,377,R,50,R,6,R,44,R,99,R,32,R,67,R,186,R,76,R,110,A,,A,,2025
229300,59,-2,1,R,9,R,2,R,7,Z,0,Z,0,Z,0,R,2,Z,0,R,2,R,1,Z,0,R,1,R,3,R,1,R,2,R,1,Z,0,R,1,R,2,R,1,R,1,R,0,Z,0,R,0,R,0,Z,0,R,0,R,0,Z,0,R,0,A,,A,,2025
229300,60,-2,1,R,68,R,13,R,55,Z,0,Z,0,Z,0,R,25,R,5,R,20,R,8,R,3,R,5,R,20,R,2,R,18,R,0,Z,0,R,0,R,11,R,2,R,9,R,1,R,0,R,1,R,2,R,1,R,1,R,1,R,0,R,1,A,,A,,2025
229337,1,1,999,R,6729,R,1527,R,5202,R,29,R,2,R,27,R,629,R,193,R,436,R,610,R,139,R,471,R,1941,R,393,R,1548,R,7,R,2,R,5,R,3208,R,689,R,2519,R,174,R,54,R,120,R,58,R,24,R,34,R,73,R,31,R,42,R,0.0,R,6729.0,2025
229337,2,2,1,R,2344,R,301,R,2043,R,11,R,1,R,10,R,110,R,23,R,87,R,247,R,43,R,204,R,851,R,114,R,737,R,3,Z,0,R,3,R,1046,R,109,R,937,R,62,R,7,R,55,R,7,R,2,R,5,R,7,R,2,R,5,R,0.0,R,2344.0,2025
229337,3,-2,1,R,2344,R,301,R,2043,R,11,R,1,R,10,R,110,R,23,R,87,R,247,R,43,R,204,R,851,R,114,R,737,R,3,Z,0,R,3,R,1046,R,109,R,937,R,62,R,7,R,55,R,7,R,2,R,5,R,7,R,2,R,5,A,,A,,2025
229337,5,-2,1,R,2344,R,301,R,2043,R,11,R,1,R,10,R,110,R,23,R,87,R,247,R,43,R,204,R,851,R,114,R,737,R,3,Z,0,R,3,R,1046,R,109,R,937,R,62,R,7,R,55,R,7,R,2,R,5,R,7,R,2,R,5,A,,A,,2025
229337,12,4,3,R,4385,R,1226,R,3159,R,18,R,1,R,17,R,519,R,170,R,349,R,363,R,96,R,267,R,1090,R,279,R,811,R,4,R,2,R,2,R,2162,R,580,R,1582,R,112,R,47,R,65,R,51,R,22,R,29,R,66,R,29,R,37,R,0.0,R,4385.0,2025
229337,19,-2,1,R,1406,R,179,R,1227,R,7,R,1,R,6,R,69,R,11,R,58,R,157,R,24,R,133,R,528,R,65,R,463,R,2,Z,0,R,2,R,600,R,71,R,529,R,31,R,5,R,26,R,6,R,1,R,5,R,6,R,1,R,5,A,,A,,2025
229337,20,-2,1,R,938,R,122,R,816,R,4,Z,0,R,4,R,41,R,12,R,29,R,90,R,19,R,71,R,323,R,49,R,274,R,1,Z,0,R,1,R,446,R,38,R,408,R,31,R,2,R,29,R,1,R,1,Z,0,R,1,R,1,Z,0,A,,A,,2025
229337,21,-2,999,R,5074,R,1207,R,3867,R,18,R,2,R,16,R,537,R,177,R,360,R,438,R,106,R,332,R,1456,R,299,R,1157,R,4,R,1,R,3,R,2366,R,528,R,1838,R,143,R,46,R,97,R,42,R,19,R,23,R,70,R,29,R,41,A,,A,,2025
229337,22,-2,1,R,2119,R,267,R,1852,R,9,R,1,R,8,R,101,R,23,R,78,R,221,R,37,R,184,R,762,R,98,R,664,R,3,Z,0,R,3,R,948,R,97,R,851,R,62,R,7,R,55,R,6,R,2,R,4,R,7,R,2,R,5,A,,A,,2025
229337,23,-2,1,R,2119,R,267,R,1852,R,9,R,1,R,8,R,101,R,23,R,78,R,221,R,37,R,184,R,762,R,98,R,664,R,3,Z,0,R,3,R,948,R,97,R,851,R,62,R,7,R,55,R,6,R,2,R,4,R,7,R,2,R,5,A,,A,,2025
229337,25,-2,1,R,2119,R,267,R,1852,R,9,R,1,R,8,R,101,R,23,R,78,R,221,R,37,R,184,R,762,R,98,R,664,R,3,Z,0,R,3,R,948,R,97,R,851,R,62,R,7,R,55,R,6,R,2,R,4,R,7,R,2,R,5,A,,A,,2025
229337,32,-2,3,R,2955,R,940,R,2015,R,9,R,1,R,8,R,436,R,154,R,282,R,217,R,69,R,148,R,694,R,201,R,493,R,1,R,1,Z,0,R,1418,R,431,R,987,R,81,R,39,R,42,R,36,R,17,R,19,R,63,R,27,R,36,A,,A,,2025
229337,39,-2,1,R,1305,R,168,R,1137,R,5,R,1,R,4,R,67,R,11,R,56,R,149,R,24,R,125,R,488,R,60,R,428,R,2,Z,0,R,2,R,552,R,65,R,487,R,31,R,5,R,26,R,5,R,1,R,4,R,6,R,1,R,5,A,,A,,2025
229337,40,-2,1,R,814,R,99,R,715,R,4,Z,0,R,4,R,34,R,12,R,22,R,72,R,13,R,59,R,274,R,38,R,236,R,1,Z,0,R,1,R,396,R,32,R,364,R,31,R,2,R,29,R,1,R,1,Z,0,R,1,R,1,Z,0,A,,A,,2025
229337,41,-2,999,R,1655,R,320,R,1335,R,11,Z,0,R,11,R,92,R,16,R,76,R,172,R,33,R,139,R,485,R,94,R,391,R,3,R,1,R,2,R,842,R,161,R,681,R,31,R,8,R,23,R,16,R,5,R,11,R,3,R,2,R,1,A,,A,,2025
229337,42,-2,1,R,225,R,34,R,191,R,2,Z,0,R,2,R,9,Z,0,R,9,R,26,R,6,R,20,R,89,R,16,R,73,Z,0,Z,0,Z,0,R,98,R,12,R,86,Z,0,Z,0,Z,0,R,1,Z,0,R,1,Z,0,Z,0,Z,0,A,,A,,2025
229337,43,-2,1,R,225,R,34,R,191,R,2,Z,0,R,2,R,9,Z,0,R,9,R,26,R,6,R,20,R,89,R,16,R,73,Z,0,Z,0,Z,0,R,98,R,12,R,86,Z,0,Z,0,Z,0,R,1,Z,0,R,1,Z,0,Z,0,Z,0,A,,A,,2025
229337,45,-2,1,R,225,R,34,R,191,R,2,Z,0,R,2,R,9,Z,0,R,9,R,26,R,6,R,20,R,89,R,16,R,73,Z,0,Z,0,Z,0,R,98,R,12,R,86,Z,0,Z,0,Z,0,R,1,Z,0,R,1,Z,0,Z,0,Z,0,A,,A,,2025
229337,52,-2,3,R,1430,R,286,R,1144,R,9,Z,0,R,9,R,83,R,16,R,67,R,146,R,27,R,119,R,396,R,78,R,318,R,3,R,1,R,2,R,744,R,149,R,595,R,31,R,8,R,23,R,15,R,5,R,10,R,3,R,2,R,1,A,,A,,2025
229337,59,-2,1,R,101,R,11,R,90,R,2,Z,0,R,2,R,2,Z,0,R,2,R,8,Z,0,R,8,R,40,R,5,R,35,Z,0,Z,0,Z,0,R,48,R,6,R,42,Z,0,Z,0,Z,0,R,1,Z,0,R,1,Z,0,Z,0,Z,0,A,,A,,2025
229337,60,-2,1,R,124,R,23,R,101,Z,0,Z,0,Z,0,R,7,Z,0,R,7,R,18,R,6,R,12,R,49,R,11,R,38,Z,0,Z,0,Z,0,R,50,R,6,R,44,Z,0,Z,0,Z,0,Z,0,Z,0,Z,0,Z,0,Z,0,Z,0,A,,A,,2025
229355,1,1,999,R,16253,R,5920,R,10333,R,72,R,32,R,40,R,288,R,133,R,155,R,2563,R,873,R,1690,R,4463,R,1471,R,2992,R,10,R,9,R,1,R,7423,R,2792,R,4631,R,806,R,301,R,505,R,437,R,197,R,240,R,191,R,112,R,79,R,0.0,R,16253.0,2025
229355,2,2,1,R,16253,R,5920,R,10333,R,72,R,32,R,40,R,288,R,133,R,155,R,2563,R,873,R,1690,R,4463,R,1471,R,2992,R,10,R,9,R,1,R,7423,R,2792,R,4631,R,806,R,301,R,505,R,437,R,197,R,240,R,191,R,112,R,79,R,0.0,R,16253.0,2025
229355,3,-2,1,R,11643,R,4135,R,7508,R,49,R,21,R,28,R,154,R,68,R,86,R,2148,R,721,R,1427,R,3060,R,1004,R,2056,R,10,R,9,R,1,R,5254,R,1907,R,3347,R,598,R,216,R,382,R,189,R,82,R,107,R,181,R,107,R,74,A,,A,,2025
229355,4,-2,1,R,3505,R,1393,R,2112,R,16,R,6,R,10,R,40,R,17,R,23,R,721,R,295,R,426,R,961,R,341,R,620,R,6,R,5,R,1,R,1473,R,598,R,875,R,175,R,71,R,104,R,62,R,31,R,31,R,51,R,29,R,22,A,,A,,2025
229355,5,-2,1,R,8138,R,2742,R,5396,R,33,R,15,R,18,R,114,R,51,R,63,R,1427,R,426,R,1001,R,2099,R,663,R,1436,R,4,R,4,R,0,R,3781,R,1309,R,2472,R,423,R,145,R,278,R,127,R,51,R,76,R,130,R,78,R,52,A,,A,,2025
229355,11,-2,1,R,4610,R,1785,R,2825,R,23,R,11,R,12,R,134,R,65,R,69,R,415,R,152,R,263,R,1403,R,467,R,936,R,0,R,0,R,0,R,2169,R,885,R,1284,R,208,R,85,R,123,R,248,R,115,R,133,R,10,R,5,R,5,A,,A,,2025
229355,19,-2,1,R,1384,R,521,R,863,R,10,R,3,R,7,R,26,R,14,R,12,R,316,R,122,R,194,R,138,R,50,R,88,R,1,R,1,R,0,R,733,R,264,R,469,R,81,R,31,R,50,R,54,R,20,R,34,R,25,R,16,R,9,A,,A,,2025
229355,20,-2,1,R,6754,R,2221,R,4533,R,23,R,12,R,11,R,88,R,37,R,51,R,1111,R,304,R,807,R,1961,R,613,R,1348,R,3,R,3,R,0,R,3048,R,1045,R,2003,R,342,R,114,R,228,R,73,R,31,R,42,R,105,R,62,R,43,A,,A,,2025
229355,21,-2,999,R,5818,R,2288,R,3530,R,29,R,14,R,15,R,64,R,33,R,31,R,1121,R,429,R,692,R,1556,R,569,R,987,R,5,R,4,R,1,R,2502,R,996,R,1506,R,314,R,119,R,195,R,102,R,49,R,53,R,125,R,75,R,50,A,,A,,2025
229355,22,-2,1,R,5818,R,2288,R,3530,R,29,R,14,R,15,R,64,R,33,R,31,R,1121,R,429,R,692,R,1556,R,569,R,987,R,5,R,4,R,1,R,2502,R,996,R,1506,R,314,R,119,R,195,R,102,R,49,R,53,R,125,R,75,R,50,A,,A,,2025
229355,23,-2,1,R,5518,R,2160,R,3358,R,29,R,14,R,15,R,55,R,29,R,26,R,1094,R,419,R,675,R,1430,R,523,R,907,R,5,R,4,R,1,R,2380,R,936,R,1444,R,304,R,115,R,189,R,96,R,45,R,51,R,125,R,75,R,50,A,,A,,2025
229355,24,-2,1,R,2411,R,965,R,1446,R,14,R,6,R,8,R,22,R,13,R,9,R,508,R,210,R,298,R,670,R,243,R,427,R,4,R,3,R,1,R,991,R,401,R,590,R,114,R,43,R,71,R,39,R,18,R,21,R,49,R,28,R,21,A,,A,,2025
229355,25,-2,1,R,3107,R,1195,R,1912,R,15,R,8,R,7,R,33,R,16,R,17,R,586,R,209,R,377,R,760,R,280,R,480,R,1,R,1,R,0,R,1389,R,535,R,854,R,190,R,72,R,118,R,57,R,27,R,30,R,76,R,47,R,29,A,,A,,2025
229355,31,-2,1,R,300,R,128,R,172,R,0,R,0,R,0,R,9,R,4,R,5,R,27,R,10,R,17,R,126,R,46,R,80,R,0,R,0,R,0,R,122,R,60,R,62,R,10,R,4,R,6,R,6,R,4,R,2,R,0,R,0,R,0,A,,A,,2025
229355,39,-2,1,R,544,R,228,R,316,R,3,R,2,R,1,R,9,R,4,R,5,R,157,R,73,R,84,R,54,R,22,R,32,R,0,R,0,R,0,R,250,R,94,R,156,R,34,R,14,R,20,R,24,R,12,R,12,R,13,R,7,R,6,A,,A,,2025
229355,40,-2,1,R,2563,R,967,R,1596,R,12,R,6,R,6,R,24,R,12,R,12,R,429,R,136,R,293,R,706,R,258,R,448,R,1,R,1,R,0,R,1139,R,441,R,698,R,156,R,58,R,98,R,33,R,15,R,18,R,63,R,40,R,23,A,,A,,2025
229355,41,-2,999,R,10435,R,3632,R,6803,R,43,R,18,R,25,R,224,R,100,R,124,R,1442,R,444,R,998,R,2907,R,902,R,2005,R,5,R,5,R,0,R,4921,R,1796,R,3125,R,492,R,182,R,310,R,335,R,148,R,187,R,66,R,37,R,29,A,,A,,2025
229355,42,-2,1,R,10435,R,3632,R,6803,R,43,R,18,R,25,R,224,R,100,R,124,R,1442,R,444,R,998,R,2907,R,902,R,2005,R,5,R,5,R,0,R,4921,R,1796,R,3125,R,492,R,182,R,310,R,335,R,148,R,187,R,66,R,37,R,29,A,,A,,2025
229355,43,-2,1,R,6125,R,1975,R,4150,R,20,R,7,R,13,R,99,R,39,R,60,R,1054,R,302,R,752,R,1630,R,481,R,1149,R,5,R,5,R,0,R,2874,R,971,R,1903,R,294,R,101,R,193,R,93,R,37,R,56,R,56,R,32,R,24,A,,A,,2025
229355,44,-2,1,R,1094,R,428,R,666,R,2,R,0,R,2,R,18,R,4,R,14,R,213,R,85,R,128,R,291,R,98,R,193,R,2,R,2,R,0,R,482,R,197,R,285,R,61,R,28,R,33,R,23,R,13,R,10,R,2,R,1,R,1,A,,A,,2025
229355,45,-2,1,R,5031,R,1547,R,3484,R,18,R,7,R,11,R,81,R,35,R,46,R,841,R,217,R,624,R,1339,R,383,R,956,R,3,R,3,R,0,R,2392,R,774,R,1618,R,233,R,73,R,160,R,70,R,24,R,46,R,54,R,31,R,23,A,,A,,2025
229355,51,-2,1,R,4310,R,1657,R,2653,R,23,R,11,R,12,R,125,R,61,R,64,R,388,R,142,R,246,R,1277,R,421,R,856,R,0,R,0,R,0,R,2047,R,825,R,1222,R,198,R,81,R,117,R,242,R,111,R,131,R,10,R,5,R,5,A,,A,,2025
229355,59,-2,1,R,840,R,293,R,547,R,7,R,1,R,6,R,17,R,10,R,7,R,159,R,49,R,110,R,84,R,28,R,56,R,1,R,1,R,0,R,483,R,170,R,313,R,47,R,17,R,30,R,30,R,8,R,22,R,12,R,9,R,3,A,,A,,2025
229355,60,-2,1,R,4191,R,1254,R,2937,R,11,R,6,R,5,R,64,R,25,R,39,R,682,R,168,R,514,R,1255,R,355,R,900,R,2,R,2,R,0,R,1909,R,604,R,1305,R,186,R,56,R,130,R,40,R,16,R,24,R,42,R,22,R,20,A,,A,,2025
229504,1,1,999,R,2834,R,974,R,1860,R,30,R,12,R,18,R,61,R,29,R,32,R,219,R,65,R,154,R,789,R,237,R,552,R,4,R,2,R,2,R,1444,R,530,R,914,R,91,R,23,R,68,R,188,R,71,R,117,R,8,R,5,R,3,R,0.0,R,2834.0,2025
229504,2,2,1,R,2834,R,974,R,1860,R,30,R,12,R,18,R,61,R,29,R,32,R,219,R,65,R,154,R,789,R,237,R,552,R,4,R,2,R,2,R,1444,R,530,R,914,R,91,R,23,R,68,R,188,R,71,R,117,R,8,R,5,R,3,R,0.0,R,2834.0,2025
229504,3,-2,1,R,1971,R,635,R,1336,R,19,R,8,R,11,R,35,R,14,R,21,R,172,R,50,R,122,R,606,R,177,R,429,R,4,R,2,R,2,R,939,R,320,R,619,R,61,R,17,R,44,R,127,R,42,R,85,R,8,R,5,R,3,A,,A,,2025
229504,4,-2,1,R,443,R,178,R,265,R,7,R,3,R,4,R,5,R,4,R,1,R,36,R,11,R,25,R,133,R,49,R,84,Z,0,Z,0,Z,0,R,212,R,93,R,119,R,5,R,2,R,3,R,39,R,13,R,26,R,6,R,3,R,3,A,,A,,2025
229504,5,-2,1,R,1528,R,457,R,1071,R,12,R,5,R,7,R,30,R,10,R,20,R,136,R,39,R,97,R,473,R,128,R,345,R,4,R,2,R,2,R,727,R,227,R,500,R,56,R,15,R,41,R,88,R,29,R,59,R,2,R,2,Z,0,A,,A,,2025
229504,11,-2,1,R,863,R,339,R,524,R,11,R,4,R,7,R,26,R,15,R,11,R,47,R,15,R,32,R,183,R,60,R,123,Z,0,Z,0,Z,0,R,505,R,210,R,295,R,30,R,6,R,24,R,61,R,29,R,32,Z,0,Z,0,Z,0,A,,A,,2025
229504,19,-2,1,R,358,R,107,R,251,R,6,R,2,R,4,R,10,R,3,R,7,R,44,R,16,R,28,R,86,R,21,R,65,R,3,R,2,R,1,R,169,R,51,R,118,R,14,R,3,R,11,R,25,R,8,R,17,R,1,R,1,Z,0,A,,A,,2025
229504,20,-2,1,R,1170,R,350,R,820,R,6,R,3,R,3,R,20,R,7,R,13,R,92,R,23,R,69,R,387,R,107,R,280,R,1,Z,0,R,1,R,558,R,176,R,382,R,42,R,12,R,30,R,63,R,21,R,42,R,1,R,1,Z,0,A,,A,,2025
229504,21,-2,999,R,867,R,341,R,526,R,12,R,5,R,7,R,10,R,5,R,5,R,63,R,19,R,44,R,241,R,93,R,148,R,2,R,1,R,1,R,446,R,180,R,266,R,26,R,9,R,17,R,60,R,24,R,36,R,7,R,5,R,2,A,,A,,2025
229504,22,-2,1,R,867,R,341,R,526,R,12,R,5,R,7,R,10,R,5,R,5,R,63,R,19,R,44,R,241,R,93,R,148,R,2,R,1,R,1,R,446,R,180,R,266,R,26,R,9,R,17,R,60,R,24,R,36,R,7,R,5,R,2,A,,A,,2025
229504,23,-2,1,R,767,R,304,R,463,R,10,R,5,R,5,R,8,R,4,R,4,R,54,R,17,R,37,R,213,R,81,R,132,R,2,R,1,R,1,R,397,R,161,R,236,R,22,R,9,R,13,R,54,R,21,R,33,R,7,R,5,R,2,A,,A,,2025
229504,24,-2,1,R,288,R,120,R,168,R,5,R,2,R,3,R,3,R,2,R,1,R,15,R,6,R,9,R,85,R,35,R,50,Z,0,Z,0,Z,0,R,148,R,62,R,86,R,4,R,2,R,2,R,23,R,8,R,15,R,5,R,3,R,2,A,,A,,2025
229504,25,-2,1,R,479,R,184,R,295,R,5,R,3,R,2,R,5,R,2,R,3,R,39,R,11,R,28,R,128,R,46,R,82,R,2,R,1,R,1,R,249,R,99,R,150,R,18,R,7,R,11,R,31,R,13,R,18,R,2,R,2,Z,0,A,,A,,2025
229504,31,-2,1,R,100,R,37,R,63,R,2,Z,0,R,2,R,2,R,1,R,1,R,9,R,2,R,7,R,28,R,12,R,16,Z,0,Z,0,Z,0,R,49,R,19,R,30,R,4,Z,0,R,4,R,6,R,3,R,3,Z,0,Z,0,Z,0,A,,A,,2025
229504,39,-2,1,R,114,R,43,R,71,R,3,R,1,R,2,R,2,Z,0,R,2,R,13,R,5,R,8,R,20,R,7,R,13,R,1,R,1,Z,0,R,58,R,22,R,36,R,6,R,1,R,5,R,10,R,5,R,5,R,1,R,1,Z,0,A,,A,,2025
229504,40,-2,1,R,365,R,141,R,224,R,2,R,2,Z,0,R,3,R,2,R,1,R,26,R,6,R,20,R,108,R,39,R,69,R,1,Z,0,R,1,R,191,R,77,R,114,R,12,R,6,R,6,R,21,R,8,R,13,R,1,R,1,Z,0,A,,A,,2025
229504,41,-2,999,R,1967,R,633,R,1334,R,18,R,7,R,11,R,51,R,24,R,27,R,156,R,46,R,110,R,548,R,144,R,404,R,2,R,1,R,1,R,998,R,350,R,648,R,65,R,14,R,51,R,128,R,47,R,81,R,1,R,0,R,1,A,,A,,2025
229504,42,-2,1,R,1967,R,633,R,1334,R,18,R,7,R,11,R,51,R,24,R,27,R,156,R,46,R,110,R,548,R,144,R,404,R,2,R,1,R,1,R,998,R,350,R,648,R,65,R,14,R,51,R,128,R,47,R,81,R,1,R,0,R,1,A,,A,,2025
229504,43,-2,1,R,1204,R,331,R,873,R,9,R,3,R,6,R,27,R,10,R,17,R,118,R,33,R,85,R,393,R,96,R,297,R,2,R,1,R,1,R,542,R,159,R,383,R,39,R,8,R,31,R,73,R,21,R,52,R,1,R,0,R,1,A,,A,,2025
229504,44,-2,1,R,155,R,58,R,97,R,2,R,1,R,1,R,2,R,2,Z,0,R,21,R,5,R,16,R,48,R,14,R,34,Z,0,Z,0,Z,0,R,64,R,31,R,33,R,1,R,0,R,1,R,16,R,5,R,11,R,1,R,0,R,1,A,,A,,2025
229504,45,-2,1,R,1049,R,273,R,776,R,7,R,2,R,5,R,25,R,8,R,17,R,97,R,28,R,69,R,345,R,82,R,263,R,2,R,1,R,1,R,478,R,128,R,350,R,38,R,8,R,30,R,57,R,16,R,41,Z,0,Z,0,Z,0,A,,A,,2025
229504,51,-2,1,R,763,R,302,R,461,R,9,R,4,R,5,R,24,R,14,R,10,R,38,R,13,R,25,R,155,R,48,R,107,Z,0,Z,0,Z,0,R,456,R,191,R,265,R,26,R,6,R,20,R,55,R,26,R,29,Z,0,Z,0,Z,0,A,,A,,2025
229504,59,-2,1,R,244,R,64,R,180,R,3,R,1,R,2,R,8,R,3,R,5,R,31,R,11,R,20,R,66,R,14,R,52,R,2,R,1,R,1,R,111,R,29,R,82,R,8,R,2,R,6,R,15,R,3,R,12,Z,0,Z,0,Z,0,A,,A,,2025
229504,60,-2,1,R,805,R,209,R,596,R,4,R,1,R,3,R,17,R,5,R,12,R,66,R,17,R,49,R,279,R,68,R,211,Z,0,Z,0,Z,0,R,367,R,99,R,268,R,30,R,6,R,24,R,42,R,13,R,29,Z,0,Z,0,Z,0,A,,A,,2025
229540,1,1,999,R,4215,R,1441,R,2774,R,13,R,7,R,6,R,80,R,29,R,51,R,195,R,58,R,137,R,2323,R,784,R,1539,Z,0,Z,0,Z,0,R,1405,R,491,R,914,R,83,R,19,R,64,R,102,R,47,R,55,R,14,R,6,R,8,R,0.0,R,4215.0,2025
229540,2,2,1,R,4215,R,1441,R,2774,R,13,R,7,R,6,R,80,R,29,R,51,R,195,R,58,R,137,R,2323,R,784,R,1539,Z,0,Z,0,Z,0,R,1405,R,491,R,914,R,83,R,19,R,64,R,102,R,47,R,55,R,14,R,6,R,8,R,0.0,R,4215.0,2025
229540,3,-2,1,R,3186,R,1050,R,2136,R,7,R,3,R,4,R,61,R,23,R,38,R,174,R,51,R,123,R,1871,R,612,R,1259,Z,0,Z,0,Z,0,R,951,R,316,R,635,R,62,R,16,R,46,R,47,R,23,R,24,R,13,R,6,R,7,A,,A,,2025
229540,4,-2,1,R,681,R,304,R,377,R,2,Z,0,R,2,R,4,R,1,R,3,R,25,R,11,R,14,R,430,R,196,R,234,Z,0,Z,0,Z,0,R,191,R,84,R,107,R,10,R,2,R,8,R,17,R,8,R,9,R,2,R,2,Z,0,A,,A,,2025
229540,5,-2,1,R,2505,R,746,R,1759,R,5,R,3,R,2,R,57,R,22,R,35,R,149,R,40,R,109,R,1441,R,416,R,1025,Z,0,Z,0,Z,0,R,760,R,232,R,528,R,52,R,14,R,38,R,30,R,15,R,15,R,11,R,4,R,7,A,,A,,2025
229540,11,-2,1,R,1029,R,391,R,638,R,6,R,4,R,2,R,19,R,6,R,13,R,21,R,7,R,14,R,452,R,172,R,280,Z,0,Z,0,Z,0,R,454,R,175,R,279,R,21,R,3,R,18,R,55,R,24,R,31,R,1,Z,0,R,1,A,,A,,2025
229540,19,-2,1,R,382,R,132,R,250,R,2,R,2,Z,0,R,8,R,4,R,4,R,33,R,8,R,25,R,176,R,58,R,118,Z,0,Z,0,Z,0,R,142,R,49,R,93,R,12,R,6,R,6,R,6,R,3,R,3,R,3,R,2,R,1,A,,A,,2025
229540,20,-2,1,R,2123,R,614,R,1509,R,3,R,1,R,2,R,49,R,18,R,31,R,116,R,32,R,84,R,1265,R,358,R,907,Z,0,Z,0,Z,0,R,618,R,183,R,435,R,40,R,8,R,32,R,24,R,12,R,12,R,8,R,2,R,6,A,,A,,2025
229540,21,-2,999,R,1042,R,397,R,645,R,2,R,2,Z,0,R,13,R,5,R,8,R,52,R,13,R,39,R,603,R,232,R,371,Z,0,Z,0,Z,0,R,320,R,122,R,198,R,23,R,8,R,15,R,22,R,11,R,11,R,7,R,4,R,3,A,,A,,2025
229540,22,-2,1,R,1042,R,397,R,645,R,2,R,2,Z,0,R,13,R,5,R,8,R,52,R,13,R,39,R,603,R,232,R,371,Z,0,Z,0,Z,0,R,320,R,122,R,198,R,23,R,8,R,15,R,22,R,11,R,11,R,7,R,4,R,3,A,,A,,2025
229540,23,-2,1,R,1018,R,388,R,630,R,2,R,2,Z,0,R,13,R,5,R,8,R,52,R,13,R,39,R,590,R,226,R,364,Z,0,Z,0,Z,0,R,312,R,119,R,193,R,22,R,8,R,14,R,20,R,11,R,9,R,7,R,4,R,3,A,,A,,2025
229540,24,-2,1,R,333,R,153,R,180,Z,0,Z,0,Z,0,R,3,R,1,R,2,R,12,R,6,R,6,R,214,R,101,R,113,Z,0,Z,0,Z,0,R,91,R,39,R,52,R,4,Z,0,R,4,R,7,R,4,R,3,R,2,R,2,Z,0,A,,A,,2025
229540,25,-2,1,R,685,R,235,R,450,R,2,R,2,Z,0,R,10,R,4,R,6,R,40,R,7,R,33,R,376,R,125,R,251,Z,0,Z,0,Z,0,R,221,R,80,R,141,R,18,R,8,R,10,R,13,R,7,R,6,R,5,R,2,R,3,A,,A,,2025
229540,31,-2,1,R,24,R,9,R,15,Z,0,Z,0,Z,0,Z,0,Z,0,Z,0,Z,0,Z,0,Z,0,R,13,R,6,R,7,Z,0,Z,0,Z,0,R,8,R,3,R,5,R,1,Z,0,R,1,R,2,Z,0,R,2,Z,0,Z,0,Z,0,A,,A,,2025
229540,39,-2,1,R,117,R,50,R,67,R,1,R,1,Z,0,R,2,R,1,R,1,R,12,R,3,R,9,R,43,R,20,R,23,Z,0,Z,0,Z,0,R,46,R,18,R,28,R,7,R,4,R,3,R,3,R,1,R,2,R,3,R,2,R,1,A,,A,,2025
229540,40,-2,1,R,568,R,185,R,383,R,1,R,1,Z,0,R,8,R,3,R,5,R,28,R,4,R,24,R,333,R,105,R,228,Z,0,Z,0,Z,0,R,175,R,62,R,113,R,11,R,4,R,7,R,10,R,6,R,4,R,2,Z,0,R,2,A,,A,,2025
229540,41,-2,999,R,3173,R,1044,R,2129,R,11,R,5,R,6,R,67,R,24,R,43,R,143,R,45,R,98,R,1720,R,552,R,1168,Z,0,Z,0,Z,0,R,1085,R,369,R,716,R,60,R,11,R,49,R,80,R,36,R,44,R,7,R,2,R,5,A,,A,,2025
229540,42,-2,1,R,3173,R,1044,R,2129,R,11,R,5,R,6,R,67,R,24,R,43,R,143,R,45,R,98,R,1720,R,552,R,1168,Z,0,Z,0,Z,0,R,1085,R,369,R,716,R,60,R,11,R,49,R,80,R,36,R,44,R,7,R,2,R,5,A,,A,,2025
229540,43,-2,1,R,2168,R,662,R,1506,R,5,R,1,R,4,R,48,R,18,R,30,R,122,R,38,R,84,R,1281,R,386,R,895,Z,0,Z,0,Z,0,R,639,R,197,R,442,R,40,R,8,R,32,R,27,R,12,R,15,R,6,R,2,R,4,A,,A,,2025
229540,44,-2,1,R,348,R,151,R,197,R,2,Z,0,R,2,R,1,Z,0,R,1,R,13,R,5,R,8,R,216,R,95,R,121,Z,0,Z,0,Z,0,R,100,R,45,R,55,R,6,R,2,R,4,R,10,R,4,R,6,Z,0,Z,0,Z,0,A,,A,,2025
229540,45,-2,1,R,1820,R,511,R,1309,R,3,R,1,R,2,R,47,R,18,R,29,R,109,R,33,R,76,R,1065,R,291,R,774,Z,0,Z,0,Z,0,R,539,R,152,R,387,R,34,R,6,R,28,R,17,R,8,R,9,R,6,R,2,R,4,A,,A,,2025
229540,51,-2,1,R,1005,R,382,R,623,R,6,R,4,R,2,R,19,R,6,R,13,R,21,R,7,R,14,R,439,R,166,R,273,Z,0,Z,0,Z,0,R,446,R,172,R,274,R,20,R,3,R,17,R,53,R,24,R,29,R,1,Z,0,R,1,A,,A,,2025
229540,59,-2,1,R,265,R,82,R,183,R,1,R,1,Z,0,R,6,R,3,R,3,R,21,R,5,R,16,R,133,R,38,R,95,Z,0,Z,0,Z,0,R,96,R,31,R,65,R,5,R,2,R,3,R,3,R,2,R,1,Z,0,Z,0,Z,0,A,,A,,2025
229540,60,-2,1,R,1555,R,429,R,1126,R,2,Z,0,R,2,R,41,R,15,R,26,R,88,R,28,R,60,R,932,R,253,R,679,Z,0,Z,0,Z,0,R,443,R,121,R,322,R,29,R,4,R,25,R,14,R,6,R,8,R,6,R,2,R,4,A,,A,,2025
229799,1,1,999,R,8271,R,3002,R,5269,R,51,R,13,R,38,R,107,R,36,R,71,R,288,R,81,R,207,R,1723,R,564,R,1159,R,14,R,7,R,7,R,4600,R,1596,R,3004,R,259,R,104,R,155,R,1227,R,600,R,627,R,2,R,1,R,1,R,0.0,R,8271.0,2025
229799,2,2,1,R,8271,R,3002,R,5269,R,51,R,13,R,38,R,107,R,36,R,71,R,288,R,81,R,207,R,1723,R,564,R,1159,R,14,R,7,R,7,R,4600,R,1596,R,3004,R,259,R,104,R,155,R,1227,R,600,R,627,R,2,R,1,R,1,R,0.0,R,8271.0,2025
229799,3,-2,1,R,6414,R,2237,R,4177,R,40,R,10,R,30,R,87,R,30,R,57,R,252,R,64,R,188,R,1413,R,431,R,982,R,12,R,5,R,7,R,3507,R,1162,R,2345,R,191,R,80,R,111,R,911,R,454,R,457,R,1,R,1,R,0,A,,A,,2025
229799,4,-2,1,R,1026,R,342,R,684,R,9,R,2,R,7,R,12,R,4,R,8,R,45,R,16,R,29,R,250,R,70,R,180,R,5,R,1,R,4,R,562,R,190,R,372,R,27,R,10,R,17,R,116,R,49,R,67,R,0,R,0,R,0,A,,A,,2025
229799,5,-2,1,R,5388,R,1895,R,3493,R,31,R,8,R,23,R,75,R,26,R,49,R,207,R,48,R,159,R,1163,R,361,R,802,R,7,R,4,R,3,R,2945,R,972,R,1973,R,164,R,70,R,94,R,795,R,405,R,390,R,1,R,1,R,0,A,,A,,2025
229799,11,-2,1,R,1857,R,765,R,1092,R,11,R,3,R,8,R,20,R,6,R,14,R,36,R,17,R,19,R,310,R,133,R,177,R,2,R,2,R,0,R,1093,R,434,R,659,R,68,R,24,R,44,R,316,R,146,R,170,R,1,R,0,R,1,A,,A,,2025
229799,19,-2,1,R,756,R,238,R,518,R,4,R,1,R,3,R,14,R,4,R,10,R,77,R,21,R,56,R,147,R,52,R,95,R,0,R,0,R,0,R,383,R,105,R,278,R,17,R,11,R,6,R,114,R,44,R,70,R,0,R,0,R,0,A,,A,,2025
229799,20,-2,1,R,4632,R,1657,R,2975,R,27,R,7,R,20,R,61,R,22,R,39,R,130,R,27,R,103,R,1016,R,309,R,707,R,7,R,4,R,3,R,2562,R,867,R,1695,R,147,R,59,R,88,R,681,R,361,R,320,R,1,R,1,R,0,A,,A,,2025
229799,21,-2,999,R,2008,R,633,R,1375,R,10,R,1,R,9,R,36,R,15,R,21,R,89,R,27,R,62,R,486,R,144,R,342,R,5,R,2,R,3,R,1197,R,365,R,832,R,76,R,33,R,43,R,108,R,46,R,62,R,1,R,0,R,1,A,,A,,2025
229799,22,-2,1,R,2008,R,633,R,1375,R,10,R,1,R,9,R,36,R,15,R,21,R,89,R,27,R,62,R,486,R,144,R,342,R,5,R,2,R,3,R,1197,R,365,R,832,R,76,R,33,R,43,R,108,R,46,R,62,R,1,R,0,R,1,A,,A,,2025
229799,23,-2,1,R,1712,R,515,R,1197,R,10,R,1,R,9,R,31,R,13,R,18,R,74,R,19,R,55,R,426,R,123,R,303,R,4,R,1,R,3,R,1015,R,296,R,719,R,64,R,27,R,37,R,88,R,35,R,53,R,0,R,0,R,0,A,,A,,2025
229799,24,-2,1,R,413,R,131,R,282,R,5,R,1,R,4,R,5,R,3,R,2,R,21,R,6,R,15,R,111,R,31,R,80,R,1,R,0,R,1,R,230,R,74,R,156,R,12,R,4,R,8,R,28,R,12,R,16,R,0,R,0,R,0,A,,A,,2025
229799,25,-2,1,R,1299,R,384,R,915,R,5,R,0,R,5,R,26,R,10,R,16,R,53,R,13,R,40,R,315,R,92,R,223,R,3,R,1,R,2,R,785,R,222,R,563,R,52,R,23,R,29,R,60,R,23,R,37,R,0,R,0,R,0,A,,A,,2025
229799,31,-2,1,R,296,R,118,R,178,R,0,R,0,R,0,R,5,R,2,R,3,R,15,R,8,R,7,R,60,R,21,R,39,R,1,R,1,R,0,R,182,R,69,R,113,R,12,R,6,R,6,R,20,R,11,R,9,R,1,R,0,R,1,A,,A,,2025
229799,39,-2,1,R,164,R,56,R,108,R,0,R,0,R,0,R,5,R,1,R,4,R,15,R,6,R,9,R,33,R,12,R,21,R,0,R,0,R,0,R,92,R,25,R,67,R,6,R,5,R,1,R,13,R,7,R,6,R,0,R,0,R,0,A,,A,,2025
229799,40,-2,1,R,1135,R,328,R,807,R,5,R,0,R,5,R,21,R,9,R,12,R,38,R,7,R,31,R,282,R,80,R,202,R,3,R,1,R,2,R,693,R,197,R,496,R,46,R,18,R,28,R,47,R,16,R,31,R,0,R,0,R,0,A,,A,,2025
229799,41,-2,999,R,6263,R,2369,R,3894,R,41,R,12,R,29,R,71,R,21,R,50,R,199,R,54,R,145,R,1237,R,420,R,817,R,9,R,5,R,4,R,3403,R,1231,R,2172,R,183,R,71,R,112,R,1119,R,554,R,565,R,1,R,1,R,0,A,,A,,2025
229799,42,-2,1,R,6263,R,2369,R,3894,R,41,R,12,R,29,R,71,R,21,R,50,R,199,R,54,R,145,R,1237,R,420,R,817,R,9,R,5,R,4,R,3403,R,1231,R,2172,R,183,R,71,R,112,R,1119,R,554,R,565,R,1,R,1,R,0,A,,A,,2025
229799,43,-2,1,R,4702,R,1722,R,2980,R,30,R,9,R,21,R,56,R,17,R,39,R,178,R,45,R,133,R,987,R,308,R,679,R,8,R,4,R,4,R,2492,R,866,R,1626,R,127,R,53,R,74,R,823,R,419,R,404,R,1,R,1,R,0,A,,A,,2025
229799,44,-2,1,R,613,R,211,R,402,R,4,R,1,R,3,R,7,R,1,R,6,R,24,R,10,R,14,R,139,R,39,R,100,R,4,R,1,R,3,R,332,R,116,R,216,R,15,R,6,R,9,R,88,R,37,R,51,R,0,R,0,R,0,A,,A,,2025
229799,45,-2,1,R,4089,R,1511,R,2578,R,26,R,8,R,18,R,49,R,16,R,33,R,154,R,35,R,119,R,848,R,269,R,579,R,4,R,3,R,1,R,2160,R,750,R,1410,R,112,R,47,R,65,R,735,R,382,R,353,R,1,R,1,R,0,A,,A,,2025
229799,51,-2,1,R,1561,R,647,R,914,R,11,R,3,R,8,R,15,R,4,R,11,R,21,R,9,R,12,R,250,R,112,R,138,R,1,R,1,R,0,R,911,R,365,R,546,R,56,R,18,R,38,R,296,R,135,R,161,R,0,R,0,R,0,A,,A,,2025
229799,59,-2,1,R,592,R,182,R,410,R,4,R,1,R,3,R,9,R,3,R,6,R,62,R,15,R,47,R,114,R,40,R,74,R,0,R,0,R,0,R,291,R,80,R,211,R,11,R,6,R,5,R,101,R,37,R,64,R,0,R,0,R,0,A,,A,,2025
229799,60,-2,1,R,3497,R,1329,R,2168,R,22,R,7,R,15,R,40,R,13,R,27,R,92,R,20,R,72,R,734,R,229,R,505,R,4,R,3,R,1,R,1869,R,670,R,1199,R,101,R,41,R,60,R,634,R,345,R,289,R,1,R,1,R,0,A,,A,,2025
229814,1,1,999,R,10569,R,4341,R,6228,R,54,R,18,R,36,R,269,R,118,R,151,R,482,R,249,R,233,R,3397,R,1312,R,2085,R,13,R,7,R,6,R,5525,R,2230,R,3295,R,225,R,86,R,139,R,397,R,197,R,200,R,207,R,124,R,83,R,0.0,R,10569.0,2025
229814,2,2,1,R,7807,R,3300,R,4507,R,45,R,13,R,32,R,150,R,57,R,93,R,311,R,171,R,140,R,2751,R,1089,R,1662,R,7,R,4,R,3,R,3926,R,1656,R,2270,R,165,R,68,R,97,R,340,R,170,R,170,R,112,R,72,R,40,R,0.0,R,7807.0,2025
229814,3,-2,1,R,7506,R,3152,R,4354,R,44,R,12,R,32,R,142,R,53,R,89,R,305,R,169,R,136,R,2699,R,1061,R,1638,R,7,R,4,R,3,R,3738,R,1560,R,2178,R,156,R,67,R,89,R,303,R,154,R,149,R,112,R,72,R,40,A,,A,,2025
229814,4,-2,1,R,1238,R,518,R,720,R,10,R,1,R,9,R,20,R,7,R,13,R,60,R,35,R,25,R,395,R,162,R,233,R,0,R,0,R,0,R,654,R,267,R,387,R,22,R,12,R,10,R,62,R,26,R,36,R,15,R,8,R,7,A,,A,,2025
229814,5,-2,1,R,6268,R,2634,R,3634,R,34,R,11,R,23,R,122,R,46,R,76,R,245,R,134,R,111,R,2304,R,899,R,1405,R,7,R,4,R,3,R,3084,R,1293,R,1791,R,134,R,55,R,79,R,241,R,128,R,113,R,97,R,64,R,33,A,,A,,2025
229814,11,-2,1,R,301,R,148,R,153,R,1,R,1,R,0,R,8,R,4,R,4,R,6,R,2,R,4,R,52,R,28,R,24,R,0,R,0,R,0,R,188,R,96,R,92,R,9,R,1,R,8,R,37,R,16,R,21,R,0,R,0,R,0,A,,A,,2025
229814,12,4,3,R,2762,R,1041,R,1721,R,9,R,5,R,4,R,119,R,61,R,58,R,171,R,78,R,93,R,646,R,223,R,423,R,6,R,3,R,3,R,1599,R,574,R,1025,R,60,R,18,R,42,R,57,R,27,R,30,R,95,R,52,R,43,R,0.0,R,2762.0,2025
229814,19,-2,1,R,1179,R,498,R,681,R,8,R,6,R,2,R,30,R,10,R,20,R,63,R,28,R,35,R,459,R,187,R,272,R,2,R,0,R,2,R,528,R,229,R,299,R,24,R,7,R,17,R,49,R,23,R,26,R,16,R,8,R,8,A,,A,,2025
229814,20,-2,1,R,5089,R,2136,R,2953,R,26,R,5,R,21,R,92,R,36,R,56,R,182,R,106,R,76,R,1845,R,712,R,1133,R,5,R,4,R,1,R,2556,R,1064,R,1492,R,110,R,48,R,62,R,192,R,105,R,87,R,81,R,56,R,25,A,,A,,2025
229814,21,-2,999,R,6710,R,2695,R,4015,R,35,R,13,R,22,R,133,R,55,R,78,R,312,R,174,R,138,R,2239,R,859,R,1380,R,6,R,3,R,3,R,3415,R,1308,R,2107,R,145,R,56,R,89,R,257,R,123,R,134,R,168,R,104,R,64,A,,A,,2025
229814,22,-2,1,R,5790,R,2388,R,3402,R,32,R,10,R,22,R,112,R,42,R,70,R,243,R,139,R,104,R,2031,R,792,R,1239,R,4,R,3,R,1,R,2894,R,1164,R,1730,R,124,R,51,R,73,R,242,R,118,R,124,R,108,R,69,R,39,A,,A,,2025
229814,23,-2,1,R,5787,R,2387,R,3400,R,32,R,10,R,22,R,112,R,42,R,70,R,243,R,139,R,104,R,2031,R,792,R,1239,R,4,R,3,R,1,R,2891,R,1163,R,1728,R,124,R,51,R,73,R,242,R,118,R,124,R,108,R,69,R,39,A,,A,,2025
229814,24,-2,1,R,1197,R,498,R,699,R,10,R,1,R,9,R,19,R,7,R,12,R,59,R,35,R,24,R,382,R,157,R,225,R,0,R,0,R,0,R,630,R,254,R,376,R,22,R,12,R,10,R,60,R,24,R,36,R,15,R,8,R,7,A,,A,,2025
229814,25,-2,1,R,4590,R,1889,R,2701,R,22,R,9,R,13,R,93,R,35,R,58,R,184,R,104,R,80,R,1649,R,635,R,1014,R,4,R,3,R,1,R,2261,R,909,R,1352,R,102,R,39,R,63,R,182,R,94,R,88,R,93,R,61,R,32,A,,A,,2025
229814,31,-2,1,R,3,R,1,R,2,R,0,R,0,R,0,R,0,R,0,R,0,R,0,R,0,R,0,R,0,R,0,R,0,R,0,R,0,R,0,R,3,R,1,R,2,R,0,R,0,R,0,R,0,R,0,R,0,R,0,R,0,R,0,A,,A,,2025
229814,32,-2,3,R,920,R,307,R,613,R,3,R,3,R,0,R,21,R,13,R,8,R,69,R,35,R,34,R,208,R,67,R,141,R,2,R,0,R,2,R,521,R,144,R,377,R,21,R,5,R,16,R,15,R,5,R,10,R,60,R,35,R,25,A,,A,,2025
229814,39,-2,1,R,824,R,346,R,478,R,6,R,5,R,1,R,19,R,7,R,12,R,39,R,19,R,20,R,332,R,135,R,197,R,0,R,0,R,0,R,359,R,148,R,211,R,20,R,6,R,14,R,34,R,18,R,16,R,15,R,8,R,7,A,,A,,2025
229814,40,-2,1,R,3766,R,1543,R,2223,R,16,R,4,R,12,R,74,R,28,R,46,R,145,R,85,R,60,R,1317,R,500,R,817,R,4,R,3,R,1,R,1902,R,761,R,1141,R,82,R,33,R,49,R,148,R,76,R,72,R,78,R,53,R,25,A,,A,,2025
229814,41,-2,999,R,3859,R,1646,R,2213,R,19,R,5,R,14,R,136,R,63,R,73,R,170,R,75,R,95,R,1158,R,453,R,705,R,7,R,4,R,3,R,2110,R,922,R,1188,R,80,R,30,R,50,R,140,R,74,R,66,R,39,R,20,R,19,A,,A,,2025
229814,42,-2,1,R,2017,R,912,R,1105,R,13,R,3,R,10,R,38,R,15,R,23,R,68,R,32,R,36,R,720,R,297,R,423,R,3,R,1,R,2,R,1032,R,492,R,540,R,41,R,17,R,24,R,98,R,52,R,46,R,4,R,3,R,1,A,,A,,2025
229814,43,-2,1,R,1719,R,765,R,954,R,12,R,2,R,10,R,30,R,11,R,19,R,62,R,30,R,32,R,668,R,269,R,399,R,3,R,1,R,2,R,847,R,397,R,450,R,32,R,16,R,16,R,61,R,36,R,25,R,4,R,3,R,1,A,,A,,2025
229814,44,-2,1,R,41,R,20,R,21,R,0,R,0,R,0,R,1,R,0,R,1,R,1,R,0,R,1,R,13,R,5,R,8,R,0,R,0,R,0,R,24,R,13,R,11,R,0,R,0,R,0,R,2,R,2,R,0,R,0,R,0,R,0,A,,A,,2025
229814,45,-2,1,R,1678,R,745,R,933,R,12,R,2,R,10,R,29,R,11,R,18,R,61,R,30,R,31,R,655,R,264,R,391,R,3,R,1,R,2,R,823,R,384,R,439,R,32,R,16,R,16,R,59,R,34,R,25,R,4,R,3,R,1,A,,A,,2025
229814,51,-2,1,R,298,R,147,R,151,R,1,R,1,R,0,R,8,R,4,R,4,R,6,R,2,R,4,R,52,R,28,R,24,R,0,R,0,R,0,R,185,R,95,R,90,R,9,R,1,R,8,R,37,R,16,R,21,R,0,R,0,R,0,A,,A,,2025
229814,52,-2,3,R,1842,R,734,R,1108,R,6,R,2,R,4,R,98,R,48,R,50,R,102,R,43,R,59,R,438,R,156,R,282,R,4,R,3,R,1,R,1078,R,430,R,648,R,39,R,13,R,26,R,42,R,22,R,20,R,35,R,17,R,18,A,,A,,2025
229814,59,-2,1,R,355,R,152,R,203,R,2,R,1,R,1,R,11,R,3,R,8,R,24,R,9,R,15,R,127,R,52,R,75,R,2,R,0,R,2,R,169,R,81,R,88,R,4,R,1,R,3,R,15,R,5,R,10,R,1,R,0,R,1,A,,A,,2025
229814,60,-2,1,R,1323,R,593,R,730,R,10,R,1,R,9,R,18,R,8,R,10,R,37,R,21,R,16,R,528,R,212,R,316,R,1,R,1,R,0,R,654,R,303,R,351,R,28,R,15,R,13,R,44,R,29,R,15,R,3,R,3,R,0,A,,A,,2025
229832,1,1,999,R,4392,R,2273,R,2119,R,15,R,11,R,4,R,418,R,229,R,189,R,115,R,68,R,47,R,1211,R,586,R,625,R,3,R,0,R,3,R,1720,R,882,R,838,R,104,R,52,R,52,R,705,R,390,R,315,R,101,R,55,R,46,R,0.0,R,4392.0,2025
229832,2,2,1,R,4392,R,2273,R,2119,R,15,R,11,R,4,R,418,R,229,R,189,R,115,R,68,R,47,R,1211,R,586,R,625,R,3,R,0,R,3,R,1720,R,882,R,838,R,104,R,52,R,52,R,705,R,390,R,315,R,101,R,55,R,46,R,0.0,R,4392.0,2025
229832,3,-2,1,R,590,R,358,R,232,R,4,R,4,R,0,R,5,R,1,R,4,R,44,R,34,R,10,R,277,R,146,R,131,R,0,R,0,R,0,R,185,R,126,R,59,R,11,R,6,R,5,R,6,R,4,R,2,R,58,R,37,R,21,A,,A,,2025
229832,4,-2,1,R,268,R,169,R,99,R,3,R,3,R,0,R,4,R,1,R,3,R,20,R,12,R,8,R,128,R,78,R,50,R,0,R,0,R,0,R,82,R,58,R,24,R,3,R,2,R,1,R,0,R,0,R,0,R,28,R,15,R,13,A,,A,,2025
229832,5,-2,1,R,322,R,189,R,133,R,1,R,1,Z,0,R,1,R,0,R,1,R,24,R,22,R,2,R,149,R,68,R,81,R,0,R,0,Z,0,R,103,R,68,R,35,R,8,R,4,R,4,R,6,R,4,R,2,R,30,R,22,R,8,A,,A,,2025
229832,11,-2,1,R,3802,R,1915,R,1887,R,11,R,7,R,4,R,413,R,228,R,185,R,71,R,34,R,37,R,934,R,440,R,494,R,3,R,0,R,3,R,1535,R,756,R,779,R,93,R,46,R,47,R,699,R,386,R,313,R,43,R,18,R,25,A,,A,,2025
229832,19,-2,1,R,44,R,31,R,13,R,1,R,1,Z,0,R,0,R,0,Z,0,R,6,R,4,R,2,R,16,R,11,R,5,R,0,R,0,Z,0,R,15,R,12,R,3,R,1,R,1,Z,0,R,3,R,1,R,2,R,2,R,1,R,1,A,,A,,2025
229832,20,-2,1,R,278,R,158,R,120,R,0,R,0,Z,0,R,1,R,0,R,1,R,18,R,18,Z,0,R,133,R,57,R,76,R,0,R,0,Z,0,R,88,R,56,R,32,R,7,R,3,R,4,R,3,R,3,Z,0,R,28,R,21,R,7,A,,A,,2025
229832,21,-2,999,R,705,R,416,R,289,R,6,R,6,R,0,R,37,R,23,R,14,R,28,R,17,R,11,R,277,R,159,R,118,R,0,R,0,R,0,R,228,R,130,R,98,R,17,R,9,R,8,R,55,R,35,R,20,R,57,R,37,R,20,A,,A,,2025
229832,22,-2,1,R,705,R,416,R,289,R,6,R,6,R,0,R,37,R,23,R,14,R,28,R,17,R,11,R,277,R,159,R,118,R,0,R,0,R,0,R,228,R,130,R,98,R,17,R,9,R,8,R,55,R,35,R,20,R,57,R,37,R,20,A,,A,,2025
229832,23,-2,1,R,361,R,240,R,121,R,4,R,4,R,0,R,3,R,1,R,2,R,22,R,16,R,6,R,171,R,102,R,69,R,0,R,0,R,0,R,101,R,77,R,24,R,8,R,5,R,3,R,1,R,1,R,0,R,51,R,34,R,17,A,,A,,2025
229832,24,-2,1,R,220,R,152,R,68,R,3,R,3,R,0,R,3,R,1,R,2,R,16,R,11,R,5,R,107,R,73,R,34,R,0,R,0,R,0,R,62,R,47,R,15,R,2,R,2,R,0,R,0,R,0,R,0,R,27,R,15,R,12,A,,A,,2025
229832,25,-2,1,R,141,R,88,R,53,R,1,R,1,Z,0,R,0,R,0,Z,0,R,6,R,5,R,1,R,64,R,29,R,35,R,0,R,0,Z,0,R,39,R,30,R,9,R,6,R,3,R,3,R,1,R,1,Z,0,R,24,R,19,R,5,A,,A,,2025
229832,31,-2,1,R,344,R,176,R,168,R,2,R,2,R,0,R,34,R,22,R,12,R,6,R,1,R,5,R,106,R,57,R,49,R,0,R,0,R,0,R,127,R,53,R,74,R,9,R,4,R,5,R,54,R,34,R,20,R,6,R,3,R,3,A,,A,,2025
229832,39,-2,1,R,30,R,24,R,6,R,1,R,1,Z,0,R,0,R,0,Z,0,R,4,R,3,R,1,R,12,R,9,R,3,R,0,R,0,Z,0,R,12,R,10,R,2,R,0,R,0,Z,0,R,1,R,1,Z,0,R,0,R,0,Z,0,A,,A,,2025
229832,40,-2,1,R,111,R,64,R,47,R,0,R,0,Z,0,R,0,R,0,Z,0,R,2,R,2,Z,0,R,52,R,20,R,32,R,0,R,0,Z,0,R,27,R,20,R,7,R,6,R,3,R,3,R,0,R,0,Z,0,R,24,R,19,R,5,A,,A,,2025
229832,41,-2,999,R,3687,R,1857,R,1830,R,9,R,5,R,4,R,381,R,206,R,175,R,87,R,51,R,36,R,934,R,427,R,507,R,3,Z,0,R,3,R,1492,R,752,R,740,R,87,R,43,R,44,R,650,R,355,R,295,R,44,R,18,R,26,A,,A,,2025
229832,42,-2,1,R,3687,R,1857,R,1830,R,9,R,5,R,4,R,381,R,206,R,175,R,87,R,51,R,36,R,934,R,427,R,507,R,3,Z,0,R,3,R,1492,R,752,R,740,R,87,R,43,R,44,R,650,R,355,R,295,R,44,R,18,R,26,A,,A,,2025
229832,43,-2,1,R,229,R,118,R,111,Z,0,Z,0,Z,0,R,2,Z,0,R,2,R,22,R,18,R,4,R,106,R,44,R,62,Z,0,Z,0,Z,0,R,84,R,49,R,35,R,3,R,1,R,2,R,5,R,3,R,2,R,7,R,3,R,4,A,,A,,2025
229832,44,-2,1,R,48,R,17,R,31,Z,0,Z,0,Z,0,R,1,Z,0,R,1,R,4,R,1,R,3,R,21,R,5,R,16,Z,0,Z,0,Z,0,R,20,R,11,R,9,R,1,Z,0,R,1,Z,0,Z,0,Z,0,R,1,Z,0,R,1,A,,A,,2025
229832,45,-2,1,R,181,R,101,R,80,Z,0,Z,0,Z,0,R,1,Z,0,R,1,R,18,R,17,R,1,R,85,R,39,R,46,Z,0,Z,0,Z,0,R,64,R,38,R,26,R,2,R,1,R,1,R,5,R,3,R,2,R,6,R,3,R,3,A,,A,,2025
229832,51,-2,1,R,3458,R,1739,R,1719,R,9,R,5,R,4,R,379,R,206,R,173,R,65,R,33,R,32,R,828,R,383,R,445,R,3,Z,0,R,3,R,1408,R,703,R,705,R,84,R,42,R,42,R,645,R,352,R,293,R,37,R,15,R,22,A,,A,,2025
229832,59,-2,1,R,14,R,7,R,7,Z,0,Z,0,Z,0,Z,0,Z,0,Z,0,R,2,R,1,R,1,R,4,R,2,R,2,Z,0,Z,0,Z,0,R,3,R,2,R,1,R,1,R,1,Z,0,R,2,Z,0,R,2,R,2,R,1,R,1,A,,A,,2025
229832,60,-2,1,R,167,R,94,R,73,Z,0,Z,0,Z,0,R,1,Z,0,R,1,R,16,R,16,Z,0,R,81,R,37,R,44,Z,0,Z,0,Z,0,R,61,R,36,R,25,R,1,Z,0,R,1,R,3,R,3,Z,0,R,4,R,2,R,2,A,,A,,2025
229841,1,1,999,R,7329,R,3069,R,4260,R,20,R,9,R,11,R,954,R,487,R,467,R,997,R,407,R,590,R,3209,R,1192,R,2017,R,8,R,3,R,5,R,1992,R,905,R,1087,R,96,R,48,R,48,R,49,R,17,R,32,R,4,R,1,R,3,R,0.0,R,7329.0,2025
229841,2,2,1,R,7329,R,3069,R,4260,R,20,R,9,R,11,R,954,R,487,R,467,R,997,R,407,R,590,R,3209,R,1192,R,2017,R,8,R,3,R,5,R,1992,R,905,R,1087,R,96,R,48,R,48,R,49,R,17,R,32,R,4,R,1,R,3,R,0.0,R,7329.0,2025
229841,3,-2,1,R,6154,R,2569,R,3585,R,16,R,7,R,9,R,936,R,476,R,460,R,934,R,383,R,551,R,2685,R,980,R,1705,R,8,R,3,R,5,R,1472,R,673,R,799,R,82,R,41,R,41,R,17,R,5,R,12,R,4,R,1,R,3,A,,A,,2025
229841,4,-2,1,R,1583,R,682,R,901,R,3,R,1,R,2,R,235,R,134,R,101,R,212,R,85,R,127,R,737,R,264,R,473,R,3,R,1,R,2,R,368,R,181,R,187,R,19,R,14,R,5,R,4,R,1,R,3,R,2,R,1,R,1,A,,A,,2025
229841,5,-2,1,R,4571,R,1887,R,2684,R,13,R,6,R,7,R,701,R,342,R,359,R,722,R,298,R,424,R,1948,R,716,R,1232,R,5,R,2,R,3,R,1104,R,492,R,612,R,63,R,27,R,36,R,13,R,4,R,9,R,2,Z,0,R,2,A,,A,,2025
229841,11,-2,1,R,1175,R,500,R,675,R,4,R,2,R,2,R,18,R,11,R,7,R,63,R,24,R,39,R,524,R,212,R,312,Z,0,Z,0,Z,0,R,520,R,232,R,288,R,14,R,7,R,7,R,32,R,12,R,20,Z,0,Z,0,Z,0,A,,A,,2025
229841,19,-2,1,R,750,R,316,R,434,R,4,R,1,R,3,R,83,R,29,R,54,R,198,R,81,R,117,R,242,R,102,R,140,R,1,R,1,Z,0,R,206,R,96,R,110,R,10,R,5,R,5,R,6,R,1,R,5,Z,0,Z,0,Z,0,A,,A,,2025
229841,20,-2,1,R,3821,R,1571,R,2250,R,9,R,5,R,4,R,618,R,313,R,305,R,524,R,217,R,307,R,1706,R,614,R,1092,R,4,R,1,R,3,R,898,R,396,R,502,R,53,R,22,R,31,R,7,R,3,R,4,R,2,Z,0,R,2,A,,A,,2025
229841,21,-2,999,R,2872,R,1369,R,1503,R,4,R,2,R,2,R,447,R,252,R,195,R,357,R,167,R,190,R,1282,R,533,R,749,R,2,Z,0,R,2,R,739,R,390,R,349,R,34,R,22,R,12,R,5,R,2,R,3,R,2,R,1,R,1,A,,A,,2025
229841,22,-2,1,R,2872,R,1369,R,1503,R,4,R,2,R,2,R,447,R,252,R,195,R,357,R,167,R,190,R,1282,R,533,R,749,R,2,Z,0,R,2,R,739,R,390,R,349,R,34,R,22,R,12,R,5,R,2,R,3,R,2,R,1,R,1,A,,A,,2025
229841,23,-2,1,R,2763,R,1319,R,1444,R,4,R,2,R,2,R,445,R,251,R,194,R,349,R,166,R,183,R,1219,R,502,R,717,R,2,Z,0,R,2,R,704,R,373,R,331,R,34,R,22,R,12,R,4,R,2,R,2,R,2,R,1,R,1,A,,A,,2025
229841,24,-2,1,R,1110,R,491,R,619,R,2,R,1,R,1,R,172,R,104,R,68,R,130,R,57,R,73,R,527,R,187,R,340,R,1,Z,0,R,1,R,263,R,131,R,132,R,12,R,9,R,3,R,1,R,1,Z,0,R,2,R,1,R,1,A,,A,,2025
229841,25,-2,1,R,1653,R,828,R,825,R,2,R,1,R,1,R,273,R,147,R,126,R,219,R,109,R,110,R,692,R,315,R,377,R,1,Z,0,R,1,R,441,R,242,R,199,R,22,R,13,R,9,R,3,R,1,R,2,Z,0,Z,0,Z,0,A,,A,,2025
229841,31,-2,1,R,109,R,50,R,59,Z,0,Z,0,Z,0,R,2,R,1,R,1,R,8,R,1,R,7,R,63,R,31,R,32,Z,0,Z,0,Z,0,R,35,R,17,R,18,Z,0,Z,0,Z,0,R,1,R,0,R,1,Z,0,Z,0,Z,0,A,,A,,2025
229841,39,-2,1,R,262,R,147,R,115,Z,0,Z,0,Z,0,R,32,R,14,R,18,R,60,R,36,R,24,R,80,R,44,R,36,Z,0,Z,0,Z,0,R,88,R,52,R,36,R,1,R,1,Z,0,R,1,Z,0,R,1,Z,0,Z,0,Z,0,A,,A,,2025
229841,40,-2,1,R,1391,R,681,R,710,R,2,R,1,R,1,R,241,R,133,R,108,R,159,R,73,R,86,R,612,R,271,R,341,R,1,Z,0,R,1,R,353,R,190,R,163,R,21,R,12,R,9,R,2,R,1,R,1,Z,0,Z,0,Z,0,A,,A,,2025
229841,41,-2,999,R,4457,R,1700,R,2757,R,16,R,7,R,9,R,507,R,235,R,272,R,640,R,240,R,400,R,1927,R,659,R,1268,R,6,R,3,R,3,R,1253,R,515,R,738,R,62,R,26,R,36,R,44,R,15,R,29,R,2,Z,0,R,2,A,,A,,2025
229841,42,-2,1,R,4457,R,1700,R,2757,R,16,R,7,R,9,R,507,R,235,R,272,R,640,R,240,R,400,R,1927,R,659,R,1268,R,6,R,3,R,3,R,1253,R,515,R,738,R,62,R,26,R,36,R,44,R,15,R,29,R,2,Z,0,R,2,A,,A,,2025
229841,43,-2,1,R,3391,R,1250,R,2141,R,12,R,5,R,7,R,491,R,225,R,266,R,585,R,217,R,368,R,1466,R,478,R,988,R,6,R,3,R,3,R,768,R,300,R,468,R,48,R,19,R,29,R,13,R,3,R,10,R,2,Z,0,R,2,A,,A,,2025
229841,44,-2,1,R,473,R,191,R,282,R,1,Z,0,R,1,R,63,R,30,R,33,R,82,R,28,R,54,R,210,R,77,R,133,R,2,R,1,R,1,R,105,R,50,R,55,R,7,R,5,R,2,R,3,Z,0,R,3,Z,0,Z,0,Z,0,A,,A,,2025
229841,45,-2,1,R,2918,R,1059,R,1859,R,11,R,5,R,6,R,428,R,195,R,233,R,503,R,189,R,314,R,1256,R,401,R,855,R,4,R,2,R,2,R,663,R,250,R,413,R,41,R,14,R,27,R,10,R,3,R,7,R,2,Z,0,R,2,A,,A,,2025
229841,51,-2,1,R,1066,R,450,R,616,R,4,R,2,R,2,R,16,R,10,R,6,R,55,R,23,R,32,R,461,R,181,R,280,Z,0,Z,0,Z,0,R,485,R,215,R,270,R,14,R,7,R,7,R,31,R,12,R,19,Z,0,Z,0,Z,0,A,,A,,2025
229841,59,-2,1,R,488,R,169,R,319,R,4,R,1,R,3,R,51,R,15,R,36,R,138,R,45,R,93,R,162,R,58,R,104,R,1,R,1,Z,0,R,118,R,44,R,74,R,9,R,4,R,5,R,5,R,1,R,4,Z,0,Z,0,Z,0,A,,A,,2025
229841,60,-2,1,R,2430,R,890,R,1540,R,7,R,4,R,3,R,377,R,180,R,197,R,365,R,144,R,221,R,1094,R,343,R,751,R,3,R,1,R,2,R,545,R,206,R,339,R,32,R,10,R,22,R,5,R,2,R,3,R,2,Z,0,R,2,A,,A,,2025
246354,1,1,999,R,20028,R,7762,R,12266,R,32,R,13,R,19,R,370,R,161,R,209,R,1149,R,461,R,688,R,14614,R,5514,R,9100,R,17,R,6,R,11,R,2718,R,1125,R,1593,R,559,R,232,R,327,R,544,R,236,R,308,R,25,R,14,R,11,R,0.0,R,20028.0,2025
246354,2,2,1,R,20028,R,7762,R,12266,R,32,R,13,R,19,R,370,R,161,R,209,R,1149,R,461,R,688,R,14614,R,5514,R,9100,R,17,R,6,R,11,R,2718,R,1125,R,1593,R,559,R,232,R,327,R,544,R,236,R,308,R,25,R,14,R,11,R,0.0,R,20028.0,2025
246354,3,-2,1,R,15160,R,5737,R,9423,R,26,R,10,R,16,R,320,R,137,R,183,R,1001,R,408,R,593,R,11099,R,4072,R,7027,R,15,R,6,R,9,R,2105,R,856,R,1249,R,472,R,198,R,274,R,98,R,36,R,62,R,24,R,14,R,10,A,,A,,2025
246354,4,-2,1,R,2919,R,1075,R,1844,R,8,R,4,R,4,R,30,R,12,R,18,R,135,R,50,R,85,R,2358,R,848,R,1510,R,4,R,2,R,2,R,295,R,123,R,172,R,57,R,26,R,31,R,29,R,7,R,22,R,3,R,3,R,0,A,,A,,2025
246354,5,-2,1,R,12241,R,4662,R,7579,R,18,R,6,R,12,R,290,R,125,R,165,R,866,R,358,R,508,R,8741,R,3224,R,5517,R,11,R,4,R,7,R,1810,R,733,R,1077,R,415,R,172,R,243,R,69,R,29,R,40,R,21,R,11,R,10,A,,A,,2025
246354,11,-2,1,R,4868,R,2025,R,2843,R,6,R,3,R,3,R,50,R,24,R,26,R,148,R,53,R,95,R,3515,R,1442,R,2073,R,2,R,0,R,2,R,613,R,269,R,344,R,87,R,34,R,53,R,446,R,200,R,246,R,1,R,0,R,1,A,,A,,2025
246354,19,-2,1,R,1711,R,651,R,1060,R,1,R,0,R,1,R,59,R,27,R,32,R,152,R,61,R,91,R,1096,R,405,R,691,R,4,R,2,R,2,R,328,R,125,R,203,R,56,R,24,R,32,R,14,R,6,R,8,R,1,R,1,R,0,A,,A,,2025
246354,20,-2,1,R,10530,R,4011,R,6519,R,17,R,6,R,11,R,231,R,98,R,133,R,714,R,297,R,417,R,7645,R,2819,R,4826,R,7,R,2,R,5,R,1482,R,608,R,874,R,359,R,148,R,211,R,55,R,23,R,32,R,20,R,10,R,10,A,,A,,2025
246354,21,-2,999,R,2741,R,1026,R,1715,R,1,R,0,R,1,R,32,R,12,R,20,R,77,R,22,R,55,R,2311,R,871,R,1440,R,1,R,0,R,1,R,232,R,87,R,145,R,35,R,11,R,24,R,48,R,19,R,29,R,4,R,4,R,0,A,,A,,2025
246354,22,-2,1,R,2741,R,1026,R,1715,R,1,R,0,R,1,R,32,R,12,R,20,R,77,R,22,R,55,R,2311,R,871,R,1440,R,1,R,0,R,1,R,232,R,87,R,145,R,35,R,11,R,24,R,48,R,19,R,29,R,4,R,4,R,0,A,,A,,2025
246354,23,-2,1,R,2055,R,737,R,1318,R,1,R,0,R,1,R,23,R,9,R,14,R,65,R,22,R,43,R,1732,R,627,R,1105,R,1,R,0,R,1,R,184,R,64,R,120,R,31,R,9,R,22,R,14,R,2,R,12,R,4,R,4,R,0,A,,A,,2025
246354,24,-2,1,R,977,R,326,R,651,R,1,R,0,R,1,R,10,R,3,R,7,R,27,R,7,R,20,R,851,R,287,R,564,R,0,R,0,R,0,R,63,R,22,R,41,R,13,R,3,R,10,R,10,R,2,R,8,R,2,R,2,R,0,A,,A,,2025
246354,25,-2,1,R,1078,R,411,R,667,R,0,R,0,R,0,R,13,R,6,R,7,R,38,R,15,R,23,R,881,R,340,R,541,R,1,R,0,R,1,R,121,R,42,R,79,R,18,R,6,R,12,R,4,R,0,R,4,R,2,R,2,R,0,A,,A,,2025
246354,31,-2,1,R,686,R,289,R,397,R,0,R,0,R,0,R,9,R,3,R,6,R,12,R,0,R,12,R,579,R,244,R,335,R,0,R,0,R,0,R,48,R,23,R,25,R,4,R,2,R,2,R,34,R,17,R,17,R,0,R,0,R,0,A,,A,,2025
246354,39,-2,1,R,124,R,49,R,75,R,0,R,0,R,0,R,3,R,1,R,2,R,7,R,2,R,5,R,90,R,39,R,51,R,1,R,0,R,1,R,21,R,6,R,15,R,1,R,0,R,1,R,0,R,0,R,0,R,1,R,1,R,0,A,,A,,2025
246354,40,-2,1,R,954,R,362,R,592,R,0,R,0,R,0,R,10,R,5,R,5,R,31,R,13,R,18,R,791,R,301,R,490,R,0,R,0,R,0,R,100,R,36,R,64,R,17,R,6,R,11,R,4,R,0,R,4,R,1,R,1,R,0,A,,A,,2025
246354,41,-2,999,R,17287,R,6736,R,10551,R,31,R,13,R,18,R,338,R,149,R,189,R,1072,R,439,R,633,R,12303,R,4643,R,7660,R,16,R,6,R,10,R,2486,R,1038,R,1448,R,524,R,221,R,303,R,496,R,217,R,279,R,21,R,10,R,11,A,,A,,2025
246354,42,-2,1,R,17287,R,6736,R,10551,R,31,R,13,R,18,R,338,R,149,R,189,R,1072,R,439,R,633,R,12303,R,4643,R,7660,R,16,R,6,R,10,R,2486,R,1038,R,1448,R,524,R,221,R,303,R,496,R,217,R,279,R,21,R,10,R,11,A,,A,,2025
246354,43,-2,1,R,13105,R,5000,R,8105,R,25,R,10,R,15,R,297,R,128,R,169,R,936,R,386,R,550,R,9367,R,3445,R,5922,R,14,R,6,R,8,R,1921,R,792,R,1129,R,441,R,189,R,252,R,84,R,34,R,50,R,20,R,10,R,10,A,,A,,2025
246354,44,-2,1,R,1942,R,749,R,1193,R,7,R,4,R,3,R,20,R,9,R,11,R,108,R,43,R,65,R,1507,R,561,R,946,R,4,R,2,R,2,R,232,R,101,R,131,R,44,R,23,R,21,R,19,R,5,R,14,R,1,R,1,R,0,A,,A,,2025
246354,45,-2,1,R,11163,R,4251,R,6912,R,18,R,6,R,12,R,277,R,119,R,158,R,828,R,343,R,485,R,7860,R,2884,R,4976,R,10,R,4,R,6,R,1689,R,691,R,998,R,397,R,166,R,231,R,65,R,29,R,36,R,19,R,9,R,10,A,,A,,2025
246354,51,-2,1,R,4182,R,1736,R,2446,R,6,R,3,R,3,R,41,R,21,R,20,R,136,R,53,R,83,R,2936,R,1198,R,1738,R,2,R,0,R,2,R,565,R,246,R,319,R,83,R,32,R,51,R,412,R,183,R,229,R,1,R,0,R,1,A,,A,,2025
246354,59,-2,1,R,1587,R,602,R,985,R,1,R,0,R,1,R,56,R,26,R,30,R,145,R,59,R,86,R,1006,R,366,R,640,R,3,R,2,R,1,R,307,R,119,R,188,R,55,R,24,R,31,R,14,R,6,R,8,R,0,R,0,R,0,A,,A,,2025
246354,60,-2,1,R,9576,R,3649,R,5927,R,17,R,6,R,11,R,221,R,93,R,128,R,683,R,284,R,399,R,6854,R,2518,R,4336,R,7,R,2,R,5,R,1382,R,572,R,810,R,342,R,142,R,200,R,51,R,23,R,28,R,19,R,9,R,10,A,,A,,2025
247834,1,1,999,R,55693,R,25073,R,30620,R,248,R,108,R,140,R,8750,R,4167,R,4583,R,7543,R,2959,R,4584,R,11863,R,4951,R,6912,R,56,R,30,R,26,R,20670,R,9934,R,10736,R,2804,R,1209,R,1595,R,976,R,409,R,567,R,2783,R,1306,R,1477,R,417.0,R,55276.0,2025
247834,2,2,1,R,55693,R,25073,R,30620,R,248,R,108,R,140,R,8750,R,4167,R,4583,R,7543,R,2959,R,4584,R,11863,R,4951,R,6912,R,56,R,30,R,26,R,20670,R,9934,R,10736,R,2804,R,1209,R,1595,R,976,R,409,R,567,R,2783,R,1306,R,1477,R,417.0,R,55276.0,2025
247834,3,-2,1,R,38607,R,17902,R,20705,R,165,R,79,R,86,R,5029,R,2505,R,2524,R,6106,R,2468,R,3638,R,9168,R,3889,R,5279,R,38,R,19,R,19,R,13653,R,6882,R,6771,R,1951,R,849,R,1102,R,469,R,213,R,256,R,2028,R,998,R,1030,A,,A,,2025
247834,4,-2,1,R,8527,R,4083,R,4444,R,24,R,13,R,11,R,946,R,462,R,484,R,1325,R,599,R,726,R,2137,R,972,R,1165,R,10,R,5,R,5,R,2895,R,1469,R,1426,R,417,R,185,R,232,R,206,R,96,R,110,R,567,R,282,R,285,A,,A,,2025
247834,5,-2,1,R,30080,R,13819,R,16261,R,141,R,66,R,75,R,4083,R,2043,R,2040,R,4781,R,1869,R,2912,R,7031,R,2917,R,4114,R,28,R,14,R,14,R,10758,R,5413,R,5345,R,1534,R,664,R,870,R,263,R,117,R,146,R,1461,R,716,R,745,A,,A,,2025
247834,11,-2,1,R,17086,R,7171,R,9915,R,83,R,29,R,54,R,3721,R,1662,R,2059,R,1437,R,491,R,946,R,2695,R,1062,R,1633,R,18,R,11,R,7,R,7017,R,3052,R,3965,R,853,R,360,R,493,R,507,R,196,R,311,R,755,R,308,R,447,A,,A,,2025
247834,19,-2,1,R,6166,R,2675,R,3491,R,30,R,15,R,15,R,795,R,372,R,423,R,1249,R,429,R,820,R,1070,R,412,R,658,R,4,R,3,R,1,R,2042,R,969,R,1073,R,280,R,120,R,160,R,129,R,52,R,77,R,567,R,303,R,264,A,,A,,2025
247834,20,-2,1,R,23914,R,11144,R,12770,R,111,R,51,R,60,R,3288,R,1671,R,1617,R,3532,R,1440,R,2092,R,5961,R,2505,R,3456,R,24,R,11,R,13,R,8716,R,4444,R,4272,R,1254,R,544,R,710,R,134,R,65,R,69,R,894,R,413,R,481,A,,A,,2025
247834,21,-2,999,R,14657,R,7461,R,7196,R,70,R,41,R,29,R,1618,R,837,R,781,R,2242,R,985,R,1257,R,3421,R,1615,R,1806,R,17,R,8,R,9,R,5088,R,2866,R,2222,R,733,R,358,R,375,R,203,R,95,R,108,R,1265,R,656,R,609,A,,A,,2025
247834,22,-2,1,R,14657,R,7461,R,7196,R,70,R,41,R,29,R,1618,R,837,R,781,R,2242,R,985,R,1257,R,3421,R,1615,R,1806,R,17,R,8,R,9,R,5088,R,2866,R,2222,R,733,R,358,R,375,R,203,R,95,R,108,R,1265,R,656,R,609,A,,A,,2025
247834,23,-2,1,R,13724,R,7071,R,6653,R,64,R,39,R,25,R,1432,R,765,R,667,R,2157,R,957,R,1200,R,3246,R,1552,R,1694,R,16,R,8,R,8,R,4724,R,2695,R,2029,R,684,R,334,R,350,R,184,R,87,R,97,R,1217,R,634,R,583,A,,A,,2025
247834,24,-2,1,R,4267,R,2153,R,2114,R,16,R,10,R,6,R,412,R,205,R,207,R,636,R,307,R,329,R,1103,R,525,R,578,R,5,R,2,R,3,R,1424,R,770,R,654,R,219,R,105,R,114,R,119,R,58,R,61,R,333,R,171,R,162,A,,A,,2025
247834,25,-2,1,R,9457,R,4918,R,4539,R,48,R,29,R,19,R,1020,R,560,R,460,R,1521,R,650,R,871,R,2143,R,1027,R,1116,R,11,R,6,R,5,R,3300,R,1925,R,1375,R,465,R,229,R,236,R,65,R,29,R,36,R,884,R,463,R,421,A,,A,,2025
247834,31,-2,1,R,933,R,390,R,543,R,6,R,2,R,4,R,186,R,72,R,114,R,85,R,28,R,57,R,175,R,63,R,112,R,1,R,0,R,1,R,364,R,171,R,193,R,49,R,24,R,25,R,19,R,8,R,11,R,48,R,22,R,26,A,,A,,2025
247834,39,-2,1,R,1848,R,972,R,876,R,9,R,5,R,4,R,125,R,68,R,57,R,387,R,160,R,227,R,298,R,135,R,163,R,1,R,1,R,0,R,564,R,345,R,219,R,84,R,43,R,41,R,25,R,8,R,17,R,355,R,207,R,148,A,,A,,2025
247834,40,-2,1,R,7609,R,3946,R,3663,R,39,R,24,R,15,R,895,R,492,R,403,R,1134,R,490,R,644,R,1845,R,892,R,953,R,10,R,5,R,5,R,2736,R,1580,R,1156,R,381,R,186,R,195,R,40,R,21,R,19,R,529,R,256,R,273,A,,A,,2025
247834,41,-2,999,R,41036,R,17612,R,23424,R,178,R,67,R,111,R,7132,R,3330,R,3802,R,5301,R,1974,R,3327,R,8442,R,3336,R,5106,R,39,R,22,R,17,R,15582,R,7068,R,8514,R,2071,R,851,R,1220,R,773,R,314,R,459,R,1518,R,650,R,868,A,,A,,2025
247834,42,-2,1,R,41036,R,17612,R,23424,R,178,R,67,R,111,R,7132,R,3330,R,3802,R,5301,R,1974,R,3327,R,8442,R,3336,R,5106,R,39,R,22,R,17,R,15582,R,7068,R,8514,R,2071,R,851,R,1220,R,773,R,314,R,459,R,1518,R,650,R,868,A,,A,,2025
247834,43,-2,1,R,24883,R,10831,R,14052,R,101,R,40,R,61,R,3597,R,1740,R,1857,R,3949,R,1511,R,2438,R,5922,R,2337,R,3585,R,22,R,11,R,11,R,8929,R,4187,R,4742,R,1267,R,515,R,752,R,285,R,126,R,159,R,811,R,364,R,447,A,,A,,2025
247834,44,-2,1,R,4260,R,1930,R,2330,R,8,R,3,R,5,R,534,R,257,R,277,R,689,R,292,R,397,R,1034,R,447,R,587,R,5,R,3,R,2,R,1471,R,699,R,772,R,198,R,80,R,118,R,87,R,38,R,49,R,234,R,111,R,123,A,,A,,2025
247834,45,-2,1,R,20623,R,8901,R,11722,R,93,R,37,R,56,R,3063,R,1483,R,1580,R,3260,R,1219,R,2041,R,4888,R,1890,R,2998,R,17,R,8,R,9,R,7458,R,3488,R,3970,R,1069,R,435,R,634,R,198,R,88,R,110,R,577,R,253,R,324,A,,A,,2025
247834,51,-2,1,R,16153,R,6781,R,9372,R,77,R,27,R,50,R,3535,R,1590,R,1945,R,1352,R,463,R,889,R,2520,R,999,R,1521,R,17,R,11,R,6,R,6653,R,2881,R,3772,R,804,R,336,R,468,R,488,R,188,R,300,R,707,R,286,R,421,A,,A,,2025
247834,59,-2,1,R,4318,R,1703,R,2615,R,21,R,10,R,11,R,670,R,304,R,366,R,862,R,269,R,593,R,772,R,277,R,495,R,3,R,2,R,1,R,1478,R,624,R,854,R,196,R,77,R,119,R,104,R,44,R,60,R,212,R,96,R,116,A,,A,,2025
247834,60,-2,1,R,16305,R,7198,R,9107,R,72,R,27,R,45,R,2393,R,1179,R,1214,R,2398,R,950,R,1448,R,4116,R,1613,R,2503,R,14,R,6,R,8,R,5980,R,2864,R,3116,R,873,R,358,R,515,R,94,R,44,R,50,R,365,R,157,R,208,A,,A,,2025
382911,1,1,999,R,58,R,30,R,28,R,3,R,2,R,1,R,5,R,3,R,2,R,13,R,7,R,6,R,21,R,11,R,10,Z,0,Z,0,Z,0,R,12,R,5,R,7,R,2,Z,0,R,2,R,2,R,2,Z,0,Z,0,Z,0,Z,0,R,0.0,R,58.0,2025
382911,2,2,1,R,58,R,30,R,28,R,3,R,2,R,1,R,5,R,3,R,2,R,13,R,7,R,6,R,21,R,11,R,10,Z,0,Z,0,Z,0,R,12,R,5,R,7,R,2,Z,0,R,2,R,2,R,2,Z,0,Z,0,Z,0,Z,0,R,0.0,R,58.0,2025
382911,3,-2,1,R,58,R,30,R,28,R,3,R,2,R,1,R,5,R,3,R,2,R,13,R,7,R,6,R,21,R,11,R,10,Z,0,Z,0,Z,0,R,12,R,5,R,7,R,2,Z,0,R,2,R,2,R,2,Z,0,Z,0,Z,0,Z,0,A,,A,,2025
382911,4,-2,1,R,18,R,12,R,6,R,2,R,1,R,1,R,1,R,1,Z,0,R,6,R,4,R,2,R,5,R,3,R,2,Z,0,Z,0,Z,0,R,3,R,2,R,1,Z,0,Z,0,Z,0,R,1,R,1,Z,0,Z,0,Z,0,Z,0,A,,A,,2025
382911,5,-2,1,R,40,R,18,R,22,R,1,R,1,Z,0,R,4,R,2,R,2,R,7,R,3,R,4,R,16,R,8,R,8,Z,0,Z,0,Z,0,R,9,R,3,R,6,R,2,Z,0,R,2,R,1,R,1,Z,0,Z,0,Z,0,Z,0,A,,A,,2025
382911,19,-2,1,R,6,R,4,R,2,Z,0,Z,0,Z,0,R,1,R,1,Z,0,R,1,Z,0,R,1,R,3,R,3,Z,0,Z,0,Z,0,Z,0,R,1,Z,0,R,1,Z,0,Z,0,Z,0,Z,0,Z,0,Z,0,Z,0,Z,0,Z,0,A,,A,,2025
382911,20,-2,1,R,34,R,14,R,20,R,1,R,1,Z,0,R,3,R,1,R,2,R,6,R,3,R,3,R,13,R,5,R,8,Z,0,Z,0,Z,0,R,8,R,3,R,5,R,2,Z,0,R,2,R,1,R,1,Z,0,Z,0,Z,0,Z,0,A,,A,,2025
382911,21,-2,999,R,49,R,25,R,24,R,2,R,2,Z,0,R,3,R,2,R,1,R,11,R,6,R,5,R,19,R,10,R,9,Z,0,Z,0,Z,0,R,10,R,3,R,7,R,2,Z,0,R,2,R,2,R,2,Z,0,Z,0,Z,0,Z,0,A,,A,,2025
382911,22,-2,1,R,49,R,25,R,24,R,2,R,2,Z,0,R,3,R,2,R,1,R,11,R,6,R,5,R,19,R,10,R,9,Z,0,Z,0,Z,0,R,10,R,3,R,7,R,2,Z,0,R,2,R,2,R,2,Z,0,Z,0,Z,0,Z,0,A,,A,,2025
382911,23,-2,1,R,49,R,25,R,24,R,2,R,2,Z,0,R,3,R,2,R,1,R,11,R,6,R,5,R,19,R,10,R,9,Z,0,Z,0,Z,0,R,10,R,3,R,7,R,2,Z,0,R,2,R,2,R,2,Z,0,Z,0,Z,0,Z,0,A,,A,,2025
382911,24,-2,1,R,17,R,12,R,5,R,1,R,1,Z,0,R,1,R,1,Z,0,R,6,R,4,R,2,R,5,R,3,R,2,Z,0,Z,0,Z,0,R,3,R,2,R,1,Z,0,Z,0,Z,0,R,1,R,1,Z,0,Z,0,Z,0,Z,0,A,,A,,2025
382911,25,-2,1,R,32,R,13,R,19,R,1,R,1,Z,0,R,2,R,1,R,1,R,5,R,2,R,3,R,14,R,7,R,7,Z,0,Z,0,Z,0,R,7,R,1,R,6,R,2,Z,0,R,2,R,1,R,1,Z,0,Z,0,Z,0,Z,0,A,,A,,2025
382911,39,-2,1,R,6,R,4,R,2,Z,0,Z,0,Z,0,R,1,R,1,Z,0,R,1,Z,0,R,1,R,3,R,3,Z,0,Z,0,Z,0,Z,0,R,1,Z,0,R,1,Z,0,Z,0,Z,0,Z,0,Z,0,Z,0,Z,0,Z,0,Z,0,A,,A,,2025
382911,40,-2,1,R,26,R,9,R,17,R,1,R,1,Z,0,R,1,Z,0,R,1,R,4,R,2,R,2,R,11,R,4,R,7,Z,0,Z,0,Z,0,R,6,R,1,R,5,R,2,Z,0,R,2,R,1,R,1,Z,0,Z,0,Z,0,Z,0,A,,A,,2025
382911,41,-2,999,R,9,R,5,R,4,R,1,Z,0,R,1,R,2,R,1,R,1,R,2,R,1,R,1,R,2,R,1,R,1,Z,0,Z,0,Z,0,R,2,R,2,Z,0,Z,0,Z,0,Z,0,Z,0,Z,0,Z,0,Z,0,Z,0,Z,0,A,,A,,2025
382911,42,-2,1,R,9,R,5,R,4,R,1,Z,0,R,1,R,2,R,1,R,1,R,2,R,1,R,1,R,2,R,1,R,1,Z,0,Z,0,Z,0,R,2,R,2,Z,0,Z,0,Z,0,Z,0,Z,0,Z,0,Z,0,Z,0,Z,0,Z,0,A,,A,,2025
382911,43,-2,1,R,9,R,5,R,4,R,1,Z,0,R,1,R,2,R,1,R,1,R,2,R,1,R,1,R,2,R,1,R,1,Z,0,Z,0,Z,0,R,2,R,2,Z,0,Z,0,Z,0,Z,0,Z,0,Z,0,Z,0,Z,0,Z,0,Z,0,A,,A,,2025
382911,44,-2,1,R,1,Z,0,R,1,R,1,Z,0,R,1,Z,0,Z,0,Z,0,Z,0,Z,0,Z,0,Z,0,Z,0,Z,0,Z,0,Z,0,Z,0,Z,0,Z,0,Z,0,Z,0,Z,0,Z,0,Z,0,Z,0,Z,0,Z,0,Z,0,Z,0,A,,A,,2025
382911,45,-2,1,R,8,R,5,R,3,Z,0,Z,0,Z,0,R,2,R,1,R,1,R,2,R,1,R,1,R,2,R,1,R,1,Z,0,Z,0,Z,0,R,2,R,2,Z,0,Z,0,Z,0,Z,0,Z,0,Z,0,Z,0,Z,0,Z,0,Z,0,A,,A,,2025
382911,60,-2,1,R,8,R,5,R,3,Z,0,Z,0,Z,0,R,2,R,1,R,1,R,2,R,1,R,1,R,2,R,1,R,1,Z,0,Z,0,Z,0,R,2,R,2,Z,0,Z,0,Z,0,Z,0,Z,0,Z,0,Z,0,Z,0,Z,0,Z,0,A,,A,,2025
409315,1,1,999,R,37077,R,16110,R,20967,R,26,R,20,R,6,R,245,R,115,R,130,R,173,R,75,R,98,R,35442,R,15312,R,20130,R,5,R,3,R,2,R,781,R,380,R,401,R,60,R,26,R,34,R,324,R,171,R,153,R,21,R,8,R,13,R,0.0,R,37077.0,2025
409315,2,2,1,R,37077,R,16110,R,20967,R,26,R,20,R,6,R,245,R,115,R,130,R,173,R,75,R,98,R,35442,R,15312,R,20130,R,5,R,3,R,2,R,781,R,380,R,401,R,60,R,26,R,34,R,324,R,171,R,153,R,21,R,8,R,13,R,0.0,R,37077.0,2025
409315,3,-2,1,R,21543,R,8878,R,12665,R,18,R,14,R,4,R,132,R,61,R,71,R,149,R,64,R,85,R,20381,R,8326,R,12055,R,5,R,3,R,2,R,546,R,259,R,287,R,39,R,15,R,24,R,252,R,128,R,124,R,21,R,8,R,13,A,,A,,2025
409315,4,-2,1,R,4791,R,2102,R,2689,R,4,R,4,R,0,R,7,R,5,R,2,R,17,R,7,R,10,R,4581,R,1994,R,2587,R,1,R,1,R,0,R,97,R,47,R,50,R,4,R,2,R,2,R,78,R,41,R,37,R,2,R,1,R,1,A,,A,,2025
409315,5,-2,1,R,16752,R,6776,R,9976,R,14,R,10,R,4,R,125,R,56,R,69,R,132,R,57,R,75,R,15800,R,6332,R,9468,R,4,R,2,R,2,R,449,R,212,R,237,R,35,R,13,R,22,R,174,R,87,R,87,R,19,R,7,R,12,A,,A,,2025
409315,11,-2,1,R,15534,R,7232,R,8302,R,8,R,6,R,2,R,113,R,54,R,59,R,24,R,11,R,13,R,15061,R,6986,R,8075,R,0,R,0,R,0,R,235,R,121,R,114,R,21,R,11,R,10,R,72,R,43,R,29,R,0,R,0,R,0,A,,A,,2025
409315,19,-2,1,R,1680,R,619,R,1061,R,2,R,0,R,2,R,31,R,14,R,17,R,42,R,12,R,30,R,1463,R,536,R,927,R,1,R,1,R,0,R,104,R,41,R,63,R,6,R,2,R,4,R,29,R,13,R,16,R,2,R,0,R,2,A,,A,,2025
409315,20,-2,1,R,15072,R,6157,R,8915,R,12,R,10,R,2,R,94,R,42,R,52,R,90,R,45,R,45,R,14337,R,5796,R,8541,R,3,R,1,R,2,R,345,R,171,R,174,R,29,R,11,R,18,R,145,R,74,R,71,R,17,R,7,R,10,A,,A,,2025
409315,21,-2,999,R,12127,R,5304,R,6823,R,8,R,5,R,3,R,67,R,29,R,38,R,66,R,25,R,41,R,11549,R,5035,R,6514,R,3,R,2,R,1,R,238,R,115,R,123,R,16,R,8,R,8,R,160,R,78,R,82,R,20,R,7,R,13,A,,A,,2025
409315,22,-2,1,R,12127,R,5304,R,6823,R,8,R,5,R,3,R,67,R,29,R,38,R,66,R,25,R,41,R,11549,R,5035,R,6514,R,3,R,2,R,1,R,238,R,115,R,123,R,16,R,8,R,8,R,160,R,78,R,82,R,20,R,7,R,13,A,,A,,2025
409315,23,-2,1,R,9246,R,4019,R,5227,R,6,R,3,R,3,R,50,R,20,R,30,R,60,R,24,R,36,R,8749,R,3790,R,4959,R,3,R,2,R,1,R,203,R,100,R,103,R,14,R,7,R,7,R,141,R,66,R,75,R,20,R,7,R,13,A,,A,,2025
409315,24,-2,1,R,2922,R,1360,R,1562,R,1,R,1,R,0,R,2,R,0,R,2,R,9,R,3,R,6,R,2801,R,1302,R,1499,R,0,R,0,R,0,R,52,R,32,R,20,R,2,R,0,R,2,R,53,R,21,R,32,R,2,R,1,R,1,A,,A,,2025
409315,25,-2,1,R,6324,R,2659,R,3665,R,5,R,2,R,3,R,48,R,20,R,28,R,51,R,21,R,30,R,5948,R,2488,R,3460,R,3,R,2,R,1,R,151,R,68,R,83,R,12,R,7,R,5,R,88,R,45,R,43,R,18,R,6,R,12,A,,A,,2025
409315,31,-2,1,R,2881,R,1285,R,1596,R,2,R,2,R,0,R,17,R,9,R,8,R,6,R,1,R,5,R,2800,R,1245,R,1555,R,0,R,0,R,0,R,35,R,15,R,20,R,2,R,1,R,1,R,19,R,12,R,7,R,0,R,0,R,0,A,,A,,2025
409315,39,-2,1,R,630,R,238,R,392,R,2,R,0,R,2,R,5,R,2,R,3,R,22,R,5,R,17,R,552,R,213,R,339,R,1,R,1,R,0,R,35,R,13,R,22,R,1,R,0,R,1,R,10,R,4,R,6,R,2,R,0,R,2,A,,A,,2025
409315,40,-2,1,R,5694,R,2421,R,3273,R,3,R,2,R,1,R,43,R,18,R,25,R,29,R,16,R,13,R,5396,R,2275,R,3121,R,2,R,1,R,1,R,116,R,55,R,61,R,11,R,7,R,4,R,78,R,41,R,37,R,16,R,6,R,10,A,,A,,2025
409315,41,-2,999,R,24950,R,10806,R,14144,R,18,R,15,R,3,R,178,R,86,R,92,R,107,R,50,R,57,R,23893,R,10277,R,13616,R,2,R,1,R,1,R,543,R,265,R,278,R,44,R,18,R,26,R,164,R,93,R,71,R,1,R,1,R,0,A,,A,,2025
409315,42,-2,1,R,24950,R,10806,R,14144,R,18,R,15,R,3,R,178,R,86,R,92,R,107,R,50,R,57,R,23893,R,10277,R,13616,R,2,R,1,R,1,R,543,R,265,R,278,R,44,R,18,R,26,R,164,R,93,R,71,R,1,R,1,R,0,A,,A,,2025
409315,43,-2,1,R,12297,R,4859,R,7438,R,12,R,11,R,1,R,82,R,41,R,41,R,89,R,40,R,49,R,11632,R,4536,R,7096,R,2,R,1,R,1,R,343,R,159,R,184,R,25,R,8,R,17,R,111,R,62,R,49,R,1,R,1,R,0,A,,A,,2025
409315,44,-2,1,R,1869,R,742,R,1127,R,3,R,3,R,0,R,5,R,5,R,0,R,8,R,4,R,4,R,1780,R,692,R,1088,R,1,R,1,R,0,R,45,R,15,R,30,R,2,R,2,R,0,R,25,R,20,R,5,R,0,R,0,R,0,A,,A,,2025
409315,45,-2,1,R,10428,R,4117,R,6311,R,9,R,8,R,1,R,77,R,36,R,41,R,81,R,36,R,45,R,9852,R,3844,R,6008,R,1,R,0,R,1,R,298,R,144,R,154,R,23,R,6,R,17,R,86,R,42,R,44,R,1,R,1,R,0,A,,A,,2025
409315,51,-2,1,R,12653,R,5947,R,6706,R,6,R,4,R,2,R,96,R,45,R,51,R,18,R,10,R,8,R,12261,R,5741,R,6520,R,0,R,0,R,0,R,200,R,106,R,94,R,19,R,10,R,9,R,53,R,31,R,22,R,0,R,0,R,0,A,,A,,2025
409315,59,-2,1,R,1050,R,381,R,669,R,0,R,0,R,0,R,26,R,12,R,14,R,20,R,7,R,13,R,911,R,323,R,588,R,0,R,0,R,0,R,69,R,28,R,41,R,5,R,2,R,3,R,19,R,9,R,10,R,0,R,0,R,0,A,,A,,2025
409315,60,-2,1,R,9378,R,3736,R,5642,R,9,R,8,R,1,R,51,R,24,R,27,R,61,R,29,R,32,R,8941,R,3521,R,5420,R,1,R,0,R,1,R,229,R,116,R,113,R,18,R,4,R,14,R,67,R,33,R,34,R,1,R,1,R,0,A,,A,,2025
416801,1,1,999,R,529,R,120,R,409,R,0,R,0,R,0,R,127,R,33,R,94,R,44,R,7,R,37,R,184,R,39,R,145,R,0,R,0,R,0,R,117,R,28,R,89,R,19,R,7,R,12,R,9,R,1,R,8,R,29,R,5,R,24,R,0.0,R,529.0,2025
416801,2,2,1,R,458,R,102,R,356,R,0,R,0,R,0,R,113,R,29,R,84,R,36,R,5,R,31,R,171,R,38,R,133,R,0,R,0,R,0,R,97,R,23,R,74,R,16,R,6,R,10,R,7,R,1,R,6,R,18,R,0,R,18,R,0.0,R,458.0,2025
416801,3,-2,1,R,458,R,102,R,356,R,0,R,0,R,0,R,113,R,29,R,84,R,36,R,5,R,31,R,171,R,38,R,133,R,0,R,0,R,0,R,97,R,23,R,74,R,16,R,6,R,10,R,7,R,1,R,6,R,18,R,0,R,18,A,,A,,2025
416801,5,-2,1,R,458,R,102,R,356,R,0,R,0,R,0,R,113,R,29,R,84,R,36,R,5,R,31,R,171,R,38,R,133,R,0,R,0,R,0,R,97,R,23,R,74,R,16,R,6,R,10,R,7,R,1,R,6,R,18,R,0,R,18,A,,A,,2025
416801,12,4,3,R,71,R,18,R,53,R,0,R,0,R,0,R,14,R,4,R,10,R,8,R,2,R,6,R,13,R,1,R,12,R,0,R,0,R,0,R,20,R,5,R,15,R,3,R,1,R,2,R,2,R,0,R,2,R,11,R,5,R,6,R,0.0,R,71.0,2025
416801,19,-2,1,R,76,R,16,R,60,R,0,R,0,R,0,R,19,R,7,R,12,R,7,R,2,R,5,R,29,R,7,R,22,R,0,R,0,R,0,R,13,R,0,R,13,R,2,R,0,R,2,R,0,R,0,R,0,R,6,R,0,R,6,A,,A,,2025
416801,20,-2,1,R,382,R,86,R,296,R,0,R,0,R,0,R,94,R,22,R,72,R,29,R,3,R,26,R,142,R,31,R,111,R,0,R,0,R,0,R,84,R,23,R,61,R,14,R,6,R,8,R,7,R,1,R,6,R,12,R,0,R,12,A,,A,,2025
416801,21,-2,999,R,473,R,111,R,362,R,0,R,0,R,0,R,120,R,31,R,89,R,38,R,7,R,31,R,159,R,36,R,123,R,0,R,0,R,0,R,103,R,25,R,78,R,18,R,6,R,12,R,7,R,1,R,6,R,28,R,5,R,23,A,,A,,2025
416801,22,-2,1,R,402,R,93,R,309,R,0,R,0,R,0,R,106,R,27,R,79,R,30,R,5,R,25,R,146,R,35,R,111,R,0,R,0,R,0,R,83,R,20,R,63,R,15,R,5,R,10,R,5,R,1,R,4,R,17,R,0,R,17,A,,A,,2025
416801,23,-2,1,R,402,R,93,R,309,R,0,R,0,R,0,R,106,R,27,R,79,R,30,R,5,R,25,R,146,R,35,R,111,R,0,R,0,R,0,R,83,R,20,R,63,R,15,R,5,R,10,R,5,R,1,R,4,R,17,R,0,R,17,A,,A,,2025
416801,25,-2,1,R,402,R,93,R,309,R,0,R,0,R,0,R,106,R,27,R,79,R,30,R,5,R,25,R,146,R,35,R,111,R,0,R,0,R,0,R,83,R,20,R,63,R,15,R,5,R,10,R,5,R,1,R,4,R,17,R,0,R,17,A,,A,,2025
416801,32,-2,3,R,71,R,18,R,53,R,0,R,0,R,0,R,14,R,4,R,10,R,8,R,2,R,6,R,13,R,1,R,12,R,0,R,0,R,0,R,20,R,5,R,15,R,3,R,1,R,2,R,2,R,0,R,2,R,11,R,5,R,6,A,,A,,2025
416801,39,-2,1,R,74,R,16,R,58,R,0,R,0,R,0,R,19,R,7,R,12,R,7,R,2,R,5,R,29,R,7,R,22,R,0,R,0,R,0,R,11,R,0,R,11,R,2,R,0,R,2,R,0,R,0,R,0,R,6,R,0,R,6,A,,A,,2025
416801,40,-2,1,R,328,R,77,R,251,R,0,R,0,R,0,R,87,R,20,R,67,R,23,R,3,R,20,R,117,R,28,R,89,R,0,R,0,R,0,R,72,R,20,R,52,R,13,R,5,R,8,R,5,R,1,R,4,R,11,R,0,R,11,A,,A,,2025
416801,41,-2,999,R,56,R,9,R,47,R,0,R,0,R,0,R,7,R,2,R,5,R,6,R,0,R,6,R,25,R,3,R,22,R,0,R,0,R,0,R,14,R,3,R,11,R,1,R,1,R,0,R,2,R,0,R,2,R,1,R,0,R,1,A,,A,,2025
416801,42,-2,1,R,56,R,9,R,47,R,0,R,0,R,0,R,7,R,2,R,5,R,6,R,0,R,6,R,25,R,3,R,22,R,0,R,0,R,0,R,14,R,3,R,11,R,1,R,1,R,0,R,2,R,0,R,2,R,1,R,0,R,1,A,,A,,2025
416801,43,-2,1,R,56,R,9,R,47,R,0,R,0,R,0,R,7,R,2,R,5,R,6,R,0,R,6,R,25,R,3,R,22,R,0,R,0,R,0,R,14,R,3,R,11,R,1,R,1,R,0,R,2,R,0,R,2,R,1,R,0,R,1,A,,A,,2025
416801,45,-2,1,R,56,R,9,R,47,R,0,R,0,R,0,R,7,R,2,R,5,R,6,R,0,R,6,R,25,R,3,R,22,R,0,R,0,R,0,R,14,R,3,R,11,R,1,R,1,R,0,R,2,R,0,R,2,R,1,R,0,R,1,A,,A,,2025
416801,59,-2,1,R,2,R,0,R,2,R,0,R,0,R,0,R,0,R,0,R,0,R,0,R,0,R,0,R,0,R,0,R,0,R,0,R,0,R,0,R,2,R,0,R,2,R,0,R,0,R,0,R,0,R,0,R,0,R,0,R,0,R,0,A,,A,,2025
416801,60,-2,1,R,54,R,9,R,45,R,0,R,0,R,0,R,7,R,2,R,5,R,6,R,0,R,6,R,25,R,3,R,22,R,0,R,0,R,0,R,12,R,3,R,9,R,1,R,1,R,0,R,2,R,0,R,2,R,1,R,0,R,1,A,,A,,2025
420398,1,1,999,R,28321,R,11883,R,16438,R,57,R,29,R,28,R,1067,R,454,R,613,R,1992,R,859,R,1133,R,18738,R,7681,R,11057,R,42,R,19,R,23,R,4876,R,2161,R,2715,R,1128,R,469,R,659,R,367,R,183,R,184,R,54,R,28,R,26,R,0.0,R,28321.0,2025
420398,2,2,1,R,28321,R,11883,R,16438,R,57,R,29,R,28,R,1067,R,454,R,613,R,1992,R,859,R,1133,R,18738,R,7681,R,11057,R,42,R,19,R,23,R,4876,R,2161,R,2715,R,1128,R,469,R,659,R,367,R,183,R,184,R,54,R,28,R,26,R,0.0,R,28321.0,2025
420398,3,-2,1,R,21541,R,9057,R,12484,R,45,R,20,R,25,R,619,R,273,R,346,R,1603,R,706,R,897,R,14706,R,6038,R,8668,R,32,R,15,R,17,R,3519,R,1579,R,1940,R,828,R,333,R,495,R,136,R,66,R,70,R,53,R,27,R,26,A,,A,,2025
420398,4,-2,1,R,4237,R,1942,R,2295,R,12,R,5,R,7,R,126,R,59,R,67,R,260,R,125,R,135,R,2964,R,1331,R,1633,R,5,R,3,R,2,R,668,R,327,R,341,R,152,R,68,R,84,R,45,R,22,R,23,R,5,R,2,R,3,A,,A,,2025
420398,5,-2,1,R,17304,R,7115,R,10189,R,33,R,15,R,18,R,493,R,214,R,279,R,1343,R,581,R,762,R,11742,R,4707,R,7035,R,27,R,12,R,15,R,2851,R,1252,R,1599,R,676,R,265,R,411,R,91,R,44,R,47,R,48,R,25,R,23,A,,A,,2025
420398,11,-2,1,R,6780,R,2826,R,3954,R,12,R,9,R,3,R,448,R,181,R,267,R,389,R,153,R,236,R,4032,R,1643,R,2389,R,10,R,4,R,6,R,1357,R,582,R,775,R,300,R,136,R,164,R,231,R,117,R,114,R,1,R,1,R,0,A,,A,,2025
420398,19,-2,1,R,2574,R,1022,R,1552,R,3,R,1,R,2,R,92,R,31,R,61,R,250,R,115,R,135,R,1620,R,619,R,1001,R,4,R,2,R,2,R,480,R,202,R,278,R,91,R,33,R,58,R,25,R,14,R,11,R,9,R,5,R,4,A,,A,,2025
420398,20,-2,1,R,14730,R,6093,R,8637,R,30,R,14,R,16,R,401,R,183,R,218,R,1093,R,466,R,627,R,10122,R,4088,R,6034,R,23,R,10,R,13,R,2371,R,1050,R,1321,R,585,R,232,R,353,R,66,R,30,R,36,R,39,R,20,R,19,A,,A,,2025
420398,21,-2,999,R,4640,R,2156,R,2484,R,10,R,5,R,5,R,172,R,80,R,92,R,257,R,124,R,133,R,3198,R,1482,R,1716,R,4,R,1,R,3,R,740,R,350,R,390,R,189,R,83,R,106,R,38,R,15,R,23,R,32,R,16,R,16,A,,A,,2025
420398,22,-2,1,R,4640,R,2156,R,2484,R,10,R,5,R,5,R,172,R,80,R,92,R,257,R,124,R,133,R,3198,R,1482,R,1716,R,4,R,1,R,3,R,740,R,350,R,390,R,189,R,83,R,106,R,38,R,15,R,23,R,32,R,16,R,16,A,,A,,2025
420398,23,-2,1,R,4183,R,1949,R,2234,R,8,R,4,R,4,R,132,R,63,R,69,R,231,R,113,R,118,R,2927,R,1358,R,1569,R,3,R,1,R,2,R,648,R,312,R,336,R,170,R,70,R,100,R,32,R,12,R,20,R,32,R,16,R,16,A,,A,,2025
420398,24,-2,1,R,1816,R,856,R,960,R,4,R,2,R,2,R,61,R,29,R,32,R,102,R,52,R,50,R,1281,R,602,R,679,R,1,R,1,R,0,R,276,R,135,R,141,R,67,R,25,R,42,R,20,R,9,R,11,R,4,R,1,R,3,A,,A,,2025
420398,25,-2,1,R,2367,R,1093,R,1274,R,4,R,2,R,2,R,71,R,34,R,37,R,129,R,61,R,68,R,1646,R,756,R,890,R,2,R,0,R,2,R,372,R,177,R,195,R,103,R,45,R,58,R,12,R,3,R,9,R,28,R,15,R,13,A,,A,,2025
420398,31,-2,1,R,457,R,207,R,250,R,2,R,1,R,1,R,40,R,17,R,23,R,26,R,11,R,15,R,271,R,124,R,147,R,1,R,0,R,1,R,92,R,38,R,54,R,19,R,13,R,6,R,6,R,3,R,3,R,0,R,0,R,0,A,,A,,2025
420398,39,-2,1,R,275,R,120,R,155,R,1,R,0,R,1,R,5,R,1,R,4,R,21,R,7,R,14,R,182,R,80,R,102,R,1,R,0,R,1,R,39,R,19,R,20,R,16,R,8,R,8,R,2,R,0,R,2,R,8,R,5,R,3,A,,A,,2025
420398,40,-2,1,R,2092,R,973,R,1119,R,3,R,2,R,1,R,66,R,33,R,33,R,108,R,54,R,54,R,1464,R,676,R,788,R,1,R,0,R,1,R,333,R,158,R,175,R,87,R,37,R,50,R,10,R,3,R,7,R,20,R,10,R,10,A,,A,,2025
420398,41,-2,999,R,23681,R,9727,R,13954,R,47,R,24,R,23,R,895,R,374,R,521,R,1735,R,735,R,1000,R,15540,R,6199,R,9341,R,38,R,18,R,20,R,4136,R,1811,R,2325,R,939,R,386,R,553,R,329,R,168,R,161,R,22,R,12,R,10,A,,A,,2025
420398,42,-2,1,R,23681,R,9727,R,13954,R,47,R,24,R,23,R,895,R,374,R,521,R,1735,R,735,R,1000,R,15540,R,6199,R,9341,R,38,R,18,R,20,R,4136,R,1811,R,2325,R,939,R,386,R,553,R,329,R,168,R,161,R,22,R,12,R,10,A,,A,,2025
420398,43,-2,1,R,17358,R,7108,R,10250,R,37,R,16,R,21,R,487,R,210,R,277,R,1372,R,593,R,779,R,11779,R,4680,R,7099,R,29,R,14,R,15,R,2871,R,1267,R,1604,R,658,R,263,R,395,R,104,R,54,R,50,R,21,R,11,R,10,A,,A,,2025
420398,44,-2,1,R,2421,R,1086,R,1335,R,8,R,3,R,5,R,65,R,30,R,35,R,158,R,73,R,85,R,1683,R,729,R,954,R,4,R,2,R,2,R,392,R,192,R,200,R,85,R,43,R,42,R,25,R,13,R,12,R,1,R,1,R,0,A,,A,,2025
420398,45,-2,1,R,14937,R,6022,R,8915,R,29,R,13,R,16,R,422,R,180,R,242,R,1214,R,520,R,694,R,10096,R,3951,R,6145,R,25,R,12,R,13,R,2479,R,1075,R,1404,R,573,R,220,R,353,R,79,R,41,R,38,R,20,R,10,R,10,A,,A,,2025
420398,51,-2,1,R,6323,R,2619,R,3704,R,10,R,8,R,2,R,408,R,164,R,244,R,363,R,142,R,221,R,3761,R,1519,R,2242,R,9,R,4,R,5,R,1265,R,544,R,721,R,281,R,123,R,158,R,225,R,114,R,111,R,1,R,1,R,0,A,,A,,2025
420398,59,-2,1,R,2299,R,902,R,1397,R,2,R,1,R,1,R,87,R,30,R,57,R,229,R,108,R,121,R,1438,R,539,R,899,R,3,R,2,R,1,R,441,R,183,R,258,R,75,R,25,R,50,R,23,R,14,R,9,R,1,R,0,R,1,A,,A,,2025
420398,60,-2,1,R,12638,R,5120,R,7518,R,27,R,12,R,15,R,335,R,150,R,185,R,985,R,412,R,573,R,8658,R,3412,R,5246,R,22,R,10,R,12,R,2038,R,892,R,1146,R,498,R,195,R,303,R,56,R,27,R,29,R,19,R,10,R,9,A,,A,,2025
441760,1,1,999,R,6956,R,3161,R,3795,R,74,R,37,R,37,R,182,R,88,R,94,R,1923,R,747,R,1176,R,1538,R,651,R,887,R,8,R,3,R,5,R,2734,R,1371,R,1363,R,113,R,62,R,51,R,384,R,202,R,182,Z,0,Z,0,Z,0,R,0.0,R,6956.0,2025
441760,2,2,1,R,6956,R,3161,R,3795,R,74,R,37,R,37,R,182,R,88,R,94,R,1923,R,747,R,1176,R,1538,R,651,R,887,R,8,R,3,R,5,R,2734,R,1371,R,1363,R,113,R,62,R,51,R,384,R,202,R,182,Z,0,Z,0,Z,0,R,0.0,R,6956.0,2025
441760,3,-2,1,R,4044,R,1639,R,2405,R,43,R,18,R,25,R,118,R,52,R,66,R,1274,R,446,R,828,R,835,R,309,R,526,R,3,R,1,R,2,R,1604,R,738,R,866,R,55,R,26,R,29,R,112,R,49,R,63,Z,0,Z,0,Z,0,A,,A,,2025
441760,4,-2,1,R,1097,R,496,R,601,R,9,R,5,R,4,R,21,R,11,R,10,R,355,R,147,R,208,R,254,R,105,R,149,Z,0,Z,0,Z,0,R,409,R,206,R,203,R,8,R,4,R,4,R,41,R,18,R,23,Z,0,Z,0,Z,0,A,,A,,2025
441760,5,-2,1,R,2947,R,1143,R,1804,R,34,R,13,R,21,R,97,R,41,R,56,R,919,R,299,R,620,R,581,R,204,R,377,R,3,R,1,R,2,R,1195,R,532,R,663,R,47,R,22,R,25,R,71,R,31,R,40,Z,0,Z,0,Z,0,A,,A,,2025
441760,11,-2,1,R,2912,R,1522,R,1390,R,31,R,19,R,12,R,64,R,36,R,28,R,649,R,301,R,348,R,703,R,342,R,361,R,5,R,2,R,3,R,1130,R,633,R,497,R,58,R,36,R,22,R,272,R,153,R,119,Z,0,Z,0,Z,0,A,,A,,2025
441760,19,-2,1,R,661,R,233,R,428,R,3,R,1,R,2,R,23,R,9,R,14,R,226,R,68,R,158,R,116,R,35,R,81,Z,0,Z,0,Z,0,R,279,R,112,R,167,R,8,R,5,R,3,R,6,R,3,R,3,Z,0,Z,0,Z,0,A,,A,,2025
441760,20,-2,1,R,2286,R,910,R,1376,R,31,R,12,R,19,R,74,R,32,R,42,R,693,R,231,R,462,R,465,R,169,R,296,R,3,R,1,R,2,R,916,R,420,R,496,R,39,R,17,R,22,R,65,R,28,R,37,Z,0,Z,0,Z,0,A,,A,,2025
441760,21,-2,999,R,2144,R,995,R,1149,R,31,R,11,R,20,R,54,R,31,R,23,R,657,R,259,R,398,R,398,R,184,R,214,R,2,Z,0,R,2,R,883,R,456,R,427,R,28,R,13,R,15,R,91,R,41,R,50,Z,0,Z,0,Z,0,A,,A,,2025
441760,22,-2,1,R,2144,R,995,R,1149,R,31,R,11,R,20,R,54,R,31,R,23,R,657,R,259,R,398,R,398,R,184,R,214,R,2,Z,0,R,2,R,883,R,456,R,427,R,28,R,13,R,15,R,91,R,41,R,50,Z,0,Z,0,Z,0,A,,A,,2025
441760,23,-2,1,R,1924,R,912,R,1012,R,27,R,11,R,16,R,52,R,30,R,22,R,608,R,241,R,367,R,324,R,153,R,171,R,2,Z,0,R,2,R,816,R,431,R,385,R,23,R,10,R,13,R,72,R,36,R,36,Z,0,Z,0,Z,0,A,,A,,2025
441760,24,-2,1,R,656,R,314,R,342,R,8,R,5,R,3,R,19,R,10,R,9,R,218,R,95,R,123,R,142,R,63,R,79,Z,0,Z,0,Z,0,R,239,R,127,R,112,R,3,R,1,R,2,R,27,R,13,R,14,Z,0,Z,0,Z,0,A,,A,,2025
441760,25,-2,1,R,1268,R,598,R,670,R,19,R,6,R,13,R,33,R,20,R,13,R,390,R,146,R,244,R,182,R,90,R,92,R,2,Z,0,R,2,R,577,R,304,R,273,R,20,R,9,R,11,R,45,R,23,R,22,Z,0,Z,0,Z,0,A,,A,,2025
441760,31,-2,1,R,220,R,83,R,137,R,4,Z,0,R,4,R,2,R,1,R,1,R,49,R,18,R,31,R,74,R,31,R,43,Z,0,Z,0,Z,0,R,67,R,25,R,42,R,5,R,3,R,2,R,19,R,5,R,14,Z,0,Z,0,Z,0,A,,A,,2025
441760,39,-2,1,R,329,R,133,R,196,R,3,R,1,R,2,R,7,R,3,R,4,R,109,R,37,R,72,R,42,R,17,R,25,Z,0,Z,0,Z,0,R,159,R,71,R,88,R,5,R,2,R,3,R,4,R,2,R,2,Z,0,Z,0,Z,0,A,,A,,2025
441760,40,-2,1,R,939,R,465,R,474,R,16,R,5,R,11,R,26,R,17,R,9,R,281,R,109,R,172,R,140,R,73,R,67,R,2,Z,0,R,2,R,418,R,233,R,185,R,15,R,7,R,8,R,41,R,21,R,20,Z,0,Z,0,Z,0,A,,A,,2025
441760,41,-2,999,R,4812,R,2166,R,2646,R,43,R,26,R,17,R,128,R,57,R,71,R,1266,R,488,R,778,R,1140,R,467,R,673,R,6,R,3,R,3,R,1851,R,915,R,936,R,85,R,49,R,36,R,293,R,161,R,132,Z,0,Z,0,Z,0,A,,A,,2025
441760,42,-2,1,R,4812,R,2166,R,2646,R,43,R,26,R,17,R,128,R,57,R,71,R,1266,R,488,R,778,R,1140,R,467,R,673,R,6,R,3,R,3,R,1851,R,915,R,936,R,85,R,49,R,36,R,293,R,161,R,132,Z,0,Z,0,Z,0,A,,A,,2025
441760,43,-2,1,R,2120,R,727,R,1393,R,16,R,7,R,9,R,66,R,22,R,44,R,666,R,205,R,461,R,511,R,156,R,355,R,1,R,1,Z,0,R,788,R,307,R,481,R,32,R,16,R,16,R,40,R,13,R,27,Z,0,Z,0,Z,0,A,,A,,2025
441760,44,-2,1,R,441,R,182,R,259,R,1,Z,0,R,1,R,2,R,1,R,1,R,137,R,52,R,85,R,112,R,42,R,70,Z,0,Z,0,Z,0,R,170,R,79,R,91,R,5,R,3,R,2,R,14,R,5,R,9,Z,0,Z,0,Z,0,A,,A,,2025
441760,45,-2,1,R,1679,R,545,R,1134,R,15,R,7,R,8,R,64,R,21,R,43,R,529,R,153,R,376,R,399,R,114,R,285,R,1,R,1,Z,0,R,618,R,228,R,390,R,27,R,13,R,14,R,26,R,8,R,18,Z,0,Z,0,Z,0,A,,A,,2025
441760,51,-2,1,R,2692,R,1439,R,1253,R,27,R,19,R,8,R,62,R,35,R,27,R,600,R,283,R,317,R,629,R,311,R,318,R,5,R,2,R,3,R,1063,R,608,R,455,R,53,R,33,R,20,R,253,R,148,R,105,Z,0,Z,0,Z,0,A,,A,,2025
441760,59,-2,1,R,332,R,100,R,232,Z,0,Z,0,Z,0,R,16,R,6,R,10,R,117,R,31,R,86,R,74,R,18,R,56,Z,0,Z,0,Z,0,R,120,R,41,R,79,R,3,R,3,Z,0,R,2,R,1,R,1,Z,0,Z,0,Z,0,A,,A,,2025
441760,60,-2,1,R,1347,R,445,R,902,R,15,R,7,R,8,R,48,R,15,R,33,R,412,R,122,R,290,R,325,R,96,R,229,R,1,R,1,Z,0,R,498,R,187,R,311,R,24,R,10,R,14,R,24,R,7,R,17,Z,0,Z,0,Z,0,A,,A,,2025
459949,1,1,999,R,9156,R,3353,R,5803,R,51,R,25,R,26,R,134,R,61,R,73,R,604,R,247,R,357,R,5740,R,1951,R,3789,R,16,R,8,R,8,R,2095,R,814,R,1281,R,238,R,98,R,140,R,172,R,85,R,87,R,106,R,64,R,42,R,0.0,R,9156.0,2025
459949,2,2,1,R,8045,R,3028,R,5017,R,50,R,25,R,25,R,118,R,54,R,64,R,542,R,232,R,310,R,5019,R,1755,R,3264,R,16,R,8,R,8,R,1905,R,762,R,1143,R,215,R,94,R,121,R,145,R,70,R,75,R,35,R,28,R,7,R,0.0,R,8045.0,2025
459949,3,-2,1,R,7444,R,2774,R,4670,R,48,R,23,R,25,R,113,R,54,R,59,R,520,R,225,R,295,R,4535,R,1551,R,2984,R,16,R,8,R,8,R,1861,R,738,R,1123,R,201,R,92,R,109,R,115,R,55,R,60,R,35,R,28,R,7,A,,A,,2025
459949,4,-2,1,R,1295,R,589,R,706,R,5,R,2,R,3,R,30,R,17,R,13,R,89,R,39,R,50,R,910,R,391,R,519,R,2,R,1,R,1,R,204,R,109,R,95,R,37,R,17,R,20,R,9,R,5,R,4,R,9,R,8,R,1,A,,A,,2025
459949,5,-2,1,R,6149,R,2185,R,3964,R,43,R,21,R,22,R,83,R,37,R,46,R,431,R,186,R,245,R,3625,R,1160,R,2465,R,14,R,7,R,7,R,1657,R,629,R,1028,R,164,R,75,R,89,R,106,R,50,R,56,R,26,R,20,R,6,A,,A,,2025
459949,11,-2,1,R,601,R,254,R,347,R,2,R,2,R,0,R,5,R,0,R,5,R,22,R,7,R,15,R,484,R,204,R,280,R,0,R,0,R,0,R,44,R,24,R,20,R,14,R,2,R,12,R,30,R,15,R,15,R,0,R,0,R,0,A,,A,,2025
459949,12,4,3,R,1111,R,325,R,786,R,1,R,0,R,1,R,16,R,7,R,9,R,62,R,15,R,47,R,721,R,196,R,525,R,0,R,0,R,0,R,190,R,52,R,138,R,23,R,4,R,19,R,27,R,15,R,12,R,71,R,36,R,35,R,0.0,R,1111.0,2025
459949,19,-2,1,R,1267,R,502,R,765,R,16,R,9,R,7,R,12,R,5,R,7,R,119,R,59,R,60,R,406,R,137,R,269,R,5,R,2,R,3,R,595,R,229,R,366,R,52,R,25,R,27,R,46,R,23,R,23,R,16,R,13,R,3,A,,A,,2025
459949,20,-2,1,R,4882,R,1683,R,3199,R,27,R,12,R,15,R,71,R,32,R,39,R,312,R,127,R,185,R,3219,R,1023,R,2196,R,9,R,5,R,4,R,1062,R,400,R,662,R,112,R,50,R,62,R,60,R,27,R,33,R,10,R,7,R,3,A,,A,,2025
459949,21,-2,999,R,5232,R,1964,R,3268,R,30,R,13,R,17,R,90,R,42,R,48,R,369,R,149,R,220,R,3208,R,1127,R,2081,R,10,R,4,R,6,R,1178,R,457,R,721,R,155,R,68,R,87,R,90,R,42,R,48,R,102,R,62,R,40,A,,A,,2025
459949,22,-2,1,R,4810,R,1839,R,2971,R,29,R,13,R,16,R,84,R,39,R,45,R,342,R,141,R,201,R,2983,R,1076,R,1907,R,10,R,4,R,6,R,1108,R,439,R,669,R,144,R,66,R,78,R,77,R,34,R,43,R,33,R,27,R,6,A,,A,,2025
459949,23,-2,1,R,4781,R,1819,R,2962,R,29,R,13,R,16,R,84,R,39,R,45,R,342,R,141,R,201,R,2956,R,1057,R,1899,R,10,R,4,R,6,R,1107,R,439,R,668,R,144,R,66,R,78,R,76,R,33,R,43,R,33,R,27,R,6,A,,A,,2025
459949,24,-2,1,R,1228,R,562,R,666,R,5,R,2,R,3,R,29,R,16,R,13,R,87,R,38,R,49,R,863,R,375,R,488,R,2,R,1,R,1,R,189,R,100,R,89,R,36,R,17,R,19,R,8,R,5,R,3,R,9,R,8,R,1,A,,A,,2025
459949,25,-2,1,R,3553,R,1257,R,2296,R,24,R,11,R,13,R,55,R,23,R,32,R,255,R,103,R,152,R,2093,R,682,R,1411,R,8,R,3,R,5,R,918,R,339,R,579,R,108,R,49,R,59,R,68,R,28,R,40,R,24,R,19,R,5,A,,A,,2025
459949,31,-2,1,R,29,R,20,R,9,R,0,R,0,R,0,R,0,R,0,R,0,R,0,R,0,R,0,R,27,R,19,R,8,R,0,R,0,R,0,R,1,R,0,R,1,R,0,R,0,R,0,R,1,R,1,R,0,R,0,R,0,R,0,A,,A,,2025
459949,32,-2,3,R,422,R,125,R,297,R,1,R,0,R,1,R,6,R,3,R,3,R,27,R,8,R,19,R,225,R,51,R,174,R,0,R,0,R,0,R,70,R,18,R,52,R,11,R,2,R,9,R,13,R,8,R,5,R,69,R,35,R,34,A,,A,,2025
459949,39,-2,1,R,774,R,302,R,472,R,10,R,5,R,5,R,10,R,4,R,6,R,81,R,40,R,41,R,264,R,86,R,178,R,3,R,1,R,2,R,331,R,126,R,205,R,30,R,14,R,16,R,30,R,14,R,16,R,15,R,12,R,3,A,,A,,2025
459949,40,-2,1,R,2779,R,955,R,1824,R,14,R,6,R,8,R,45,R,19,R,26,R,174,R,63,R,111,R,1829,R,596,R,1233,R,5,R,2,R,3,R,587,R,213,R,374,R,78,R,35,R,43,R,38,R,14,R,24,R,9,R,7,R,2,A,,A,,2025
459949,41,-2,999,R,3924,R,1389,R,2535,R,21,R,12,R,9,R,44,R,19,R,25,R,235,R,98,R,137,R,2532,R,824,R,1708,R,6,R,4,R,2,R,917,R,357,R,560,R,83,R,30,R,53,R,82,R,43,R,39,R,4,R,2,R,2,A,,A,,2025
459949,42,-2,1,R,3235,R,1189,R,2046,R,21,R,12,R,9,R,34,R,15,R,19,R,200,R,91,R,109,R,2036,R,679,R,1357,R,6,R,4,R,2,R,797,R,323,R,474,R,71,R,28,R,43,R,68,R,36,R,32,R,2,R,1,R,1,A,,A,,2025
459949,43,-2,1,R,2663,R,955,R,1708,R,19,R,10,R,9,R,29,R,15,R,14,R,178,R,84,R,94,R,1579,R,494,R,1085,R,6,R,4,R,2,R,754,R,299,R,455,R,57,R,26,R,31,R,39,R,22,R,17,R,2,R,1,R,1,A,,A,,2025
459949,44,-2,1,R,67,R,27,R,40,R,0,R,0,R,0,R,1,R,1,R,0,R,2,R,1,R,1,R,47,R,16,R,31,R,0,R,0,R,0,R,15,R,9,R,6,R,1,R,0,R,1,R,1,R,0,R,1,R,0,R,0,R,0,A,,A,,2025
459949,45,-2,1,R,2596,R,928,R,1668,R,19,R,10,R,9,R,28,R,14,R,14,R,176,R,83,R,93,R,1532,R,478,R,1054,R,6,R,4,R,2,R,739,R,290,R,449,R,56,R,26,R,30,R,38,R,22,R,16,R,2,R,1,R,1,A,,A,,2025
459949,51,-2,1,R,572,R,234,R,338,R,2,R,2,R,0,R,5,R,0,R,5,R,22,R,7,R,15,R,457,R,185,R,272,R,0,R,0,R,0,R,43,R,24,R,19,R,14,R,2,R,12,R,29,R,14,R,15,R,0,R,0,R,0,A,,A,,2025
459949,52,-2,3,R,689,R,200,R,489,R,0,R,0,R,0,R,10,R,4,R,6,R,35,R,7,R,28,R,496,R,145,R,351,R,0,R,0,R,0,R,120,R,34,R,86,R,12,R,2,R,10,R,14,R,7,R,7,R,2,R,1,R,1,A,,A,,2025
459949,59,-2,1,R,493,R,200,R,293,R,6,R,4,R,2,R,2,R,1,R,1,R,38,R,19,R,19,R,142,R,51,R,91,R,2,R,1,R,1,R,264,R,103,R,161,R,22,R,11,R,11,R,16,R,9,R,7,R,1,R,1,R,0,A,,A,,2025
459949,60,-2,1,R,2103,R,728,R,1375,R,13,R,6,R,7,R,26,R,13,R,13,R,138,R,64,R,74,R,1390,R,427,R,963,R,4,R,3,R,1,R,475,R,187,R,288,R,34,R,15,R,19,R,22,R,13,R,9,R,1,R,0,R,1,A,,A,,2025
483036,1,1,999,R,3286,R,1319,R,1967,R,21,R,4,R,17,R,120,R,57,R,63,R,843,R,312,R,531,R,899,R,358,R,541,R,36,R,16,R,20,R,1154,R,482,R,672,R,90,R,32,R,58,R,100,R,45,R,55,R,23,R,13,R,10,R,0.0,R,3286.0,2025
483036,2,2,1,R,2376,R,976,R,1400,R,16,R,2,R,14,R,76,R,39,R,37,R,567,R,210,R,357,R,701,R,286,R,415,R,27,R,11,R,16,R,848,R,363,R,485,R,64,R,25,R,39,R,76,R,39,R,37,R,1,R,1,Z,0,R,0.0,R,2376.0,2025
483036,3,-2,1,R,2365,R,971,R,1394,R,16,R,2,R,14,R,76,R,39,R,37,R,565,R,209,R,356,R,700,R,286,R,414,R,27,R,11,R,16,R,840,R,359,R,481,R,64,R,25,R,39,R,76,R,39,R,37,R,1,R,1,Z,0,A,,A,,2025
483036,4,-2,1,R,104,R,55,R,49,Z,0,Z,0,Z,0,R,4,R,2,R,2,R,24,R,10,R,14,R,41,R,24,R,17,R,1,R,1,Z,0,R,25,R,16,R,9,R,4,R,1,R,3,R,5,R,1,R,4,Z,0,Z,0,Z,0,A,,A,,2025
483036,5,-2,1,R,2261,R,916,R,1345,R,16,R,2,R,14,R,72,R,37,R,35,R,541,R,199,R,342,R,659,R,262,R,397,R,26,R,10,R,16,R,815,R,343,R,472,R,60,R,24,R,36,R,71,R,38,R,33,R,1,R,1,Z,0,A,,A,,2025
483036,11,-2,1,R,11,R,5,R,6,Z,0,Z,0,Z,0,Z,0,Z,0,Z,0,R,2,R,1,R,1,R,1,Z,0,R,1,Z,0,Z,0,Z,0,R,8,R,4,R,4,Z,0,Z,0,Z,0,Z,0,Z,0,Z,0,Z,0,Z,0,Z,0,A,,A,,2025
483036,12,4,3,R,910,R,343,R,567,R,5,R,2,R,3,R,44,R,18,R,26,R,276,R,102,R,174,R,198,R,72,R,126,R,9,R,5,R,4,R,306,R,119,R,187,R,26,R,7,R,19,R,24,R,6,R,18,R,22,R,12,R,10,R,0.0,R,910.0,2025
483036,19,-2,1,R,960,R,401,R,559,R,7,R,2,R,5,R,29,R,18,R,11,R,225,R,86,R,139,R,260,R,99,R,161,R,7,R,4,R,3,R,356,R,158,R,198,R,30,R,12,R,18,R,46,R,22,R,24,Z,0,Z,0,Z,0,A,,A,,2025
483036,20,-2,1,R,1301,R,515,R,786,R,9,Z,0,R,9,R,43,R,19,R,24,R,316,R,113,R,203,R,399,R,163,R,236,R,19,R,6,R,13,R,459,R,185,R,274,R,30,R,12,R,18,R,25,R,16,R,9,R,1,R,1,Z,0,A,,A,,2025
483036,21,-2,999,R,1662,R,653,R,1009,R,10,R,2,R,8,R,58,R,29,R,29,R,412,R,142,R,270,R,453,R,177,R,276,R,21,R,8,R,13,R,588,R,238,R,350,R,44,R,19,R,25,R,58,R,28,R,30,R,18,R,10,R,8,A,,A,,2025
483036,22,-2,1,R,1248,R,501,R,747,R,8,R,1,R,7,R,39,R,21,R,18,R,283,R,96,R,187,R,364,R,147,R,217,R,17,R,6,R,11,R,457,R,191,R,266,R,36,R,16,R,20,R,44,R,23,R,21,Z,0,Z,0,Z,0,A,,A,,2025
483036,23,-2,1,R,1244,R,500,R,744,R,8,R,1,R,7,R,39,R,21,R,18,R,283,R,96,R,187,R,364,R,147,R,217,R,17,R,6,R,11,R,453,R,190,R,263,R,36,R,16,R,20,R,44,R,23,R,21,Z,0,Z,0,Z,0,A,,A,,2025
483036,24,-2,1,R,72,R,39,R,33,Z,0,Z,0,Z,0,R,3,R,2,R,1,R,15,R,6,R,9,R,27,R,15,R,12,R,1,R,1,Z,0,R,19,R,13,R,6,R,4,R,1,R,3,R,3,R,1,R,2,Z,0,Z,0,Z,0,A,,A,,2025
483036,25,-2,1,R,1172,R,461,R,711,R,8,R,1,R,7,R,36,R,19,R,17,R,268,R,90,R,178,R,337,R,132,R,205,R,16,R,5,R,11,R,434,R,177,R,257,R,32,R,15,R,17,R,41,R,22,R,19,Z,0,Z,0,Z,0,A,,A,,2025
483036,31,-2,1,R,4,R,1,R,3,Z,0,Z,0,Z,0,Z,0,Z,0,Z,0,Z,0,Z,0,Z,0,Z,0,Z,0,Z,0,Z,0,Z,0,Z,0,R,4,R,1,R,3,Z,0,Z,0,Z,0,Z,0,Z,0,Z,0,Z,0,Z,0,Z,0,A,,A,,2025
483036,32,-2,3,R,414,R,152,R,262,R,2,R,1,R,1,R,19,R,8,R,11,R,129,R,46,R,83,R,89,R,30,R,59,R,4,R,2,R,2,R,131,R,47,R,84,R,8,R,3,R,5,R,14,R,5,R,9,R,18,R,10,R,8,A,,A,,2025
483036,39,-2,1,R,495,R,198,R,297,R,3,R,1,R,2,R,12,R,6,R,6,R,114,R,37,R,77,R,125,R,48,R,77,R,3,R,1,R,2,R,197,R,85,R,112,R,16,R,8,R,8,R,25,R,12,R,13,Z,0,Z,0,Z,0,A,,A,,2025
483036,40,-2,1,R,677,R,263,R,414,R,5,Z,0,R,5,R,24,R,13,R,11,R,154,R,53,R,101,R,212,R,84,R,128,R,13,R,4,R,9,R,237,R,92,R,145,R,16,R,7,R,9,R,16,R,10,R,6,Z,0,Z,0,Z,0,A,,A,,2025
483036,41,-2,999,R,1624,R,666,R,958,R,11,R,2,R,9,R,62,R,28,R,34,R,431,R,170,R,261,R,446,R,181,R,265,R,15,R,8,R,7,R,566,R,244,R,322,R,46,R,13,R,33,R,42,R,17,R,25,R,5,R,3,R,2,A,,A,,2025
483036,42,-2,1,R,1128,R,475,R,653,R,8,R,1,R,7,R,37,R,18,R,19,R,284,R,114,R,170,R,337,R,139,R,198,R,10,R,5,R,5,R,391,R,172,R,219,R,28,R,9,R,19,R,32,R,16,R,16,R,1,R,1,Z,0,A,,A,,2025
483036,43,-2,1,R,1121,R,471,R,650,R,8,R,1,R,7,R,37,R,18,R,19,R,282,R,113,R,169,R,336,R,139,R,197,R,10,R,5,R,5,R,387,R,169,R,218,R,28,R,9,R,19,R,32,R,16,R,16,R,1,R,1,Z,0,A,,A,,2025
483036,44,-2,1,R,32,R,16,R,16,Z,0,Z,0,Z,0,R,1,Z,0,R,1,R,9,R,4,R,5,R,14,R,9,R,5,Z,0,Z,0,Z,0,R,6,R,3,R,3,Z,0,Z,0,Z,0,R,2,Z,0,R,2,Z,0,Z,0,Z,0,A,,A,,2025
483036,45,-2,1,R,1089,R,455,R,634,R,8,R,1,R,7,R,36,R,18,R,18,R,273,R,109,R,164,R,322,R,130,R,192,R,10,R,5,R,5,R,381,R,166,R,215,R,28,R,9,R,19,R,30,R,16,R,14,R,1,R,1,Z,0,A,,A,,2025
483036,51,-2,1,R,7,R,4,R,3,Z,0,Z,0,Z,0,Z,0,Z,0,Z,0,R,2,R,1,R,1,R,1,Z,0,R,1,Z,0,Z,0,Z,0,R,4,R,3,R,1,Z,0,Z,0,Z,0,Z,0,Z,0,Z,0,Z,0,Z,0,Z,0,A,,A,,2025
483036,52,-2,3,R,496,R,191,R,305,R,3,R,1,R,2,R,25,R,10,R,15,R,147,R,56,R,91,R,109,R,42,R,67,R,5,R,3,R,2,R,175,R,72,R,103,R,18,R,4,R,14,R,10,R,1,R,9,R,4,R,2,R,2,A,,A,,2025
483036,59,-2,1,R,465,R,203,R,262,R,4,R,1,R,3,R,17,R,12,R,5,R,111,R,49,R,62,R,135,R,51,R,84,R,4,R,3,R,1,R,159,R,73,R,86,R,14,R,4,R,10,R,21,R,10,R,11,Z,0,Z,0,Z,0,A,,A,,2025
483036,60,-2,1,R,624,R,252,R,372,R,4,Z,0,R,4,R,19,R,6,R,13,R,162,R,60,R,102,R,187,R,79,R,108,R,6,R,2,R,4,R,222,R,93,R,129,R,14,R,5,R,9,R,9,R,6,R,3,R,1,R,1,Z,0,A,,A,,2025
484905,1,1,999,R,4290,R,1465,R,2825,R,8,R,5,R,3,R,136,R,62,R,74,R,1156,R,380,R,776,R,2110,R,659,R,1451,R,3,R,1,R,2,R,614,R,282,R,332,R,149,R,45,R,104,R,71,R,18,R,53,R,43,R,13,R,30,R,18.0,R,4272.0,2025
484905,2,2,1,R,3342,R,1137,R,2205,R,3,R,2,R,1,R,97,R,47,R,50,R,939,R,320,R,619,R,1814,R,562,R,1252,R,3,R,1,R,2,R,280,R,147,R,133,R,113,R,36,R,77,R,53,R,10,R,43,R,40,R,12,R,28,R,15.0,R,3327.0,2025
484905,3,-2,1,R,3265,R,1125,R,2140,R,3,R,2,R,1,R,97,R,47,R,50,R,935,R,320,R,615,R,1745,R,551,R,1194,R,3,R,1,R,2,R,280,R,147,R,133,R,112,R,36,R,76,R,51,R,10,R,41,R,39,R,11,R,28,A,,A,,2025
484905,4,-2,1,R,483,R,180,R,303,R,0,R,0,R,0,R,9,R,6,R,3,R,100,R,38,R,62,R,332,R,121,R,211,R,0,R,0,R,0,R,17,R,7,R,10,R,10,R,3,R,7,R,10,R,2,R,8,R,5,R,3,R,2,A,,A,,2025
484905,5,-2,1,R,2782,R,945,R,1837,R,3,R,2,R,1,R,88,R,41,R,47,R,835,R,282,R,553,R,1413,R,430,R,983,R,3,R,1,R,2,R,263,R,140,R,123,R,102,R,33,R,69,R,41,R,8,R,33,R,34,R,8,R,26,A,,A,,2025
484905,11,-2,1,R,77,R,12,R,65,R,0,R,0,R,0,R,0,R,0,R,0,R,4,R,0,R,4,R,69,R,11,R,58,R,0,R,0,R,0,R,0,R,0,R,0,R,1,R,0,R,1,R,2,R,0,R,2,R,1,R,1,R,0,A,,A,,2025
484905,12,4,3,R,948,R,328,R,620,R,5,R,3,R,2,R,39,R,15,R,24,R,217,R,60,R,157,R,296,R,97,R,199,R,0,R,0,R,0,R,334,R,135,R,199,R,36,R,9,R,27,R,18,R,8,R,10,R,3,R,1,R,2,R,3.0,R,945.0,2025
484905,19,-2,1,R,629,R,215,R,414,R,1,R,1,R,0,R,24,R,10,R,14,R,221,R,79,R,142,R,257,R,72,R,185,R,0,R,0,R,0,R,65,R,33,R,32,R,29,R,11,R,18,R,15,R,4,R,11,R,17,R,5,R,12,A,,A,,2025
484905,20,-2,1,R,2153,R,730,R,1423,R,2,R,1,R,1,R,64,R,31,R,33,R,614,R,203,R,411,R,1156,R,358,R,798,R,3,R,1,R,2,R,198,R,107,R,91,R,73,R,22,R,51,R,26,R,4,R,22,R,17,R,3,R,14,A,,A,,2025
484905,21,-2,999,R,2662,R,929,R,1733,R,6,R,4,R,2,R,91,R,41,R,50,R,668,R,242,R,426,R,1391,R,453,R,938,R,2,R,1,R,1,R,334,R,144,R,190,R,102,R,26,R,76,R,43,R,10,R,33,R,25,R,8,R,17,A,,A,,2025
484905,22,-2,1,R,2177,R,758,R,1419,R,3,R,2,R,1,R,67,R,34,R,33,R,579,R,217,R,362,R,1241,R,401,R,840,R,2,R,1,R,1,R,144,R,66,R,78,R,80,R,23,R,57,R,36,R,6,R,30,R,25,R,8,R,17,A,,A,,2025
484905,23,-2,1,R,2103,R,746,R,1357,R,3,R,2,R,1,R,67,R,34,R,33,R,575,R,217,R,358,R,1175,R,390,R,785,R,2,R,1,R,1,R,144,R,66,R,78,R,79,R,23,R,56,R,34,R,6,R,28,R,24,R,7,R,17,A,,A,,2025
484905,24,-2,1,R,421,R,155,R,266,R,0,R,0,R,0,R,8,R,5,R,3,R,89,R,36,R,53,R,289,R,104,R,185,R,0,R,0,R,0,R,13,R,4,R,9,R,9,R,2,R,7,R,10,R,2,R,8,R,3,R,2,R,1,A,,A,,2025
484905,25,-2,1,R,1682,R,591,R,1091,R,3,R,2,R,1,R,59,R,29,R,30,R,486,R,181,R,305,R,886,R,286,R,600,R,2,R,1,R,1,R,131,R,62,R,69,R,70,R,21,R,49,R,24,R,4,R,20,R,21,R,5,R,16,A,,A,,2025
484905,31,-2,1,R,74,R,12,R,62,R,0,R,0,R,0,R,0,R,0,R,0,R,4,R,0,R,4,R,66,R,11,R,55,R,0,R,0,R,0,R,0,R,0,R,0,R,1,R,0,R,1,R,2,R,0,R,2,R,1,R,1,R,0,A,,A,,2025
484905,32,-2,3,R,485,R,171,R,314,R,3,R,2,R,1,R,24,R,7,R,17,R,89,R,25,R,64,R,150,R,52,R,98,R,0,R,0,R,0,R,190,R,78,R,112,R,22,R,3,R,19,R,7,R,4,R,3,R,0,R,0,R,0,A,,A,,2025
484905,39,-2,1,R,390,R,128,R,262,R,1,R,1,R,0,R,14,R,5,R,9,R,137,R,52,R,85,R,157,R,40,R,117,R,0,R,0,R,0,R,36,R,16,R,20,R,23,R,8,R,15,R,10,R,2,R,8,R,12,R,4,R,8,A,,A,,2025
484905,40,-2,1,R,1292,R,463,R,829,R,2,R,1,R,1,R,45,R,24,R,21,R,349,R,129,R,220,R,729,R,246,R,483,R,2,R,1,R,1,R,95,R,46,R,49,R,47,R,13,R,34,R,14,R,2,R,12,R,9,R,1,R,8,A,,A,,2025
484905,41,-2,999,R,1628,R,536,R,1092,R,2,R,1,R,1,R,45,R,21,R,24,R,488,R,138,R,350,R,719,R,206,R,513,R,1,R,0,R,1,R,280,R,138,R,142,R,47,R,19,R,28,R,28,R,8,R,20,R,18,R,5,R,13,A,,A,,2025
484905,42,-2,1,R,1165,R,379,R,786,R,0,R,0,R,0,R,30,R,13,R,17,R,360,R,103,R,257,R,573,R,161,R,412,R,1,R,0,R,1,R,136,R,81,R,55,R,33,R,13,R,20,R,17,R,4,R,13,R,15,R,4,R,11,A,,A,,2025
484905,43,-2,1,R,1162,R,379,R,783,R,0,R,0,R,0,R,30,R,13,R,17,R,360,R,103,R,257,R,570,R,161,R,409,R,1,R,0,R,1,R,136,R,81,R,55,R,33,R,13,R,20,R,17,R,4,R,13,R,15,R,4,R,11,A,,A,,2025
484905,44,-2,1,R,62,R,25,R,37,R,0,R,0,R,0,R,1,R,1,R,0,R,11,R,2,R,9,R,43,R,17,R,26,R,0,R,0,R,0,R,4,R,3,R,1,R,1,R,1,R,0,R,0,R,0,R,0,R,2,R,1,R,1,A,,A,,2025
484905,45,-2,1,R,1100,R,354,R,746,R,0,R,0,R,0,R,29,R,12,R,17,R,349,R,101,R,248,R,527,R,144,R,383,R,1,R,0,R,1,R,132,R,78,R,54,R,32,R,12,R,20,R,17,R,4,R,13,R,13,R,3,R,10,A,,A,,2025
484905,51,-2,1,R,3,R,0,R,3,R,0,R,0,R,0,R,0,R,0,R,0,R,0,R,0,R,0,R,3,R,0,R,3,R,0,R,0,R,0,R,0,R,0,R,0,R,0,R,0,R,0,R,0,R,0,R,0,R,0,R,0,R,0,A,,A,,2025
484905,52,-2,3,R,463,R,157,R,306,R,2,R,1,R,1,R,15,R,8,R,7,R,128,R,35,R,93,R,146,R,45,R,101,R,0,R,0,R,0,R,144,R,57,R,87,R,14,R,6,R,8,R,11,R,4,R,7,R,3,R,1,R,2,A,,A,,2025
484905,59,-2,1,R,239,R,87,R,152,R,0,R,0,R,0,R,10,R,5,R,5,R,84,R,27,R,57,R,100,R,32,R,68,R,0,R,0,R,0,R,29,R,17,R,12,R,6,R,3,R,3,R,5,R,2,R,3,R,5,R,1,R,4,A,,A,,2025
484905,60,-2,1,R,861,R,267,R,594,R,0,R,0,R,0,R,19,R,7,R,12,R,265,R,74,R,191,R,427,R,112,R,315,R,1,R,0,R,1,R,103,R,61,R,42,R,26,R,9,R,17,R,12,R,2,R,10,R,8,R,2,R,6,A,,A,,2025
487320,1,1,999,R,15105,R,10809,R,4296,R,106,R,86,R,20,R,175,R,129,R,46,R,1230,R,857,R,373,R,8013,R,5270,R,2743,R,21,R,16,R,5,R,3766,R,2981,R,785,R,13,R,9,R,4,R,1781,R,1461,R,320,R,0,R,0,R,0,R,0.0,R,15105.0,2025
487320,2,2,1,R,15105,R,10809,R,4296,R,106,R,86,R,20,R,175,R,129,R,46,R,1230,R,857,R,373,R,8013,R,5270,R,2743,R,21,R,16,R,5,R,3766,R,2981,R,785,R,13,R,9,R,4,R,1781,R,1461,R,320,R,0,R,0,R,0,R,0.0,R,15105.0,2025
487320,3,-2,1,R,10843,R,7623,R,3220,R,66,R,54,R,12,R,112,R,82,R,30,R,914,R,634,R,280,R,5656,R,3604,R,2052,R,14,R,11,R,3,R,2954,R,2328,R,626,R,11,R,7,R,4,R,1116,R,903,R,213,R,0,R,0,R,0,A,,A,,2025
487320,4,-2,1,R,3369,R,2676,R,693,R,25,R,20,R,5,R,26,R,15,R,11,R,303,R,235,R,68,R,1724,R,1318,R,406,R,2,R,2,R,0,R,690,R,565,R,125,R,7,R,7,R,0,R,592,R,514,R,78,R,0,R,0,R,0,A,,A,,2025
487320,5,-2,1,R,7474,R,4947,R,2527,R,41,R,34,R,7,R,86,R,67,R,19,R,611,R,399,R,212,R,3932,R,2286,R,1646,R,12,R,9,R,3,R,2264,R,1763,R,501,R,4,R,0,R,4,R,524,R,389,R,135,R,0,R,0,R,0,A,,A,,2025
487320,11,-2,1,R,4262,R,3186,R,1076,R,40,R,32,R,8,R,63,R,47,R,16,R,316,R,223,R,93,R,2357,R,1666,R,691,R,7,R,5,R,2,R,812,R,653,R,159,R,2,R,2,R,0,R,665,R,558,R,107,R,0,R,0,R,0,A,,A,,2025
487320,19,-2,1,R,2140,R,1353,R,787,R,20,R,18,R,2,R,34,R,31,R,3,R,261,R,148,R,113,R,968,R,528,R,440,R,1,R,1,R,0,R,541,R,394,R,147,R,1,R,0,R,1,R,314,R,233,R,81,R,0,R,0,R,0,A,,A,,2025
487320,20,-2,1,R,5334,R,3594,R,1740,R,21,R,16,R,5,R,52,R,36,R,16,R,350,R,251,R,99,R,2964,R,1758,R,1206,R,11,R,8,R,3,R,1723,R,1369,R,354,R,3,R,0,R,3,R,210,R,156,R,54,R,0,R,0,R,0,A,,A,,2025
487320,21,-2,999,R,7433,R,6064,R,1369,R,65,R,55,R,10,R,73,R,58,R,15,R,628,R,477,R,151,R,3585,R,2828,R,757,R,11,R,11,R,0,R,2101,R,1787,R,314,R,8,R,7,R,1,R,962,R,841,R,121,R,0,R,0,R,0,A,,A,,2025
487320,22,-2,1,R,7433,R,6064,R,1369,R,65,R,55,R,10,R,73,R,58,R,15,R,628,R,477,R,151,R,3585,R,2828,R,757,R,11,R,11,R,0,R,2101,R,1787,R,314,R,8,R,7,R,1,R,962,R,841,R,121,R,0,R,0,R,0,A,,A,,2025
487320,23,-2,1,R,6070,R,4921,R,1149,R,47,R,41,R,6,R,61,R,47,R,14,R,516,R,391,R,125,R,2929,R,2294,R,635,R,8,R,8,R,0,R,1726,R,1464,R,262,R,6,R,5,R,1,R,777,R,671,R,106,R,0,R,0,R,0,A,,A,,2025
487320,24,-2,1,R,2479,R,2165,R,314,R,21,R,18,R,3,R,16,R,10,R,6,R,214,R,176,R,38,R,1182,R,1035,R,147,R,1,R,1,R,0,R,556,R,483,R,73,R,5,R,5,R,0,R,484,R,437,R,47,R,0,R,0,R,0,A,,A,,2025
487320,25,-2,1,R,3591,R,2756,R,835,R,26,R,23,R,3,R,45,R,37,R,8,R,302,R,215,R,87,R,1747,R,1259,R,488,R,7,R,7,R,0,R,1170,R,981,R,189,R,1,R,0,R,1,R,293,R,234,R,59,R,0,R,0,R,0,A,,A,,2025
487320,31,-2,1,R,1363,R,1143,R,220,R,18,R,14,R,4,R,12,R,11,R,1,R,112,R,86,R,26,R,656,R,534,R,122,R,3,R,3,R,0,R,375,R,323,R,52,R,2,R,2,R,0,R,185,R,170,R,15,R,0,R,0,R,0,A,,A,,2025
487320,39,-2,1,R,1101,R,842,R,259,R,10,R,10,R,0,R,17,R,16,R,1,R,143,R,91,R,52,R,433,R,325,R,108,R,1,R,1,R,0,R,302,R,248,R,54,R,1,R,0,R,1,R,194,R,151,R,43,R,0,R,0,R,0,A,,A,,2025
487320,40,-2,1,R,2490,R,1914,R,576,R,16,R,13,R,3,R,28,R,21,R,7,R,159,R,124,R,35,R,1314,R,934,R,380,R,6,R,6,R,0,R,868,R,733,R,135,R,0,R,0,R,0,R,99,R,83,R,16,R,0,R,0,R,0,A,,A,,2025
487320,41,-2,999,R,7672,R,4745,R,2927,R,41,R,31,R,10,R,102,R,71,R,31,R,602,R,380,R,222,R,4428,R,2442,R,1986,R,10,R,5,R,5,R,1665,R,1194,R,471,R,5,R,2,R,3,R,819,R,620,R,199,R,0,R,0,R,0,A,,A,,2025
487320,42,-2,1,R,7672,R,4745,R,2927,R,41,R,31,R,10,R,102,R,71,R,31,R,602,R,380,R,222,R,4428,R,2442,R,1986,R,10,R,5,R,5,R,1665,R,1194,R,471,R,5,R,2,R,3,R,819,R,620,R,199,R,0,R,0,R,0,A,,A,,2025
487320,43,-2,1,R,4773,R,2702,R,2071,R,19,R,13,R,6,R,51,R,35,R,16,R,398,R,243,R,155,R,2727,R,1310,R,1417,R,6,R,3,R,3,R,1228,R,864,R,364,R,5,R,2,R,3,R,339,R,232,R,107,R,0,R,0,R,0,A,,A,,2025
487320,44,-2,1,R,890,R,511,R,379,R,4,R,2,R,2,R,10,R,5,R,5,R,89,R,59,R,30,R,542,R,283,R,259,R,1,R,1,R,0,R,134,R,82,R,52,R,2,R,2,R,0,R,108,R,77,R,31,R,0,R,0,R,0,A,,A,,2025
487320,45,-2,1,R,3883,R,2191,R,1692,R,15,R,11,R,4,R,41,R,30,R,11,R,309,R,184,R,125,R,2185,R,1027,R,1158,R,5,R,2,R,3,R,1094,R,782,R,312,R,3,R,0,R,3,R,231,R,155,R,76,R,0,R,0,R,0,A,,A,,2025
487320,51,-2,1,R,2899,R,2043,R,856,R,22,R,18,R,4,R,51,R,36,R,15,R,204,R,137,R,67,R,1701,R,1132,R,569,R,4,R,2,R,2,R,437,R,330,R,107,R,0,R,0,R,0,R,480,R,388,R,92,R,0,R,0,R,0,A,,A,,2025
487320,59,-2,1,R,1039,R,511,R,528,R,10,R,8,R,2,R,17,R,15,R,2,R,118,R,57,R,61,R,535,R,203,R,332,R,0,R,0,R,0,R,239,R,146,R,93,R,0,R,0,R,0,R,120,R,82,R,38,R,0,R,0,R,0,A,,A,,2025
487320,60,-2,1,R,2844,R,1680,R,1164,R,5,R,3,R,2,R,24,R,15,R,9,R,191,R,127,R,64,R,1650,R,824,R,826,R,5,R,2,R,3,R,855,R,636,R,219,R,3,R,0,R,3,R,111,R,73,R,38,R,0,R,0,R,0,A,,A,,2025
488730,1,1,999,R,13544,R,5702,R,7842,R,28,R,14,R,14,R,382,R,169,R,213,R,1345,R,593,R,752,R,7591,R,3105,R,4486,R,27,R,11,R,16,R,3280,R,1416,R,1864,R,696,R,310,R,386,R,193,R,84,R,109,R,2,R,0,R,2,R,0.0,R,13544.0,2025
488730,2,2,1,R,13544,R,5702,R,7842,R,28,R,14,R,14,R,382,R,169,R,213,R,1345,R,593,R,752,R,7591,R,3105,R,4486,R,27,R,11,R,16,R,3280,R,1416,R,1864,R,696,R,310,R,386,R,193,R,84,R,109,R,2,R,0,R,2,R,0.0,R,13544.0,2025
488730,3,-2,1,R,10336,R,4369,R,5967,R,23,R,12,R,11,R,296,R,128,R,168,R,1110,R,505,R,605,R,6115,R,2517,R,3598,R,20,R,7,R,13,R,2165,R,931,R,1234,R,532,R,242,R,290,R,73,R,27,R,46,R,2,R,0,R,2,A,,A,,2025
488730,4,-2,1,R,2312,R,1038,R,1274,R,8,R,3,R,5,R,82,R,37,R,45,R,225,R,102,R,123,R,1309,R,586,R,723,R,5,R,0,R,5,R,529,R,244,R,285,R,130,R,59,R,71,R,24,R,7,R,17,R,0,R,0,R,0,A,,A,,2025
488730,5,-2,1,R,8024,R,3331,R,4693,R,15,R,9,R,6,R,214,R,91,R,123,R,885,R,403,R,482,R,4806,R,1931,R,2875,R,15,R,7,R,8,R,1636,R,687,R,949,R,402,R,183,R,219,R,49,R,20,R,29,R,2,R,0,R,2,A,,A,,2025
488730,11,-2,1,R,3208,R,1333,R,1875,R,5,R,2,R,3,R,86,R,41,R,45,R,235,R,88,R,147,R,1476,R,588,R,888,R,7,R,4,R,3,R,1115,R,485,R,630,R,164,R,68,R,96,R,120,R,57,R,63,R,0,R,0,R,0,A,,A,,2025
488730,19,-2,1,R,1072,R,438,R,634,R,1,R,1,R,0,R,29,R,8,R,21,R,145,R,71,R,74,R,584,R,229,R,355,R,2,R,1,R,1,R,246,R,100,R,146,R,54,R,24,R,30,R,11,R,4,R,7,R,0,R,0,R,0,A,,A,,2025
488730,20,-2,1,R,6952,R,2893,R,4059,R,14,R,8,R,6,R,185,R,83,R,102,R,740,R,332,R,408,R,4222,R,1702,R,2520,R,13,R,6,R,7,R,1390,R,587,R,803,R,348,R,159,R,189,R,38,R,16,R,22,R,2,R,0,R,2,A,,A,,2025
488730,21,-2,999,R,2124,R,998,R,1126,R,6,R,1,R,5,R,70,R,35,R,35,R,216,R,111,R,105,R,1139,R,517,R,622,R,6,R,3,R,3,R,541,R,257,R,284,R,125,R,67,R,58,R,21,R,7,R,14,R,0,R,0,R,0,A,,A,,2025
488730,22,-2,1,R,2124,R,998,R,1126,R,6,R,1,R,5,R,70,R,35,R,35,R,216,R,111,R,105,R,1139,R,517,R,622,R,6,R,3,R,3,R,541,R,257,R,284,R,125,R,67,R,58,R,21,R,7,R,14,R,0,R,0,R,0,A,,A,,2025
488730,23,-2,1,R,1828,R,881,R,947,R,5,R,0,R,5,R,58,R,28,R,30,R,188,R,100,R,88,R,998,R,468,R,530,R,4,R,1,R,3,R,445,R,216,R,229,R,113,R,62,R,51,R,17,R,6,R,11,R,0,R,0,R,0,A,,A,,2025
488730,24,-2,1,R,878,R,419,R,459,R,4,R,0,R,4,R,36,R,20,R,16,R,72,R,31,R,41,R,470,R,224,R,246,R,2,R,0,R,2,R,223,R,106,R,117,R,61,R,34,R,27,R,10,R,4,R,6,R,0,R,0,R,0,A,,A,,2025
488730,25,-2,1,R,950,R,462,R,488,R,1,R,0,R,1,R,22,R,8,R,14,R,116,R,69,R,47,R,528,R,244,R,284,R,2,R,1,R,1,R,222,R,110,R,112,R,52,R,28,R,24,R,7,R,2,R,5,R,0,R,0,R,0,A,,A,,2025
488730,31,-2,1,R,296,R,117,R,179,R,1,R,1,R,0,R,12,R,7,R,5,R,28,R,11,R,17,R,141,R,49,R,92,R,2,R,2,R,0,R,96,R,41,R,55,R,12,R,5,R,7,R,4,R,1,R,3,R,0,R,0,R,0,A,,A,,2025
488730,39,-2,1,R,100,R,57,R,43,R,0,R,0,R,0,R,2,R,0,R,2,R,16,R,12,R,4,R,46,R,26,R,20,R,0,R,0,R,0,R,30,R,17,R,13,R,6,R,2,R,4,R,0,R,0,R,0,R,0,R,0,R,0,A,,A,,2025
488730,40,-2,1,R,850,R,405,R,445,R,1,R,0,R,1,R,20,R,8,R,12,R,100,R,57,R,43,R,482,R,218,R,264,R,2,R,1,R,1,R,192,R,93,R,99,R,46,R,26,R,20,R,7,R,2,R,5,R,0,R,0,R,0,A,,A,,2025
488730,41,-2,999,R,11420,R,4704,R,6716,R,22,R,13,R,9,R,312,R,134,R,178,R,1129,R,482,R,647,R,6452,R,2588,R,3864,R,21,R,8,R,13,R,2739,R,1159,R,1580,R,571,R,243,R,328,R,172,R,77,R,95,R,2,R,0,R,2,A,,A,,2025
488730,42,-2,1,R,11420,R,4704,R,6716,R,22,R,13,R,9,R,312,R,134,R,178,R,1129,R,482,R,647,R,6452,R,2588,R,3864,R,21,R,8,R,13,R,2739,R,1159,R,1580,R,571,R,243,R,328,R,172,R,77,R,95,R,2,R,0,R,2,A,,A,,2025
488730,43,-2,1,R,8508,R,3488,R,5020,R,18,R,12,R,6,R,238,R,100,R,138,R,922,R,405,R,517,R,5117,R,2049,R,3068,R,16,R,6,R,10,R,1720,R,715,R,1005,R,419,R,180,R,239,R,56,R,21,R,35,R,2,R,0,R,2,A,,A,,2025
488730,44,-2,1,R,1434,R,619,R,815,R,4,R,3,R,1,R,46,R,17,R,29,R,153,R,71,R,82,R,839,R,362,R,477,R,3,R,0,R,3,R,306,R,138,R,168,R,69,R,25,R,44,R,14,R,3,R,11,R,0,R,0,R,0,A,,A,,2025
488730,45,-2,1,R,7074,R,2869,R,4205,R,14,R,9,R,5,R,192,R,83,R,109,R,769,R,334,R,435,R,4278,R,1687,R,2591,R,13,R,6,R,7,R,1414,R,577,R,837,R,350,R,155,R,195,R,42,R,18,R,24,R,2,R,0,R,2,A,,A,,2025
488730,51,-2,1,R,2912,R,1216,R,1696,R,4,R,1,R,3,R,74,R,34,R,40,R,207,R,77,R,130,R,1335,R,539,R,796,R,5,R,2,R,3,R,1019,R,444,R,575,R,152,R,63,R,89,R,116,R,56,R,60,R,0,R,0,R,0,A,,A,,2025
488730,59,-2,1,R,972,R,381,R,591,R,1,R,1,R,0,R,27,R,8,R,19,R,129,R,59,R,70,R,538,R,203,R,335,R,2,R,1,R,1,R,216,R,83,R,133,R,48,R,22,R,26,R,11,R,4,R,7,R,0,R,0,R,0,A,,A,,2025
488730,60,-2,1,R,6102,R,2488,R,3614,R,13,R,8,R,5,R,165,R,75,R,90,R,640,R,275,R,365,R,3740,R,1484,R,2256,R,11,R,5,R,6,R,1198,R,494,R,704,R,302,R,133,R,169,R,31,R,14,R,17,R,2,R,0,R,2,A,,A,,2025
492689,1,1,999,R,1158,R,418,R,740,R,1,R,0,R,1,R,221,R,104,R,117,R,50,R,15,R,35,R,602,R,168,R,434,R,1,R,0,R,1,R,216,R,109,R,107,R,25,R,8,R,17,R,41,R,14,R,27,R,1,R,0,R,1,R,0.0,R,1158.0,2025
492689,2,2,1,R,371,R,60,R,311,R,0,R,0,R,0,R,3,R,1,R,2,R,7,R,2,R,5,R,325,R,51,R,274,R,1,R,0,R,1,R,12,R,0,R,12,R,3,R,1,R,2,R,20,R,5,R,15,R,0,R,0,R,0,R,0.0,R,371.0,2025
492689,3,-2,1,R,371,R,60,R,311,R,0,R,0,R,0,R,3,R,1,R,2,R,7,R,2,R,5,R,325,R,51,R,274,R,1,R,0,R,1,R,12,R,0,R,12,R,3,R,1,R,2,R,20,R,5,R,15,R,0,R,0,R,0,A,,A,,2025
492689,5,-2,1,R,371,R,60,R,311,R,0,R,0,R,0,R,3,R,1,R,2,R,7,R,2,R,5,R,325,R,51,R,274,R,1,R,0,R,1,R,12,R,0,R,12,R,3,R,1,R,2,R,20,R,5,R,15,R,0,R,0,R,0,A,,A,,2025
492689,12,4,3,R,787,R,358,R,429,R,1,R,0,R,1,R,218,R,103,R,115,R,43,R,13,R,30,R,277,R,117,R,160,R,0,R,0,R,0,R,204,R,109,R,95,R,22,R,7,R,15,R,21,R,9,R,12,R,1,R,0,R,1,R,0.0,R,787.0,2025
492689,19,-2,1,R,182,R,33,R,149,R,0,R,0,R,0,R,2,R,1,R,1,R,2,R,1,R,1,R,156,R,26,R,130,R,1,R,0,R,1,R,5,R,0,R,5,R,2,R,1,R,1,R,14,R,4,R,10,R,0,R,0,R,0,A,,A,,2025
492689,20,-2,1,R,189,R,27,R,162,R,0,R,0,R,0,R,1,R,0,R,1,R,5,R,1,R,4,R,169,R,25,R,144,R,0,R,0,R,0,R,7,R,0,R,7,R,1,R,0,R,1,R,6,R,1,R,5,R,0,R,0,R,0,A,,A,,2025
492689,21,-2,999,R,1109,R,404,R,705,R,1,R,0,R,1,R,221,R,104,R,117,R,50,R,15,R,35,R,556,R,154,R,402,R,0,R,0,R,0,R,215,R,109,R,106,R,24,R,8,R,16,R,41,R,14,R,27,R,1,R,0,R,1,A,,A,,2025
492689,22,-2,1,R,340,R,54,R,286,R,0,R,0,R,0,R,3,R,1,R,2,R,7,R,2,R,5,R,296,R,45,R,251,R,0,R,0,R,0,R,12,R,0,R,12,R,2,R,1,R,1,R,20,R,5,R,15,R,0,R,0,R,0,A,,A,,2025
492689,23,-2,1,R,340,R,54,R,286,R,0,R,0,R,0,R,3,R,1,R,2,R,7,R,2,R,5,R,296,R,45,R,251,R,0,R,0,R,0,R,12,R,0,R,12,R,2,R,1,R,1,R,20,R,5,R,15,R,0,R,0,R,0,A,,A,,2025
492689,25,-2,1,R,340,R,54,R,286,R,0,R,0,R,0,R,3,R,1,R,2,R,7,R,2,R,5,R,296,R,45,R,251,R,0,R,0,R,0,R,12,R,0,R,12,R,2,R,1,R,1,R,20,R,5,R,15,R,0,R,0,R,0,A,,A,,2025
492689,32,-2,3,R,769,R,350,R,419,R,1,R,0,R,1,R,218,R,103,R,115,R,43,R,13,R,30,R,260,R,109,R,151,R,0,R,0,R,0,R,203,R,109,R,94,R,22,R,7,R,15,R,21,R,9,R,12,R,1,R,0,R,1,A,,A,,2025
492689,39,-2,1,R,176,R,32,R,144,R,0,R,0,R,0,R,2,R,1,R,1,R,2,R,1,R,1,R,151,R,25,R,126,R,0,R,0,R,0,R,5,R,0,R,5,R,2,R,1,R,1,R,14,R,4,R,10,R,0,R,0,R,0,A,,A,,2025
492689,40,-2,1,R,164,R,22,R,142,R,0,R,0,R,0,R,1,R,0,R,1,R,5,R,1,R,4,R,145,R,20,R,125,R,0,R,0,R,0,R,7,R,0,R,7,R,0,R,0,R,0,R,6,R,1,R,5,R,0,R,0,R,0,A,,A,,2025
492689,41,-2,999,R,49,R,14,R,35,R,0,R,0,R,0,R,0,R,0,R,0,R,0,R,0,R,0,R,46,R,14,R,32,R,1,R,0,R,1,R,1,R,0,R,1,R,1,R,0,R,1,R,0,R,0,R,0,R,0,R,0,R,0,A,,A,,2025
492689,42,-2,1,R,31,R,6,R,25,R,0,R,0,R,0,R,0,R,0,R,0,R,0,R,0,R,0,R,29,R,6,R,23,R,1,R,0,R,1,R,0,R,0,R,0,R,1,R,0,R,1,R,0,R,0,R,0,R,0,R,0,R,0,A,,A,,2025
492689,43,-2,1,R,31,R,6,R,25,R,0,R,0,R,0,R,0,R,0,R,0,R,0,R,0,R,0,R,29,R,6,R,23,R,1,R,0,R,1,R,0,R,0,R,0,R,1,R,0,R,1,R,0,R,0,R,0,R,0,R,0,R,0,A,,A,,2025
492689,45,-2,1,R,31,R,6,R,25,R,0,R,0,R,0,R,0,R,0,R,0,R,0,R,0,R,0,R,29,R,6,R,23,R,1,R,0,R,1,R,0,R,0,R,0,R,1,R,0,R,1,R,0,R,0,R,0,R,0,R,0,R,0,A,,A,,2025
492689,52,-2,3,R,18,R,8,R,10,R,0,R,0,R,0,R,0,R,0,R,0,R,0,R,0,R,0,R,17,R,8,R,9,R,0,R,0,R,0,R,1,R,0,R,1,R,0,R,0,R,0,R,0,R,0,R,0,R,0,R,0,R,0,A,,A,,2025
492689,59,-2,1,R,6,R,1,R,5,R,0,R,0,R,0,R,0,R,0,R,0,R,0,R,0,R,0,R,5,R,1,R,4,R,1,R,0,R,1,R,0,R,0,R,0,R,0,R,0,R,0,R,0,R,0,R,0,R,0,R,0,R,0,A,,A,,2025
492689,60,-2,1,R,25,R,5,R,20,R,0,R,0,R,0,R,0,R,0,R,0,R,0,R,0,R,0,R,24,R,5,R,19,R,0,R,0,R,0,R,0,R,0,R,0,R,1,R,0,R,1,R,0,R,0,R,0,R,0,R,0,R,0,A,,A,,2025
